# vtk DataFile Version 2.0
spinal_surface_reduced, Created by Gmsh 4.12.1 
ASCII
DATASET UNSTRUCTURED_GRID
POINTS 1637 double
30 -175 -20
28.423086166382 -175 -1.402126312256
28.964691162109 -175 0.489600807428
29.145317077637 -175 9.953137397766
27.141609191895 -180 -11.48491096496
30 -180 -20
28.554693222046 -180 -11.18804645538
26.022878646851 -180 -10.58475208282
28.846969604492 -180 -8.998141288756999
-30 -180 5
-28.70891571044 -180 0.961016833782
-26.98129844665 -180 1.562117934227
-28.99980926513 -180 -0.446164160967
-27.54685592651 -175 8.354683876037999
-26.15076255798 -175 0.889074683189
-28.9646911621 -175 9.51039981842
-28.42308616638 -175 1.402126312256
-28.9646911621 -175 -0.489600807428
-30 -175 20
-30 -175 -20
-28.25568008422 -175 -8.602584838866999
-29.07159805297 -175 -10.23216342926
-26.56778335571 -175 -8.743236541748001
-25.95166015625 -175 -10.46209907531
-27.54685592651 175 -8.354683876037999
-26.36370658874 175 -1.075791239738
-28.9646911621 175 -9.51039981842
-28.42308616638 175 -1.402126312256
-26.00019264221 175 0.446164608002
-25.94378280639 175 -9.680624008179
-25 175 20
30 180 20
26.022878646851 180 10.584752082825
-9.367506770274999e-14 180 0
27.141609191895 180 11.484910964966
26.536205291748 180 8.703082084656
26.981298446655 180 1.562117934227
28.554693222046 180 11.188046455383
30 175 20
28.423086166382 175 1.402126312256
28.964691162109 175 -0.489600807428
29.145317077637 175 -9.953137397766
25 -175 20
30 -180 20
30 -175 20
-3.816391985962e-14 -180 20
25 -169 20
25 -175 -20
25 -169 -20
25 10.45219039917 30.452850341797
25 7.468517303467 46.809749603271
25 1 20
24.998025894165 10.880330085754 20.048191070557
-25 144.39750671386 70
-25 169 70
-25 169 20
-25.07037734985 150.77854919433 20
-25 51.54780960083 30.452850341797
-25 54.531490325928 46.809768676758
-25 61 20
-25 51 20
-25 11.54780960083 30.452850341797
-25 14.531476020813 46.809719085693
-25 21 20
-24.99792861938 11.119674682617 20.048191070557
25 -155.8624420166 56.747009277344
25 -162.3975067138 70
25 -169 70
25 -159 20
25 -122.3974990844 70
25 -135.6024932861 70
25 -142.8032226562 55.012794494629
25 -129 20
-25 -81.86862182617 69.926467895508
-25 -72.05094146728 45.016319274902
-25 -79 20
-25 -89 20
34.639068603516 -109.8294067382 20
25 -109 20
25 -119 20
44.86302947998 -116.6579589843 20
45 -113.1742019653 20
45 -116.2842025756 -20
44.901508331299 -112.8894577026 -20
34.639011383057 -159.8293914794 20
45 -163.1741943359 20
45 -169 20
45 -169 -20
44.901512145996 -162.8894500732 -20
34.639785766602 -149.829498291 20
25 -149 20
44.863025665283 -156.6579437255 20
45 -153.1741943359 20
45 -156.2841949462 -20
44.901470184326 -152.889389038 -20
34.639011383057 -139.8293914794 20
25 -139 20
44.863025665283 -146.6579437255 20
45 -143.1741943359 20
45 -146.2841949462 -20
44.901512145996 -142.8894500732 -20
34.639011383057 -129.8293914794 20
44.863025665283 -136.6579437255 20
45 -133.1741943359 20
45 -136.2841949462 -20
44.901512145996 -132.8894500732 -20
-35.83419036865 -150.0787811279 20
-45 -153.1741943359 20
-45 -156.2841949462 20
-35.09178161621 -158.3179016113 20
-24.99792861938 -148.8803405761 20.048189163208
-25 -159 20
-45 -156.2841949462 -20
-35.83340454101 -140.0786743164 20
-45 -143.1741943359 20
-45 -146.2841949462 20
-35.09178161621 -148.3179016113 20
-25 -139 20
-45 -146.2841949462 -20
-35.83340454101 -130.0786743164 20
-45 -133.1741943359 20
-45 -136.2841949462 20
-35.09178161621 -138.3179016113 20
-25.0703754425 -129.2214660644 20
-45 -136.2841949462 -20
29.391973495483 90.95426940918 -20
44.901481628418 97.110557556152 -20
45 93.71584320068401 -20
29.391613006592 100.95427703857 -20
44.901466369629 107.1106185913 -20
45 103.71579742431 -20
29.391565322876 110.95427703857 -20
29.391990661621 50.95426940918 -20
44.901489257812 57.110546112061 -20
45 53.715839385986 -20
29.391990661621 60.95426940918 -20
44.901485443115 67.110542297363 -20
45 63.715839385986 -20
29.391973495483 70.95426940918 -20
45 169 -20
29.391595840454 150.95428466796 -20
25 169 -20
45 153.71580505371 -20
-25 169 -20
29.391687393188 140.95428466796 -20
44.901470184326 147.11061096191 -20
45 143.71580505371 -20
-29.79430961608 150.90565490722 -20
29.391595840454 130.95428466796 -20
44.901512145996 137.11054992675 -20
45 133.71580505371 -20
-29.79437065124 140.90565490722 -20
29.391677856445 120.95428466796 -20
44.901447296143 127.11055755615 -20
45 123.71579742431 -20
-29.79430961608 130.90565490722 -20
44.901508331299 117.11054229736 -20
45 113.71579742431 -20
-29.79431533813 120.90565490722 -20
29.391973495483 80.95426940918 -20
44.901485443115 87.110549926758 -20
45 83.71584320068401 -20
-29.79469490051 90.905647277832 -20
44.901485443115 77.110549926758 -20
45 73.71584320068401 -20
-29.79469490051 80.905647277832 -20
29.391990661621 40.95426940918 -20
44.901489257812 47.110546112061 -20
45 43.715839385986 -20
-29.7947101593 50.905647277832 -20
29.391988754272 30.95426940918 -20
44.901485443115 37.110546112061 -20
45 33.715839385986 -20
-29.7947063446 40.905647277832 -20
29.391988754272 20.95426940918 -20
44.901485443115 27.110546112061 -20
45 23.715839385986 -20
-29.7947025299 30.905647277832 -20
29.391984939575 10.95426940918 -20
44.901485443115 17.110546112061 -20
45 13.715840339661 -20
-29.7947063446 20.905647277832 -20
29.391986846924 0.954269886017 -20
44.901485443115 7.110541820526 -20
45 3.715838909149 -20
-29.79470443725 10.905647277832 -20
29.391983032227 -9.04573059082 -20
44.901485443115 -2.88945889473 -20
45 -6.284161090851 -20
-29.7947025299 0.905647695065 -20
29.391984939575 -19.04573249816 -20
44.901489257812 -12.88945674896 -20
45 -16.28416061401 -20
-29.7947025299 -9.094352722168001 -20
29.391988754272 -29.04573249816 -20
44.901485443115 -22.88945579528 -20
45 -26.28416061401 -20
-29.79470443725 -19.09435462951 -20
29.391990661621 -39.04573059082 -20
44.901485443115 -32.88945770263 -20
45 -36.28416061401 -20
-29.7947063446 -29.09435272216 -20
29.391986846924 -49.04573059082 -20
44.901485443115 -42.88945770263 -20
45 -46.28416061401 -20
-29.79471206665 -39.09435272216 -20
29.391986846924 -59.04573059082 -20
44.901485443115 -52.88945388793 -20
45 -56.28416061401 -20
-29.79471206665 -49.09435272216 -20
29.391958236694 -69.04573059082 -20
44.901485443115 -62.88945388793 -20
45 -66.28415679931 -20
-29.79471206665 -59.09435272216 -20
29.391958236694 -79.04573059082 -20
44.901485443115 -72.88946533203 -20
45 -76.28415679931 -20
-29.79470825195 -69.09435272216 -20
29.39196395874 -89.04573059082 -20
44.901485443115 -82.88945770263 -20
45 -86.28415679931 -20
-29.79470825195 -79.09435272216 -20
29.39190864563 -99.04573059082 -20
44.901485443115 -92.88945770263 -20
45 -96.28415679931 -20
-29.79470443725 -89.09435272216 -20
29.391695022583 -109.0457229614 -20
44.901473999023 -102.8893966674 -20
45 -106.2842025756 -20
-29.79467201232 -99.09435272216 -20
29.391695022583 -119.0457229614 -20
-29.79430580139 -109.0943527221 -20
29.391723632812 -129.0457305908 -20
44.901508331299 -122.8894577026 -20
45 -126.2842025756 -20
-29.79430580139 -119.0943527221 -20
29.391725540161 -139.0457305908 -20
-29.79434394836 -129.0943450927 -20
29.391595840454 -149.0457305908 -20
-29.79437446594 -139.0943450927 -20
29.391725540161 -159.0457305908 -20
-29.79431343078 -149.0943603515 -20
-29.79437446594 -159.0943450927 -20
-25 -169 -20
-25 -175 -20
-30 -180 -20
-44.84556579589 -152.7277832031 -20
-44.84563064575 -142.7278900146 -20
-44.84563064575 -132.7278900146 -20
-44.84562683105 -122.7278900146 -20
-45 -126.2842025756 -20
-44.84562683105 -112.7278900146 -20
-45 -116.2842025756 -20
-44.84556961059 -102.7277984619 -20
-45 -106.2842025756 -20
-44.84558868408 -92.72787475585 -20
-45 -96.28415679931 -20
-44.84558868408 -82.72787475585 -20
-45 -86.28415679931 -20
-44.84558868408 -72.72787475585 -20
-45 -76.28415679931 -20
-44.84559249877 -62.72787475585 -20
-45 -66.28415679931 -20
-44.84559249877 -52.72787475585 -20
-45 -56.28416061401 -20
-44.84559249877 -42.72787094116 -20
-45 -46.28416061401 -20
-44.84559249877 -32.72787094116 -20
-45 -36.28416061401 -20
-44.84559249877 -22.72787284851 -20
-45 -26.28416061401 -20
-44.84559249877 -12.72787189483 -20
-45 -16.28416061401 -20
-44.84559249877 -2.727874040604 -20
-45 -6.284161090851 -20
-44.84559249877 7.272126197815 -20
-45 3.715838909149 -20
-44.84559249877 17.272129058838 -20
-45 13.715840339661 -20
-44.84559249877 27.272129058838 -20
-45 23.715839385986 -20
-44.84559249877 37.272132873535 -20
-45 33.715839385986 -20
-44.84559249877 47.272129058838 -20
-45 43.715839385986 -20
-29.7947101593 60.905647277832 -20
-44.84559249877 57.272129058838 -20
-45 53.715839385986 -20
-29.79469490051 70.905647277832 -20
-44.84558868408 67.272132873535 -20
-45 63.715839385986 -20
-44.84558868408 77.272132873535 -20
-45 73.71584320068401 -20
-44.84559249877 87.272132873535 -20
-45 83.71584320068401 -20
-29.79429626464 100.90565490722 -20
-44.84558105468 97.27214813232401 -20
-45 93.71584320068401 -20
-29.79426574707 110.90564727783 -20
-44.8455581665 107.27222442627 -20
-45 103.71579742431 -20
-44.84562683105 117.27210998535 -20
-45 113.71579742431 -20
-44.84553146362 127.2721710205 -20
-45 123.71579742431 -20
-44.84563064575 137.27210998535 -20
-45 133.71580505371 -20
-44.84556579589 147.27221679687 -20
-45 143.71580505371 -20
-45 153.71580505371 -20
-45 169 -20
-9.367506770274999e-14 180 -20
-25 175 -20
-30 175 -20
-30 180 -20
25 175 -20
30 180 -20
30 175 -20
-44.84563064575 -162.7278900146 -20
-45 -169 -20
-45 -123.1742019653 20
-35.83346176147 -120.0786895751 20
-45 -126.2842025756 20
-25 -119 20
-45 -113.1742019653 20
-35.83346176147 -110.0786895751 20
-45 -116.2842025756 20
-35.09178161621 -118.3179016113 20
-25 -109 20
-45 -103.1742019653 20
-35.83402252197 -100.0787277221 20
-45 -106.2842025756 20
-35.09178161621 -108.3179016113 20
-25 -99 20
-45 -93.1742401123 20
-35.83369064331 -90.07868957519 20
-45 -96.28415679931 20
-35.09178161621 -98.3179397583 20
-45 -83.1742401123 20
-35.83369064331 -80.07868957519 20
-45 -86.28415679931 20
-35.09178161621 -88.3179397583 20
-45 -73.17424774169 20
-35.83370971679 -70.07868957519 20
-45 -76.28415679931 20
-35.09178161621 -78.3179397583 20
-24.99792861938 -68.88032531738 20.048191070557
-45 -63.1742401123 20
-35.83368682861 -60.07868576049 20
-45 -66.28415679931 20
-35.09178161621 -68.3179397583 20
-25 -59 20
-45 -53.1742401123 20
-35.83368682861 -50.07868576049 20
-45 -56.28416061401 20
-35.09178161621 -58.3179397583 20
-25 -49 20
-45 -43.1742401123 20
-35.83367538452 -40.0786819458 20
-45 -46.28416061401 20
-35.09178161621 -48.3179397583 20
-25 -39 20
-45 -33.1742401123 20
-35.83368301391 -30.0786819458 20
-45 -36.28416061401 20
-35.09178161621 -38.3179397583 20
-25 -29 20
-45 -23.1742401123 20
-35.83368682861 -20.07868385314 20
-45 -26.28416061401 20
-35.09178161621 -28.3179397583 20
-25 -19 20
-45 -13.1742401123 20
-35.83368301391 -10.0786819458 20
-45 -16.28416061401 20
-35.09178161621 -18.3179397583 20
-25.07038497924 -9.221472740173001 20
-45 -3.174242973328 20
-35.83367919921 -0.07868175953627 20
-45 -6.284161090851 20
-25 1 20
-45 6.825757026672 20
-35.83368301391 9.921316146851 20
-45 3.715838909149 20
-35.09178161621 1.682060956955 20
-45 16.825759887695 20
-35.83368682861 19.921318054199 20
-45 13.715840339661 20
-35.09178161621 11.682060241699 20
-45 26.825759887695 20
-35.83368682861 29.921318054199 20
-45 23.715839385986 20
-35.09178161621 21.682060241699 20
-25.07038497924 30.778528213501 20
-45 36.825759887695 20
-35.83368682861 39.921318054199 20
-45 33.715839385986 20
-25 41 20
-45 46.825759887695 20
-35.8336982727 49.921314239502 20
-45 43.715839385986 20
-35.09178161621 41.682060241699 20
-45 56.825759887695 20
-35.8336982727 59.921314239502 20
-45 53.715839385986 20
-35.09178161621 51.682060241699 20
-45 66.82575225830099 20
-35.83373641967 69.921310424805 20
-45 63.715839385986 20
-35.09178161621 61.682060241699 20
-25 71 20
-45 76.825759887695 20
-35.8337020874 79.921310424805 20
-45 73.71584320068401 20
-35.09178161621 71.68206024169901 20
-25 81 20
-45 86.825759887695 20
-35.83371734619 89.921310424805 20
-45 83.71584320068401 20
-35.09178161621 81.68206024169901 20
-24.99792861938 91.119674682617 20.048191070557
-45 96.825759887695 20
-35.83393859863 99.92124176025401 20
-45 93.71584320068401 20
-35.09178161621 91.68206024169901 20
-25 101 20
-45 106.82579803466 20
-35.83423995971 109.92121124267 20
-45 103.71579742431 20
-35.09178161621 101.68209838867 20
-25.07037734985 110.77854919433 20
-45 116.82579803466 20
-35.83343505859 119.92131805419 20
-45 113.71579742431 20
-25 121 20
-45 126.82569885253 20
-35.83446121215 129.9211730957 20
-45 123.71579742431 20
-35.09178161621 121.68209838867 20
-25 131 20
-45 136.82580566406 20
-35.83335876464 139.92134094238 20
-45 133.71580505371 20
-35.09178161621 131.68209838867 20
-25 141 20
-45 146.82580566406 20
-35.83416748046 149.92123413085 20
-45 143.71580505371 20
-35.09178161621 141.68209838867 20
-45 169 20
-45 153.71580505371 20
45 -123.1742019653 20
44.86302947998 -126.6579589843 20
34.639068603516 -119.8294067382 20
45 -103.1742019653 20
44.86302947998 -106.6579589843 20
34.639591217041 -99.82943725585 20
25 -99 20
45 -93.1742401123 20
44.8630027771 -96.65794372558 20
34.63928604126 -89.82939910888 20
25 -89 20
45 -83.1742401123 20
44.8630027771 -86.65794372558 20
34.639301300049 -79.82940673828 20
25 -79 20
45 -73.17424774169 20
44.8630027771 -76.65794372558 20
34.63932800293 -69.82940673828 20
24.998025894165 -69.11966705322 20.048191070557
45 -63.1742401123 20
44.8630027771 -66.65794372558 20
34.639282226562 -59.82939529418 20
25 -59 20
45 -53.1742401123 20
44.8630027771 -56.65794372558 20
34.639282226562 -49.82939529418 20
25 -49 20
45 -43.1742401123 20
44.8630027771 -46.65794372558 20
34.639289855957 -39.82939910888 20
25 -39 20
45 -33.1742401123 20
44.8630027771 -36.65794372558 20
34.639289855957 -29.82939910888 20
24.998025894165 -29.11967086792 20.048191070557
45 -23.1742401123 20
44.8630027771 -26.65794181823 20
34.639289855957 -19.82939910888 20
25 -19 20
45 -13.1742401123 20
44.8630027771 -16.65794181823 20
34.63928604126 -9.829397201538001 20
25 -9 20
45 -3.174242973328 20
44.8630027771 -6.657941818237 20
34.63928604126 0.170602977276 20
45 6.825757026672 20
44.8630027771 3.3420586586 20
34.639289855957 10.170600891113 20
45 16.825759887695 20
44.8630027771 13.342059135437 20
34.639289855957 20.170602798462 20
25 21 20
45 26.825759887695 20
44.8630027771 23.342058181763 20
34.639289855957 30.170602798462 20
25 31 20
45 36.825759887695 20
44.8630027771 33.342060089111 20
34.639293670654 40.170604705811 20
25 41 20
45 46.825759887695 20
44.8630027771 43.342060089111 20
34.639293670654 50.170604705811 20
25 51 20
45 56.825759887695 20
44.8630027771 53.342060089111 20
34.639293670654 60.170604705811 20
25 61 20
45 66.82575225830099 20
44.8630027771 63.342060089111 20
34.639339447021 70.17059326171901 20
25 71 20
45 76.825759887695 20
44.8630027771 73.34206390380901 20
34.639312744141 80.17059326171901 20
25 81 20
45 86.825759887695 20
44.8630027771 83.34206390380901 20
34.639312744141 90.17059326171901 20
25 91 20
45 96.825759887695 20
44.8630027771 93.34206390380901 20
34.639533996582 100.17053222656 20
25 101 20
45 106.82579803466 20
44.86302947998 103.34204864502 20
34.639820098877 110.17050170898 20
25 111 20
45 116.82579803466 20
44.86302947998 113.34204864502 20
34.639038085938 120.17060089111 20
25 121 20
45 126.82569885253 20
44.86302947998 123.34204864502 20
34.640068054199 130.1704711914 20
25 131 20
45 136.82580566406 20
44.863025665283 133.3420715332 20
34.638946533203 140.17062377929 20
25 141 20
45 146.82580566406 20
44.863025665283 143.3420715332 20
34.639743804932 150.17051696777 20
25 151 20
45 169 20
44.863025665283 153.3420715332 20
25 169 20
-25 -107.7424545288 36.579235076904
-25 -95.6025390625 70
-25 -102.1379394531 56.745903015137
-25 -109.9671401977 34.745758056641
-25 -115.1971282958 55.013534545898
-25 -147.7424316406 36.579372406006
-25 -142.1378326416 56.746192932129
-25 -122.3974990844 70
-25 -135.6024932861 70
-25 -152.0508575439 45.016151428223
-25 -161.8686218261 69.926460266113
-25 -169 20
-35.83340454101 -160.0786743164 20
-45 -163.1741943359 20
-45 -169 20
-25 -169 70
25 -75.86236572265 56.746700286865
25 -95.6025390625 70
25 -82.3974609375 70
25 -102.8033142089 55.012519836426
25 -108.0329055786 34.745403289795
25 -70.25757598877 36.579189300537
25 -148.0328826904 34.745529174805
25 -110.2575988769 36.579597473145
25 -115.8625183105 56.746913909912
25 -150.2575836181 36.579399108887
-25 7.949065685272 45.016319274902
-25 -28.45219039917 30.452850341797
-25 -15.96079444885 69.90696716308599
-25 -1.868626356125 69.926467895508
-25 -25.46852493286 46.809719085693
-25 -29.96711158752 34.745319366455
-25 -35.19695281982 55.013221740723
-25 -55.9607963562 69.90696716308599
-25 -42.3974609375 70
-25 -68.45218658447 30.452850341797
-25 -65.46851348877 46.809761047363
-25 50.032890319824 34.745315551758
-25 44.803028106689 55.013294219971
-25 24.039205551147 69.90696716308599
-25 37.6025390625 70
-25 87.949058532715 45.016334533691
-25 64.03921508789099 69.90696716308599
-25 78.131385803223 69.926467895508
-25 130.03288269043 34.745540618896
-25 124.80325317382 55.012702941895
-25 97.862419128418 56.746849060059
-25 117.60250091552 70
-25 104.39749908447 70
-25 92.25757598877 36.579219818115
-25 132.25758361816 36.579399108887
-25 137.86216735839 56.74617767334
25 -2.03920841217 69.90696716308599
25 -16.13137817382 69.926467895508
25 -25.9490699768 45.016296386719
25 -35.86233520507 56.746601104736
25 -30.25756263732 36.579162597656
25 -65.9490661621 45.016330718994
25 -42.3974609375 70
25 -56.13137817382 69.926467895508
25 37.960796356201 69.90696716308599
25 23.868623733521 69.926467895508
25 14.050929069519 45.016288757324
25 50.45219039917 30.452850341797
25 47.468517303467 46.809753417969
25 77.960800170898 69.90696716308599
25 64.3974609375 70
25 57.196949005127 55.013210296631
25 51.967105865479 34.745296478271
25 90.452186584473 30.452850341797
25 87.46852111816401 46.809741973877
25 91.967124938965 34.745380401611
25 124.13787078857 56.746082305908
25 129.74241638183 36.579410552979
25 117.60250091552 70
25 97.19702911377 55.01346206665
25 104.39749908447 70
25 131.96713256835 34.745536804199
25 137.19679260253 55.012809753418
25 169 70
25 144.39750671386 70
-25 -175 20
-30 -180 20
25 175 20
-30 180 20
-30 175 20
25.958885192871 175 0.665586352348
25.943782806396 175 9.680624008179
27.019245147705 175 11.608388900757
26.538970947266 175 -1.208902955055
27.546855926514 175 8.354683876037999
28.9001121521 175 9.389184951781999
25.937885284424 175 -9.481291770935
26.74432182312 175 -11.39741706848
27.946147918701 175 -1.499810814857
28.179941177368 175 -11.3678779602
27.732154846191 175 -8.428401947020999
28.899549484253 175 10.699819564819
30 180 -5
30 180 5
28.846969604492 180 8.998141288756999
25.92840385437 180 -0.23216471076
27.453144073486 180 -1.64531648159
28.999809265137 180 -0.446164160967
28.708915710449 180 0.961016833782
26.637855529785 180 -8.694170951843001
28.720541000366 180 -8.84746837616
25.92805480957 180 -10.37399864196
27.191654205322 180 -11.51325607299
28.688049316406 180 -11.05469226837
-29.5 180 5
-26.02287864685 180 -10.58475208282
-26.53620529174 180 -8.703082084656
-28.84696960449 180 -8.998141288756999
-27.14160919189 180 -11.48491096496
-28.55469322204 180 -11.18804645538
-25.92840385437 180 0.23216471076
-27.45314407348 180 1.64531648159
-28.99980926513 180 0.446164160967
-26.98129844665 180 -1.562117934227
-28.70891571044 180 -0.961016833782
-28.72054100036 180 8.84746837616
-28.6880493164 180 11.054692268372
-27.19165420532 180 11.513256072998
-25.92805480957 180 10.373998641968
-26.63785552978 180 8.694170951843001
-26.47633934021 175 -11.15635204315
-28.42308998107 175 -11.40212535858
-28.9646911621 175 0.489600807428
-29.07159805297 175 10.23216342926
-28.01870346069 175 8.437882423401
-26.29108619689 175 9.038983345031999
-27.68620681762 175 11.605059623718
-27.54685592651 175 1.64531648159
-26.02287864685 175 10.584752082825
-28.42308998107 -175 11.402125358582
-26.31194877624 -175 -1.054685115814
-27.68620681762 -175 -11.60505962371
-27.9461479187 -175 -1.499810814857
-25.94378280639 -175 9.680624008179
-26.47633934021 -175 11.156352043152
-30 -180 -5
-28.72054100036 -180 -8.84746837616
-28.6880493164 -180 -11.05469226837
-27.45314407348 -180 -1.64531648159
-27.19165420532 -180 -11.51325607299
-25.92805480957 -180 -10.37399864196
-3.816391985962e-14 -180 0
-26.63785552978 -180 -8.694170951843001
-25.92840385437 -180 -0.23216471076
-28.84696960449 -180 8.998141288756999
-28.55469322204 -180 11.188046455383
-27.14160919189 -180 11.484910964966
-26.53620529174 -180 8.703082084656
-26.02287864685 -180 10.584752082825
29.5 -180 5
26.536205291748 -180 -8.703082084656
26.981298446655 -180 -1.562117934227
25.92840385437 -180 0.23216471076
28.708915710449 -180 -0.961016833782
28.999809265137 -180 0.446164160967
27.453144073486 -180 1.64531648159
26.637855529785 -180 8.694170951843001
28.720541000366 -180 8.84746837616
25.92805480957 -180 10.373998641968
28.688049316406 -180 11.054692268372
27.191654205322 -180 11.513256072998
25.958885192871 -175 -0.665586352348
25.943782806396 -175 -9.680624008179
26.538970947266 -175 1.208902955055
27.546855926514 -175 -8.354683876037999
28.9001121521 -175 -9.389184951781999
27.019245147705 -175 -11.60838890075
25.937885284424 -175 9.481291770935
26.74432182312 -175 11.397417068481
27.946147918701 -175 1.499810814857
28.179941177368 -175 11.367877960205
27.732154846191 -175 8.428401947020999
28.899549484253 -175 -10.69981956481
-30 -175 -6.039613253960852e-14
25 -175 6.039613253960852e-14
25 -172.000000000004 5.826450433232822e-13
25 -169 -6.039613253960852e-14
-25 169 44.99999999999995
-25 156.6987533569311 45.00000000000061
-25.03518867492324 147.5880279541035 45.00000000000109
25 -163.9999999999951 45.00000000000102
25 -125.698749542243 45.00000000000567
-25 -80.43431091308639 44.96323394775396
-25 -85.43431091308599 44.96323394775412
44.93151473998977 -116.4710807799543 -7.105427357601002e-15
45 -114.7292022704246 -1.925570813909872e-12
44.95075416564958 -113.0318298339477 2.486899575160351e-14
45 -169 6.039613253960852e-14
45 -166.0870971679606 1.538325022920617e-12
44.95075607299795 -163.0318222045477 2.131628207280301e-14
44.93151283264142 -156.4710693358515 -2.131628207280301e-14
45 -154.7291946410245 -1.925570813909872e-12
44.95073509216294 -153.0317916869258 1.918465386552271e-13
44.93151283264142 -146.4710693358515 -2.131628207280301e-14
45 -144.7291946410245 -1.925570813909872e-12
44.95075607299795 -143.0318222045477 2.131628207280301e-14
44.93151283264142 -136.4710693358515 -2.131628207280301e-14
45 -134.7291946410245 -1.925570813909872e-12
44.95075607299795 -133.0318222045477 2.131628207280301e-14
-45 -154.7291946410245 -1.925570813909872e-12
-45 -156.2841949462 -6.039613253960852e-14
-45 -144.7291946410245 -1.925570813909872e-12
-45 -146.2841949462 -6.039613253960852e-14
-45 -134.7291946410245 -1.925570813909872e-12
-45 -136.2841949462 -6.039613253960852e-14
2.19579792023233 159.9771423339962 -20
4.973799150320701e-14 169 -20
-0.2013111114474242 145.9299697875816 -20
-0.2013568878129242 150.9299697875911 -20
-0.2013874053913831 135.9299697875994 -20
-0.2013416290260182 140.9299697875911 -20
-0.2013158798148886 125.9299697876053 -20
-0.2013568878129242 130.9299697875911 -20
-0.2013750076296326 115.9299659728793 -20
-0.2013187408425523 120.9299697875911 -20
-0.2013607025151636 85.9299583434961 -20
-0.2013607025135009 90.92995834350583 -20
-0.2013607025151636 75.9299583434961 -20
-0.2013607025135009 80.92995834350583 -20
-0.2013597488375787 45.92995834351785 -20
-0.2013597488395362 50.92995834350584 -20
-0.2013587951654756 35.92995834349745 -20
-0.2013578414895143 40.92995834350584 -20
-0.2013568878166474 25.92995834349041 -20
-0.2013568878139509 30.92995834350583 -20
-0.2013607025151707 15.92995834349016 -20
-0.2013587951640083 20.92995834350584 -20
-0.2013587951635323 5.929958581921443 -20
-0.2013597488374295 10.92995834350583 -20
-0.201359748838378 -4.070041447888563 -20
-0.2013578414880079 0.9299587905411348 -20
-0.2013587951648823 -14.07004261017822 -20
-0.2013597488364383 -9.070041656494169 -20
-0.2013578414887327 -24.07004356383347 -20
-0.2013597488374224 -19.07004356383617 -20
-0.2013578414880186 -34.07004165648138 -20
-0.2013587951640012 -29.07004261016049 -20
-0.2013626098634873 -44.07004165649266 -20
-0.2013607025145703 -39.07004165648618 -20
-0.2013626098634873 -54.07004165649266 -20
-0.2013626098630681 -49.07004165648615 -20
-0.2013769149759881 -64.0700416564781 -20
-0.2013626098630681 -59.07004165648615 -20
-0.2013750076271918 -74.07004165648488 -20
-0.2013750076279237 -69.07004165648617 -20
-0.2013721466056388 -84.07004165649387 -20
-0.2013750076279237 -79.07004165648617 -20
-0.2013978958084373 -94.07004165648105 -20
-0.2013702392550059 -89.07004165648617 -20
-0.2014884948689009 -104.0700378417819 -20
-0.2013816833449589 -99.07004165648617 -20
-0.2013053894016608 -114.0700378417392 -20
-0.2013053894035011 -109.0700378417289 -20
-0.2012910842872202 -124.0700416564399 -20
-0.2013053894035011 -119.0700378417289 -20
-0.2013092040928726 -134.0700378417108 -20
-0.2013101577739853 -129.0700378417234 -20
-0.2013893127401083 -144.0700378417332 -20
-0.2013244628894917 -139.0700378417234 -20
-0.2012939453066629 -154.0700454711332 -20
-0.2013587951630633 -149.0700454711289 -20
-2.39718723296361 -164.0471725463149 -20
-0.2013244628894917 -159.0700378417234 -20
1.296740492762183e-12 -171.9999999999891 -20
2.500000000001091 -174.4999999999946 -20
6.039613253960852e-14 -180 -20
2.500000000000096 -177.4999999999993 -20
4.973799150320701e-14 -169 -20
-0.2013597488375787 55.92995834351785 -20
-0.2013597488395362 60.92995834350584 -20
-0.2013521194457226 65.92995834349868 -20
-0.2013607025135009 70.92995834350583 -20
-0.20116138457864 95.92996215819944 -20
-0.201341629023954 100.9299659728938 -20
-0.2013263702398795 105.9299621581947 -20
-0.2013502120969122 110.9299621582011 -20
-45 -124.7292022704755 1.925570813909872e-12
-44.92281341552738 -122.9510459899582 -1.030286966852145e-13
-45 -126.2842025756 -6.039613253960852e-14
-44.92281532287596 -132.9510421752555 -4.973799150320701e-14
-44.92281532287596 -142.9510421752555 -4.973799150320701e-14
-44.9227828979492 -152.9509887694937 4.973799150320701e-14
-45 -114.7292022704755 1.925570813909872e-12
-44.92281341552738 -112.9510459899582 -1.030286966852145e-13
-45 -116.2842025756 -6.039613253960852e-14
-45 -104.7292022704755 1.925570813909872e-12
-44.92278480529789 -102.9510002135912 8.881784197001252e-14
-45 -106.2842025756 -6.039613253960852e-14
-45 -94.72919845580549 1.77635683940025e-14
-44.92279434204099 -92.95105743407733 7.105427357601002e-15
-45 -96.28415679931 -6.039613253960852e-14
-45 -84.72919845580549 1.77635683940025e-14
-44.92279434204099 -82.95105743407733 7.105427357601002e-15
-45 -86.28415679931 -6.039613253960852e-14
-45 -74.72920227049941 -6.394884621840902e-14
-44.92279434204099 -72.95106124877007 1.77635683940025e-14
-45 -76.28415679931 -6.039613253960852e-14
-45 -64.72919845580549 1.77635683940025e-14
-44.92279624938961 -62.95105743407725 -3.907985046680551e-14
-45 -66.28415679931 -6.039613253960852e-14
-45 -54.72920036315425 -2.486899575160351e-14
-44.92279624938961 -52.95105743407725 -3.907985046680551e-14
-45 -56.28416061401 -6.039613253960852e-14
-45 -44.72920036315425 -2.486899575160351e-14
-44.92279624938961 -42.95105552672863 1.06581410364015e-14
-45 -46.28416061401 -6.039613253960852e-14
-45 -34.72920036315425 -2.486899575160351e-14
-44.92279624938961 -32.95105552672863 1.06581410364015e-14
-45 -36.28416061401 -6.039613253960852e-14
-45 -24.72920036315425 -2.486899575160351e-14
-44.92279624938962 -22.95105648040284 -3.197442310920451e-14
-45 -26.28416061401 -6.039613253960852e-14
-45 -14.72920036315425 -2.486899575160351e-14
-44.92279624938961 -12.95105600356584 -2.486899575160351e-14
-45 -16.28416061401 -6.039613253960852e-14
-45 -4.729202032089972 2.486899575160351e-14
-44.92279624938966 -2.951058506966094 -4.263256414560601e-14
-45 -6.284161090851 -6.039613253960852e-14
-45 5.270797967910028 2.486899575160351e-14
-44.92279624938961 7.048941612243369 -7.105427357601002e-15
-45 3.715838909149 -6.039613253960852e-14
-45 15.2708001136779 1.06581410364015e-14
-44.92279624938961 17.04894447326637 -7.105427357601002e-15
-45 13.715840339661 -6.039613253960852e-14
-45 25.27079963684075 0
-44.92279624938961 27.04894447326637 -7.105427357601002e-15
-45 23.715839385986 -6.039613253960852e-14
-45 35.27079963684076 0
-44.92279624938963 37.04894638061499 1.77635683940025e-14
-45 33.715839385986 -6.039613253960852e-14
-45 45.27079963684076 0
-44.92279624938961 47.04894447326637 -7.105427357601002e-15
-45 43.715839385986 -6.039613253960852e-14
-45 55.27079963684076 0
-44.92279624938961 57.04894447326637 -7.105427357601002e-15
-45 53.715839385986 -6.039613253960852e-14
-45 65.27079582214444 -5.684341886080801e-14
-44.92279434204098 67.0489425659182 0
-45 63.715839385986 -6.039613253960852e-14
-45 75.27080154418951 -3.552713678800501e-15
-44.92279434204099 77.04894638061492 1.77635683940025e-14
-45 73.71584320068401 -6.039613253960852e-14
-45 85.27080154418951 -3.552713678800501e-15
-44.92279624938963 87.04894638061499 1.77635683940025e-14
-45 83.71584320068401 -6.039613253960852e-14
-45 95.27080154418951 -3.552713678800501e-15
-44.92279052734375 97.04895401000955 -1.4210854715202e-14
-45 93.71584320068401 -6.039613253960852e-14
-45 105.2707977294844 8.171241461241152e-14
-44.92277908325192 107.0490112304609 -6.394884621840902e-14
-45 103.71579742431 -6.039613253960852e-14
-45 115.2707977294844 8.171241461241152e-14
-44.92281341552738 117.0489540100018 -4.618527782440651e-14
-45 113.71579742431 -6.039613253960852e-14
-45 125.2707481384183 1.385558334732195e-13
-44.92276573181154 127.0489349365144 -3.552713678800501e-14
-45 123.71579742431 -6.039613253960852e-14
-45 135.2708053588844 8.171241461241152e-14
-44.92281532287596 137.0489578247046 7.105427357601002e-15
-45 133.71580505371 -6.039613253960852e-14
-45 145.2708053588844 8.171241461241152e-14
-44.9227828979492 147.0490112304663 -1.06581410364015e-14
-45 143.71580505371 -6.039613253960852e-14
-45 161.3579025268534 6.679101716144942e-13
-45 169 6.039613253960852e-14
-45 153.71580505371 -6.039613253960852e-14
44.95075416564958 -123.0318298339477 2.486899575160351e-14
45 -124.7292022704755 1.925570813909872e-12
44.93151473998977 -126.4710807799543 -7.105427357601002e-15
44.95073699951128 -103.0317993163258 1.740829702612245e-13
45 -104.7292022704755 1.925570813909872e-12
44.93151473998977 -106.4710807799543 -7.105427357601002e-15
44.9507427215574 -93.03184890746405 2.131628207280301e-14
45 -94.72919845580549 1.77635683940025e-14
44.9315013885502 -96.4710502624452 -2.842170943040401e-14
44.9507427215574 -83.03184890746405 2.131628207280301e-14
45 -84.72919845580549 1.77635683940025e-14
44.9315013885502 -86.4710502624452 -2.842170943040401e-14
44.9507427215574 -73.03185653686405 -2.131628207280301e-14
45 -74.72920227049941 -6.394884621840902e-14
44.9315013885502 -76.4710502624452 -2.842170943040401e-14
44.95074272155735 -63.03184700011254 1.4210854715202e-14
45 -64.72919845580549 1.77635683940025e-14
44.9315013885502 -66.4710502624452 -2.842170943040401e-14
44.95074272155735 -53.03184700011254 1.4210854715202e-14
45 -54.72920036315425 -2.486899575160351e-14
44.9315013885502 -56.47105216979385 1.77635683940025e-14
44.9507427215574 -43.03184890746405 2.131628207280301e-14
45 -44.72920036315425 -2.486899575160351e-14
44.9315013885502 -46.47105216979385 1.77635683940025e-14
44.9507427215574 -33.03184890746405 2.131628207280301e-14
45 -34.72920036315425 -2.486899575160351e-14
44.9315013885502 -36.47105216979385 1.77635683940025e-14
44.95074272155738 -23.03184795378831 2.486899575160351e-14
45 -24.72920036315425 -2.486899575160351e-14
44.93150138855017 -26.47105121611825 1.77635683940025e-14
44.95074462890572 -13.03184843063109 -2.131628207280301e-14
45 -14.72920036315425 -2.486899575160351e-14
44.93150138855017 -16.47105121611825 1.77635683940025e-14
44.9507427215574 -3.031850934029066 -3.907985046680551e-14
45 -4.729202032089972 2.486899575160351e-14
44.93150138855019 -6.471051454543762 -1.4210854715202e-14
44.95074272155738 6.968149423599101 1.06581410364015e-14
45 5.270797967910028 2.486899575160351e-14
44.93150138855022 3.528948783874727 -3.907985046680551e-14
44.95074272155735 16.96815299987846 0
45 15.2708001136779 1.06581410364015e-14
44.93150138855017 13.52894973754875 -3.552713678800501e-15
44.95074272155735 26.96815299987846 0
45 25.27079963684075 0
44.93150138855017 23.52894878387475 3.552713678800501e-15
44.95074272155735 36.96815299987846 0
45 35.27079963684076 0
44.93150138855021 33.52894973754854 -1.06581410364015e-14
44.95074462890577 46.96815299987834 2.486899575160351e-14
45 45.27079963684076 0
44.93150138855021 43.52894973754854 -1.06581410364015e-14
44.95074462890577 56.96815299987834 2.486899575160351e-14
45 55.27079963684076 0
44.93150138855021 53.52894973754854 -1.06581410364015e-14
44.95074272155736 66.9681472778318 7.105427357601002e-15
45 65.27079582214444 -5.684341886080801e-14
44.93150138855021 63.52894973754854 -1.06581410364015e-14
44.95074272155736 76.9681549072268 1.06581410364015e-14
45 75.27080154418951 -3.552713678800501e-15
44.93150138855021 73.52895355224655 -1.06581410364015e-14
44.95074272155736 86.9681549072268 1.06581410364015e-14
45 85.27080154418951 -3.552713678800501e-15
44.93150138855021 83.52895355224655 -1.06581410364015e-14
44.95074081420901 96.9681587219235 -7.105427357601002e-15
45 95.27080154418951 -3.552713678800501e-15
44.93150138855021 93.52895355224655 -1.06581410364015e-14
44.95073318481457 106.9682083129796 -6.750155989720952e-14
45 105.2707977294844 8.171241461241152e-14
44.93151473998975 103.5289230346684 -1.4210854715202e-14
44.95075416564958 116.9681701660123 2.486899575160351e-14
45 115.2707977294844 8.171241461241152e-14
44.93151473998975 113.5289230346684 -1.4210854715202e-14
44.95072364807172 126.9681282043433 2.842170943040401e-14
45 125.2707481384183 1.385558334732195e-13
44.93151473998975 123.5289230346684 -1.4210854715202e-14
44.95075607299795 136.9681777954023 -1.4210854715202e-14
45 135.2708053588844 8.171241461241152e-14
44.93151283264141 133.5289382934539 -3.907985046680551e-14
44.95073509216294 146.9682083129842 0
45 145.2708053588844 8.171241461241152e-14
44.93151283264141 143.5289382934539 -3.907985046680551e-14
45 169 -6.039613253960852e-14
45 161.3579025268534 6.679101716144942e-13
44.93151283264141 153.5289382934539 -3.907985046680551e-14
-25 -92.30126953126073 44.99999999999852
-25 -95.56896972656023 38.37295150756486
-25.03518772125247 -135.679649353017 38.37309646605854
-25.03518772125243 -125.8094825743993 44.99999999999989
-25 -120.6987495421639 45.00000000000242
-25 -160.4343109130861 44.96323013305445
-25 -165.4343109130887 44.96323013306206
-25 -169 45.00000000000005
25 -82.43118286132552 38.37335014343264
25 -92.30126953123927 45.00000000000148
25 -97.30126953125071 45.0000000000001
25 -122.431259155272 38.37345695496388
25 -169 44.99999999999995
2.131628207280301e-14 -82.13304138183582 69.96323394775389
1.307398633798584e-12 -88.73558044433025 69.96323394775406
4.973799150320701e-14 -95.6025390625 70
4.973799150320701e-14 -135.6024932861 70
-4.511946372076636e-12 -128.999996185267 70
-4.973799150320701e-14 -122.3974990844 70
4.973799150320701e-14 -169 70
-4.444444812179427e-12 -165.4343109130809 69.96323013305664
3.552713678800501e-15 -162.1330642699524 69.96323013305664
-25 -17.48039722442544 44.95348358154307
-25.03519248962402 -12.59113359451259 44.95348358154287
-25.03519248962402 -5.545049548157284 44.96323394775521
-25 -0.4343131780627913 44.96323394775398
-25 -57.48039817810059 44.95348358154302
-25 -52.48039817811107 44.95348358154141
-25 -45.69873046876074 45.00000000000148
-25 -40.69873046874928 45.0000000000001
-25 22.51960277557245 44.95348358154303
-25.03519248962404 27.40886688232338 44.95348358154295
-25.03519248962401 34.19053363800325 44.99999999999959
-25 39.30126953125072 45.0000000000001
-25 62.51960754394569 44.953483581543
-25 67.51960754394231 44.95348358154251
-25 74.56569290159838 44.96323394775587
-25 79.56569290161178 44.96323394775401
-25.03518867492675 104.3204841613743 38.37342453002963
-25.03518867492673 114.1905250549325 44.99999999999901
-25 119.3012504577563 44.99999999999972
-25.03518867492324 144.3203582763684 38.37308883667301
25 -0.5196042060851198 44.95348358154296
25 -5.519604206087091 44.95348358154329
25 -12.56568908690609 44.96323394775457
25 -17.56568908690641 44.96323394775383
25 -42.43116760253036 38.37330055236632
25 -45.69873046876074 45.00000000000148
25 -52.5656890869061 44.96323394775457
25 -57.56568908690641 44.96323394775383
25 39.4803981781006 44.95348358154298
25 34.48039817811206 44.95348358154133
25 27.43431186676354 44.96323394775439
25 22.43431186676067 44.96323394775394
25 79.48040008544936 44.95348358154305
25 74.48040008545603 44.95348358154206
25 67.69873046876073 45.00000000000148
25 62.69873046874928 45.0000000000001
25 117.5689353942887 38.37304115295262
25 114.3012504577637 44.99999999999951
25 169 45.00000000000005
25 159.9999999999962 45.00000000000131
25 147.6987533569229 44.99999999999904
25 142.6987533569264 45.00000000000026
-2.131628207280301e-14 -1.95391738414724 69.91671752929693
2.142286348316702e-12 -9.000002264965081 69.926467895508
2.131628207280301e-14 -16.0460863113378 69.91671752929693
-4.618527782440651e-14 -56.04608726501349 69.91671752929693
3.197442310920451e-14 -49.26441955566012 69.96323394775406
-4.973799150320701e-14 -42.3974609375 70
3.197442310920451e-14 37.78166770935047 69.95348358154301
1.70530256582424e-12 30.73558139801654 69.96323394775392
-3.907985046680551e-14 23.95391464233351 69.91671752929693
0 78.04609298706009 69.91671752929693
-3.424815986363683e-12 71.26442337034915 69.96323394775409
4.263256414560601e-14 64.21833801269561 69.95348358154301
-4.973799150320701e-14 117.60250091552 70
2.557953848736361e-12 111.0000000000045 70
4.973799150320701e-14 104.39749908447 70
-4.973799150320701e-14 169 70
6.146194664324867e-13 156.6987533569311 70
4.973799150320701e-14 144.39750671386 70
-25 172.000000000004 -5.826450433232822e-13
-25 175 6.039613253960852e-14
-25 169 -6.039613253960852e-14
-25 -169 6.039613253960852e-14
-25 -172.000000000004 5.826450433232822e-13
-25 -175 -6.039613253960852e-14
-4.973799150320701e-14 -169 20
25 175 -6.039613253960852e-14
25 172.000000000004 -5.826450433232822e-13
25 169 6.039613253960852e-14
4.973799150320701e-14 169 20
-1.296740492762183e-12 172.0000000000109 20
2.499999999998909 174.5000000000054 20
2.499999999999904 177.5000000000007 20
6.039613253960852e-14 180 20
-5.329070518200751e-14 169 44.99999999999994
5.329070518200751e-14 -169 44.99999999999994
35.00000000000001 169 -2.131628207280301e-14
35.00000000000001 -169 2.131628207280301e-14
-45 -169 6.039613253960852e-14
-35.00000000000001 -169 -2.131628207280301e-14
-35.00000000000001 169 2.131628207280301e-14
-44.92281532287596 -162.9510421752555 -4.973799150320701e-14
-45 -166.0870971679606 1.538325022920617e-12
4.863739248150978e-05 -68.99999618529996 20.048191070557
-0.0009870529169404563 -68.78592681884481 25.25052070617957
7.105427357601002e-14 -67.20062637328107 37.73459053039455
3.197442310920451e-14 -65.70878982543009 45.91304588317848
-7.922551503725117e-13 -60.79994583129285 58.36811447143648
2.1245227799227e-12 -78.8654937744117 63.33658409119386
-1.552535877635819e-12 -73.95665359496385 50.88150978089048
1.740829702612245e-13 -71.15425872802778 40.79775428772019
0.00103569030915196 -69.56895065307663 28.31369018554945
-7.212008767965017e-13 131.4835662841702 27.37276840210217
4.973799150320701e-14 131 20
1.06581410364015e-14 132.1123580932523 35.66246795654254
5.243805389909539e-12 134.7271881103416 45.7961044311392
1.4210854715202e-14 137.5294799804597 55.87949371337902
-1.740829702612245e-12 141.1298370361338 63.37308883667208
-2.422950728941942e-12 120.8701858520374 63.37304115294125
6.394884621840902e-14 124.4705619811969 55.87939262390096
-3.847588914140943e-12 127.2728347778254 45.79605674742679
-3.552713678800501e-15 129.8876495361268 35.66247558593812
2.40873987422674e-12 130.5164413452149 27.37277030945617
0.001035690311109505 91.54339981079147 27.3967857360801
0.001035690309986848 91.05983734130841 20.02409553527868
1.06581410364015e-14 92.11235046386729 35.66230010986271
-2.096101070492296e-12 94.72730255127048 45.79634094238791
-2.842170943040401e-14 97.52972412109415 55.88015556335388
-3.460343123151688e-12 101.1299591064478 63.37342453004076
-1.243449787580175e-13 82.79995346070808 58.36810493469815
2.842170943040401e-14 87.70878982543945 45.91303825378406
-2.287947609147523e-12 89.20062255859378 37.73459243773627
0.00103569031161399 90.78593063354501 25.2505207061692
-2.209787908213912e-12 51.48355293273959 27.3726482391429
4.973799150320701e-14 51 20
4.973799150320701e-14 51.75745773315477 32.59907341003338
2.55440113505756e-12 53.24929809570403 40.77753257752485
-1.70530256582424e-12 55.86421966552732 50.91148948670516
4.973799150320701e-14 60.61808204649981 62.46008872986312
5.17630383001233e-12 41.38191223145732 62.46013069151664
-1.353583911622991e-12 46.13577270507782 50.91152381896158
-1.861621967691462e-12 48.75070381164592 40.77753448487108
-1.06581410364015e-14 50.24254035949723 32.59908294677673
-7.531752999057062e-13 50.51644515991191 27.37265777587633
4.863739253124777e-05 11.00000238418566 20.048191070557
-0.0009870529156472685 11.21406984329189 25.25052070618604
2.259525899717119e-12 12.79936933517493 37.73456954955276
3.552713678800501e-15 14.29120254516588 45.91300392150814
-2.771116669464391e-12 19.20004987717775 58.36809349060223
-4.270361841918202e-12 2.799945473673032 58.36810874938113
1.4210854715202e-14 7.708791494369762 45.91303443908626
-1.49213974509621e-12 9.20062804222121 37.73458480834442
0.001035690307912063 10.78593254089357 25.25052070618725
-0.0009870529175195486 -29.05983543395994 20.02409553527831
-0.0009870529169404563 -28.78593063354482 25.25052070617957
-2.859934511434403e-12 -27.20063018798126 37.73457336426708
-3.552713678800501e-15 -25.70879745482728 45.91300773620663
5.538680625249981e-12 -20.79995155333768 58.36809349058768
2.142286348316702e-12 -39.12989807129358 63.37330055237177
6.394884621840902e-14 -35.52964401244308 55.87991142272897
4.266809128239402e-12 -32.72725772856757 45.79619216920177
6.039613253960852e-14 -30.11233711241762 35.66224098205515
-0.0009870529193705124 -29.54339122772233 27.39675521849949
0.00103569031115569 -148.4566116332709 27.39685916900376
0.001035690310125403 -148.9401702880141 20.02409458160399
6.039613253960852e-14 -147.8876571654976 35.66245079040586
-3.606004383982508e-12 -145.2728271483876 45.79608345032408
2.877698079828406e-13 -142.4705276488757 55.87949371337939
-7.105427357601002e-15 -138.8701629638415 63.37309646606014
2.721378677961184e-12 -158.8655319213823 63.33673477172419
-2.934541498689214e-12 -153.9566497802711 50.88158035278887
-1.91491267287347e-12 -151.1542205809912 40.79777526854539
0.001035690306832038 -149.5689620971035 28.31379413605665
8.562039965909207e-13 -108.5164527892932 27.37270164489432
4.973799150320701e-14 -109 20
1.06581410364015e-14 -107.8876800536976 35.66231918335001
-1.215028078149771e-12 -105.2728843688116 45.79587745665791
4.085620730620576e-13 -102.4706268309703 55.87921142578151
-1.616484723854228e-12 -98.87023925780312 63.37295150757608
8.668621376273222e-13 -119.1300086974734 63.37345695494761
-3.765876499528531e-13 -115.5298233031759 55.88022422790529
3.286260152890463e-12 -112.7273635863715 45.79656600952457
-2.486899575160351e-14 -110.1123695373004 35.66267776489308
-2.103206497849897e-12 -109.4835700988768 27.37287902831151
27.19584751128385 -119.0228614807129 -8.668621376273222e-13
37.12736225128127 -117.8518409728738 1.463718035665806e-12
39.7702884674144 -121.3594322204215 3.375077994860476e-12
32.01538181305411 -119.4375648498278 -1.158184659288963e-12
27.19579792022402 150.9771423339844 -3.339550858072471e-13
37.12731075286089 152.148178100577 3.11928260998684e-12
39.77060699462582 148.6405639648402 -8.419931418757187e-13
32.01566982269406 150.5624008178623 -1.953992523340276e-13
27.1958436966012 140.9771423339844 8.242295734817162e-13
37.12735652924004 142.1481781005767 -1.545430450278218e-12
39.77022933959666 138.6405868530195 -6.608047442568932e-13
32.01531696319747 140.5624542236242 -2.700062395888381e-13
27.19579792022402 130.9771423339844 -3.339550858072471e-13
37.12731075286089 132.148178100577 3.11928260998684e-12
39.77075767517758 128.6405143737768 1.541877736599417e-12
32.01583194733054 130.5623779296787 -5.151434834260726e-13
27.19583892822068 120.9771423339844 -2.131628207280301e-13
37.12735366821441 122.1481666564849 -4.156675004196586e-13
39.77027320861443 118.6405715942356 -1.083577672034153e-12
32.01535797119792 120.5624427795322 -8.952838470577262e-13
27.19578266143684 110.9771385192871 -1.030286966852145e-13
37.12729740142504 112.1481628417927 1.286082351725781e-12
39.77064323425411 108.6405601501385 4.014566457044566e-13
32.01569271087456 110.5623893737749 2.700062395888381e-13
27.19580650330329 100.9771385192871 7.922551503725117e-13
37.12732124328056 102.1481628417921 2.220446049250313e-12
39.77050781249986 98.6405448913568 -9.947598300641403e-14
32.01557350159401 100.562404632564 -9.556799795973347e-13
27.19598674773842 90.97713470458984 -2.948752353404416e-13
37.12748813630056 92.14816665649452 -3.495870259939693e-12
39.77039909363584 88.64057159423879 1.950439809661475e-12
32.01564311981654 90.56243133544935 -6.288303211476887e-13
27.19598674773842 80.97713470458984 -2.948752353404416e-13
37.12748813630056 82.14816665649452 -3.495870259939693e-12
39.77039909363584 78.64057159423879 1.950439809661475e-12
32.01564311981654 80.56243133544935 -6.288303211476887e-13
27.19598674773842 70.97713470458984 -2.948752353404416e-13
37.12748813630056 72.14816665649452 -3.495870259939693e-12
39.77041244506374 68.640567779541 -1.080024958355352e-12
32.01565647124919 70.56243133544945 4.192202140984591e-13
27.19599533081189 60.97713470458984 1.456612608308205e-13
37.12749671935096 62.14816474914556 3.659295089164516e-12
39.77039146423009 58.64057540893523 -6.892264536872972e-13
32.01564216613748 60.56243705749555 -3.907985046680551e-14
27.19599533081189 50.97713470458984 1.456612608308205e-13
37.12749671935096 52.14816474914556 3.659295089164516e-12
39.77039146423009 48.64057540893523 -6.892264536872972e-13
32.01564216613748 50.56243705749555 -3.907985046680551e-14
27.19599533081189 40.97713470458984 1.456612608308205e-13
37.12749671935096 42.14816474914556 3.659295089164516e-12
39.77038955687918 38.64057540893511 -1.307398633798584e-12
32.01564216613748 40.56243705749555 -3.907985046680551e-14
27.19599437714216 30.97713470458983 7.140954494389007e-13
37.12749576568145 32.14816474914617 1.676880856393836e-12
39.77038764954381 28.64057445526129 2.067679361061892e-12
32.01563930511038 30.56243610382105 5.471179065352771e-13
27.19599437714216 20.97713470458983 7.140954494389007e-13
37.12749576567781 22.14816379547144 3.183231456205249e-12
39.77038764954381 18.64057445526129 2.067679361061892e-12
32.01563930511038 20.56243610382105 5.471179065352771e-13
27.19500541686108 10.91729974746667 0.02409553527754937
37.12749385834016 12.14816427230811 -1.058708676282549e-12
39.77038764953527 8.640571355818752 -1.49213974509621e-13
32.01563739777477 10.56243515014687 -1.104893954106956e-12
27.19599342346178 0.9771349430084156 -2.842170943040401e-14
37.12749481200926 2.148164272309022 1.030286966852145e-12
39.77038574218597 -1.359427958727069 -3.801403636316536e-13
32.01563644408667 0.5624364316465231 7.034373084024992e-13
27.195991516111 -9.022865295410165 -2.771116669464391e-13
37.1274929046641 -7.851836204527916 -3.126388037344441e-13
39.77038764953705 -11.359426975247 1.20792265079217e-13
32.01563453675095 -9.437563896178764 -9.769962616701378e-13
27.19599246977928 -19.02286624908449 -8.988365607365267e-13
37.12749385833626 -17.85183715819395 4.050093593832571e-13
39.77038764954383 -21.35942745207972 2.021494083237485e-12
32.01563739776731 -19.43756580351881 -1.49213974509621e-13
27.19500732421156 -29.08270168304453 0.02409553527774477
37.12749576568144 -27.85183715819383 1.652011860642233e-12
39.77038764953308 -31.35942840575577 -6.892264536872972e-13
32.01563930511038 -29.43756580351895 5.613287612504791e-13
27.19599533081189 -39.02286529541016 1.456612608308205e-13
37.12749671935091 -37.85183715820275 3.872457909892546e-12
39.77038764953308 -41.35942840575577 -6.892264536872972e-13
32.0156402587985 -39.43756484985321 -1.303845920119784e-12
27.19599342347027 -49.02286529541015 8.988365607365267e-13
37.12749481200564 -47.85183715820271 2.597033699203166e-12
39.77038383484061 -51.35942459105575 6.146194664324867e-13
32.01563453674994 -49.43756294250452 -1.051603248924948e-12
27.19599342347027 -59.02286529541015 8.988365607365267e-13
37.12749481200564 -57.85183715820271 2.597033699203166e-12
39.77038383484061 -61.35942459105575 6.146194664324867e-13
32.01563453674994 -59.43756294250452 -1.051603248924948e-12
27.19499206542979 -69.08269882201883 0.02409553527853703
37.12748050689498 -67.85183715820263 8.952838470577262e-13
39.77040672302438 -71.359436035155 4.831690603168681e-13
32.0156431198175 -69.43756866455065 -7.780442956573097e-13
27.19597911835519 -79.02286529541016 8.633094239485217e-13
37.12748050689498 -77.85183715820263 8.952838470577262e-13
39.77039337157524 -81.35943222045258 -1.939781668625074e-12
32.0156297683621 -79.43756866455041 1.236344360222574e-12
27.1959819793661 -89.02286529541016 -4.298783551348606e-13
37.1274833679158 -87.8518371582021 1.769251412042649e-12
39.77038574218692 -91.35942840575566 -1.456612608308205e-13
32.01562499998992 -89.43756484985313 1.232791646543774e-12
27.19595432281313 -99.02286529541017 -2.096101070492296e-13
37.12745571136063 -97.85183715820325 1.868727395049063e-12
39.77053260804193 -101.35941696159 -1.243449787580175e-13
32.01574993132648 -99.4375839233395 1.122657522500958e-12
27.19584751128385 -109.0228614807129 -8.668621376273222e-13
37.12736225128127 -107.8518409728738 1.463718035665806e-12
39.7702884674144 -111.3594322204215 3.375077994860476e-12
32.01538181305411 -109.4375648498278 -1.158184659288963e-12
27.19586277009018 -159.0228652954102 1.129762949858559e-12
37.12737560272736 -157.8518371581823 -1.70530256582424e-13
39.77026176453541 -161.3594207763253 4.249045559845399e-12
32.01536846161338 -159.4375610351358 -1.296740492762183e-12
27.19579792022383 -149.0228652954102 -3.765876499528531e-13
37.1273107528615 -147.8518371581828 4.703792910731863e-12
39.77062797546425 -151.3594436644655 -2.557953848736361e-12
32.01569080353565 -149.4376144408978 -9.769962616701378e-13
27.19586277009018 -139.0228652954102 1.129762949858559e-12
37.12737560272736 -137.8518371581823 -1.70530256582424e-13
39.77026176453541 -141.3594207763253 4.249045559845399e-12
32.01536846161338 -139.4375610351358 -1.296740492762183e-12
27.19586181640193 -129.0228652954102 -4.192202140984591e-13
37.1273765563927 -127.8518447875765 2.863487225113204e-12
39.77026176453541 -131.3594207763253 4.249045559845399e-12
32.01536750793264 -129.4375610351358 -4.334310688136611e-13
-37.39715480803577 152.310729980462 1.84385839929746e-12
-27.43234348296232 150.8421020507747 -3.055333763768431e-13
-32.81423854827798 150.4134445190364 -1.119104808822158e-12
-40.3398666381822 148.5967254638628 1.467270749344607e-12
-37.39718532561021 142.3107299804624 3.911537760359352e-12
-32.44307613372136 141.2938766479425 5.400124791776761e-13
-27.39718532560806 140.9528274536067 -1.406874616804998e-12
-32.81386470793498 140.413497924798 7.318590178329032e-13
-40.33949470520851 138.5967254638657 3.012701199622825e-12
-37.39715480803577 132.310729980462 1.84385839929746e-12
-32.44304561614859 131.2938766479427 -3.659295089164516e-13
-27.39715480804001 130.9528274536067 2.486899575160351e-14
-32.81438541411918 130.4134140014583 -6.394884621840902e-13
-40.33999633789163 128.5966720580978 1.63424829224823e-12
-37.39715766906885 122.3107261657654 -1.524114168205415e-12
-32.4430484771673 121.2938766479427 4.014566457044566e-13
-27.39715766905901 120.9528274536067 -7.176481631177012e-13
-32.81387519835187 120.4134864807061 1.257660642295377e-12
-40.33953094482534 118.5967140197742 9.130474154517287e-13
-37.39713287352895 112.3107223510728 2.042810365310288e-12
-27.43232154847137 110.842098236082 1.353583911622991e-12
-32.81425285339122 110.4134292602521 -1.4210854715202e-13
-40.33989906310799 108.5967178344725 5.293543381412746e-13
-37.3971481323152 102.3107261657649 1.794120407794253e-12
-32.44303894043137 101.2938766479429 -7.780442956573097e-13
-27.39714813231132 100.9528274536067 -1.023181539494544e-12
-32.81411743163846 100.4134483337336 -5.684341886080801e-13
-40.33975982665622 98.59669494628925 2.771116669464391e-13
-37.397347450258 92.31074523925754 -1.06226138996135e-12
-32.44323825835296 91.2938537597656 9.556799795973347e-13
-27.39631175994858 91.01266098022462 0.02409553527892072
-32.81420612334477 90.41347885131815 7.460698725481052e-13
-40.33965492248048 88.59672164916964 1.314504061156185e-13
-37.397347450258 82.31074523925754 -1.06226138996135e-12
-32.44323825835296 81.2938537597656 9.556799795973347e-13
-27.39734745025408 80.95282363891599 -4.618527782440651e-14
-32.81419849394852 80.41347885131837 9.805489753489383e-13
-40.33964538574087 78.59672164917041 1.989519660128281e-13
-37.397347450258 72.31074523925754 -1.06226138996135e-12
-32.44323825835296 71.2938537597656 9.556799795973347e-13
-27.39734745025408 70.95282363891599 -4.618527782440651e-14
-32.8142156600855 70.41347885131832 6.323830348264892e-13
-40.33966255188254 68.59672164916917 1.804778548830654e-12
-37.39735507964564 62.31074333190961 1.616484723854228e-12
-32.44324588775329 61.2938537597657 1.77635683940025e-13
-27.39735507965581 60.952823638916 7.176481631177012e-13
-32.81420421599789 60.4134807586669 2.877698079828406e-13
-40.33964538572548 58.59672164916945 -2.088995643134695e-12
-37.39735507964564 52.31074333190961 1.616484723854228e-12
-32.44324588775329 51.2938537597657 1.77635683940025e-13
-27.39735507965581 50.952823638916 7.176481631177012e-13
-32.81420421599789 50.4134807586669 2.877698079828406e-13
-40.33964538572548 48.59672164916945 -2.088995643134695e-12
-37.39735317229371 42.31074333190871 2.401634446869139e-12
-32.44324398040001 41.29385375976548 7.283063041541027e-13
-27.39735317230416 40.95282363891598 5.009326287108706e-13
-32.81419658660693 40.41348266601555 -2.877698079828406e-13
-40.33963966369451 38.59672546386724 1.023181539494544e-12
-37.39735126494897 32.31074333190912 4.050093593832571e-13
-27.4325437545625 30.84208774566645 -8.775202786637237e-13
-32.81419467924987 30.41348266601539 7.673861546209082e-13
-40.33963966369824 28.5967235565183 1.854516540333861e-12
-37.39735317229371 22.31074333190871 2.401634446869139e-12
-32.44324398040001 21.29385375976548 7.283063041541027e-13
-27.39735317230416 20.95282363891597 5.009326287108706e-13
-32.81419658660693 20.41348266601555 -2.877698079828406e-13
-40.33963966369824 18.5967235565183 1.854516540333861e-12
-37.39735221861385 12.31074380874593 4.288125410312205e-12
-32.4432430267247 11.29385375976556 7.460698725481052e-13
-27.39631652830738 11.01266098022458 0.02409553527760266
-32.81419372557814 10.41348171234115 2.344791028008331e-13
-40.33963775633622 8.596721172332586 -7.851497230149107e-13
-37.39735126494355 2.310743302107888 2.433608869978343e-12
-32.4432420730601 1.29385432600997 -6.288303211476887e-13
-27.39735126494763 0.9528238475327324 -3.019806626980426e-13
-32.81419086455777 0.4134829677646201 -4.156675004196586e-13
-40.33963584898439 -1.403277900069872 -1.303845920119784e-12
-37.3973512649398 -7.689256906509742 3.90087961932295e-12
-27.43254375456767 -9.157912731170693 -2.984279490192421e-13
-32.81419277190692 -9.586517333984453 -3.019806626980426e-13
-40.33963775633627 -11.40327692031243 -9.485745522397337e-13
-37.39735221863215 -17.68925762175814 -2.842170943040401e-12
-32.44324302673097 -18.70614719390206 -1.669775429036235e-13
-27.39735221862225 -19.04717731475169 -3.481659405224491e-13
-32.81419563293679 -19.58651924132625 -1.026734253173345e-12
-40.33963966369816 -21.40327835082968 2.152944489353104e-12
-37.39735317229366 -27.6892566680833 2.280842181789922e-12
-32.44324398040001 -28.70614624022652 6.536993168992922e-13
-27.39735317230416 -29.04717636107603 4.902744876744691e-13
-32.81419467926405 -29.5865173339765 -1.27542421068938e-12
-40.33963775634131 -31.40327644347964 2.451372438372346e-13
-37.39735603331804 -37.6892566680825 2.419398015263141e-12
-32.44324684142862 -38.70614624022659 7.105427357601002e-14
-27.39735603333401 -39.04717636107603 1.108446667785756e-12
-32.81419372558327 -39.58651733397642 3.268496584496461e-13
-40.33963394164701 -41.40327644347931 4.050093593832571e-13
-37.39735603331804 -47.6892566680825 2.419398015263141e-12
-32.44324684142862 -48.70614624022659 7.105427357601002e-14
-27.39735603333401 -49.04717636107603 1.108446667785756e-12
-32.81419944763634 -49.58651924132506 -9.521272659185342e-13
-40.33963966369824 -51.40328025816971 1.822542117224657e-12
-37.39735603331804 -57.6892566680825 2.419398015263141e-12
-32.44324684142862 -58.70614624022659 7.105427357601002e-14
-27.39735603333401 -59.04717636107603 1.108446667785756e-12
-32.81419944763634 -59.58651924132506 -9.521272659185342e-13
-40.33963966369824 -61.40328025816971 1.822542117224657e-12
-37.39735412596195 -67.68925476073457 4.906297590423492e-12
-32.44324493407795 -68.70614624022622 1.811883976188255e-13
-27.39631843567516 -68.98733901976742 0.02409553527971298
-32.81420898436225 -69.5865211486735 1.190159082398168e-12
-40.33964920043716 -71.40328216551794 3.481659405224491e-13
-37.39735412596195 -77.68925476073457 4.906297590423492e-12
-32.44324493407795 -78.70614624022622 1.811883976188255e-13
-27.39735412597999 -79.04717636107601 5.933031843596837e-13
-32.81419944762727 -79.58652114867375 4.654054919228656e-13
-40.33963966369837 -81.40328216551823 6.252776074688882e-13
-37.39735221861717 -87.6892547607341 2.899014361901209e-12
-32.44324302672469 -88.70614624022643 6.714628852932947e-13
-27.39735221862593 -89.04717636107598 9.237055564881302e-14
-32.81419754027025 -89.58652114867377 1.506350599811412e-12
-40.33963966369837 -91.40328216551823 6.252776074688882e-13
-37.39733600615074 -97.6892547607339 3.424815986363683e-12
-32.44322681427002 -98.7061462402266 -7.567280135845067e-13
-27.39733600616273 -99.04717636107603 3.623767952376511e-13
-32.8143472671338 -99.5865402221598 9.379164112033322e-13
-40.33979606626936 -101.4032630920265 -6.643574579356937e-13
-37.3971529006926 -107.6892776488581 1.470823463023407e-12
-32.44304370880149 -108.7061271666802 -5.790923296444817e-13
-27.3971529006943 -109.047176361016 -1.669775429036235e-13
-32.81388378142999 -109.5865211486136 -3.339550858072471e-13
-40.33954429625447 -111.4032897948736 3.126388037344441e-13
-37.3971529006926 -117.6892776488581 1.470823463023407e-12
-32.44304370880149 -118.7061271666802 -5.790923296444817e-13
-27.3971529006943 -119.047176361016 -1.669775429036235e-13
-32.81388378142999 -119.5865211486136 -3.339550858072471e-13
-40.33954429625447 -121.4032897948736 3.126388037344441e-13
-37.39718723296475 -157.6892700194578 2.547295707699959e-12
-32.44307804106783 -158.7061233519775 5.115907697472721e-13
-27.39718723296822 -159.0471725463133 -2.771116669464391e-13
-32.81388950347431 -159.5865097045166 9.130474154517287e-13
-40.33951759338106 -161.4032821654787 -1.172395514004165e-12
-37.39715671538783 -147.6892776488633 1.723066134218243e-12
-32.44304752349173 -148.7061309813829 7.460698725481052e-14
-27.39612102508794 -148.9873504638047 0.0240945816049809
-32.81425189970478 -149.5865707396838 1.957545237019076e-12
-40.33987808227571 -151.4032821655028 1.463718035665806e-12
-37.39718723296475 -137.6892700194578 2.547295707699959e-12
-32.44307804106783 -138.7061233519775 5.115907697472721e-13
-27.39718723296822 -139.0471725463133 -2.771116669464391e-13
-32.81388950347431 -139.5865097045166 9.130474154517287e-13
-40.33951759338106 -141.4032821654787 -1.172395514004165e-12
-37.39717197418322 -127.689273834155 -9.059419880941277e-13
-27.43235969543105 -129.1579055785399 1.63424829224823e-13
-32.81387424468713 -129.5865097045161 5.186961971048731e-13
-40.33951759338106 -131.4032821654787 -1.172395514004165e-12
30 175 -6.039613253960852e-14
-30 177.5000000000049 6.714628852932947e-13
-30 180 6.039613253960852e-14
-30 175 -6.039613253960852e-14
2.03597259521624 180 15.18699932097704
1.404172897341827 180 15.75662803648627
30 -177.5000000000049 6.714628852932947e-13
30 -180 6.039613253960852e-14
30 -175 -6.039613253960852e-14
2.035972595216897 -180 -15.18699932096915
-0.6067771911600275 -180 10.929454803467
0.02502250671599171 -180 11.49908351898189
1.429195404056756 -180 15.74245548247072
25 153.8493766784571 58.53015357168453
-12.50000000000003 169 57.49999999999997
12.50000000000002 169 32.50000000000001
12.50000000000003 -169 57.49999999999997
-12.50000000000002 -169 32.50000000000001
14.34896271538924 -67.80876836917675 31.46799114121732
-14.27923059851001 -76.63743030032157 57.09514230108154
13.77148851540926 -72.69644255079295 45.80045024990785
-13.95106840883912 -70.55971662971349 34.52940725003382
-14.34888225712364 89.8087763105425 31.46793709412679
13.77148368567875 54.69844734077304 45.80795036643207
-13.94368672202789 58.4107966910781 56.61595614097816
13.94370910155868 43.58919470529028 56.61599356847093
-13.77150637378019 47.30154854543978 45.80796814661239
14.34896048700443 12.19122845277723 31.46798054293978
-14.34888134124548 9.808779544378613 31.46793325870519
14.34896091594622 -27.8087717023244 31.46798246337155
-14.27933411875362 -156.6374482946994 57.09522362063272
13.77141915119237 -152.6964216809725 45.80049570808323
-13.95097856095209 -150.5596974360552 34.52947107709399
32.1441345373062 -118.2891838996392 10.66300226326934
36.100774838571 -120.5849811377545 -10.44600190880497
32.1440841836577 151.710823964688 10.66298459629595
36.10100718125975 149.4149958491604 -10.44608443398524
32.14412959866221 141.7108270295381 10.66300090468489
36.10072410263808 139.4150370204844 -10.44598986233553
32.1440841836577 131.710823964688 10.66298459629595
36.10113045162753 129.4149523387753 -10.44611837447253
32.14412615063345 121.7108196741381 10.66299935475884
36.10075735972504 119.415024604279 -10.44600092042492
32.14407009178358 111.7108140959064 10.66297914525497
36.10102784419711 109.4149875810471 -10.44609609141657
32.14409374542988 101.7108156921637 10.66298763917851
36.10093038778627 99.41498724332553 -10.44606059525285
32.14426539652256 91.71083079114096 10.6630509234036
36.10094919147934 89.4150160532752 -10.44599179320465
32.14426539652256 81.71083079114096 10.6630509234036
36.10094919147934 79.4150160532752 -10.44599179320465
32.14426539652256 71.71083079114096 10.6630509234036
36.10095970054807 69.41501231029325 -10.4459945370057
32.14427396563293 61.71083019708079 10.66305398853944
36.1009473792421 59.41501889436408 -10.44598751810697
32.14427396563293 51.71083019708079 10.66305398853944
36.1009473792421 49.41501889436408 -10.44598751810697
32.14427396563293 41.71083019708079 10.66305398853944
36.10094623487406 39.41501884646304 -10.4459874373129
32.1442730194948 31.71083013322964 10.66305364877584
36.10094421475053 29.41501847358024 -10.44598733156
32.14427304639878 21.71082954886701 10.66305365239797
36.10094421475053 19.41501847358024 -10.44598733156
32.17145794585696 11.65966403290816 10.70407120629378
36.10094306316314 9.415016399966145 -10.44598785879654
32.14427210829347 1.710829744296961 10.66305332196298
36.10094203127265 -0.5849829261106477 -10.44598719412572
32.14427020796531 -8.289170642686651 10.66305263309847
36.10094206221812 -10.58498247834543 -10.44598773357247
32.14427109504204 -18.2891710315904 10.66305293190896
36.10094306551056 -20.58498354206208 -10.44598780242411
32.1714598073363 -28.34033701457192 10.70407186669914
36.10094418011068 -30.58498409614864 -10.44598733488672
32.1442740194468 -38.28917097163794 10.66305399578435
36.10094479568468 -40.58498327198151 -10.44598715167056
32.14427212716305 -48.28917109934091 10.66305331625563
36.1009405223748 -50.58498079323117 -10.4459867379711
32.14427212716305 -58.28917109934091 10.66305331625563
36.1009405223748 -60.58498079323117 -10.4459867379711
32.17144468205232 -68.34033647382388 10.70406637364432
36.10095040178768 -70.58499030386282 -10.44599526356797
32.1442579349831 -78.28917205711085 10.66304821977413
36.10093989269514 -80.584986560874 -10.4459925197583
32.14426077341033 -88.2891718655558 10.66304923906496
36.10093522989123 -90.58498387387991 -10.44599005764063
32.14423333519054 -98.28917371725045 10.66303938589234
36.1010394397818 -100.5849863860249 -10.4460287201844
32.1441345373062 -108.2891838996392 10.66300226326934
36.100774838571 -110.5849811377545 -10.44600190880498
32.14414826431334 -158.2891799903532 10.66300740123585
36.10076173064959 -160.5849745115489 -10.44599175829529
32.14408392639066 -148.2891843322138 10.66298429765732
36.10102419035537 -150.5850158285285 -10.446088698474
32.14414826431334 -138.2891799903532 10.66300740123585
36.10076173064959 -140.5849745115489 -10.44599175829529
32.14414849324643 -128.2891847529715 10.66300719585912
36.10076115602973 -130.5849745656801 -10.44599199372744
-32.39273122779694 151.7258101482059 10.72819457620118
-36.5478194106775 149.3839886341584 -10.8231489329334
-36.54744991545799 139.3840329144765 -10.82299890820709
-36.5479552207872 129.3839382316517 -10.82319966832036
-36.54747306145302 119.3840201488664 -10.82302394105336
-32.39270938983468 111.7258041592071 10.72818636942471
-36.54784269230773 109.3839760445236 -10.82317044722219
-36.54770631040826 99.3839809192031 -10.82311374747119
-36.54769983393849 89.38401964961572 -10.82299161837082
-36.54769145616177 79.38402053067109 -10.82298890763634
-36.54770809513424 69.38401834700646 -10.82299467793443
-36.54769416617833 59.38402107805685 -10.82298512117227
-36.54769416617833 49.38402107805685 -10.82298512117227
-36.54768752341406 39.3840239177251 -10.82298381404482
-32.39292684455732 31.72582544264456 10.72826496732704
-36.54768641834683 29.38402243338562 -10.82298461570932
-36.54768740159562 19.38402258655494 -10.82298382841107
-36.54768508733742 9.384021287334241 -10.82298367001058
-36.54768262271737 -0.615977947827768 -10.82298335615322
-32.39292687360006 -8.274175136328017 10.72826499301955
-36.54768453911129 -10.61597765677295 -10.82298397815926
-36.54768690997819 -20.61597939737173 -10.82298422206348
-36.54768555281974 -30.6159771708084 -10.82298318727067
-36.54768333013264 -40.615976455795 -10.82298072403509
-36.54768898967734 -50.6159794486343 -10.82298281846796
-36.54768898967734 -60.6159794486343 -10.82298281846796
-36.54769835141516 -70.61598208082906 -10.822987463097
-36.5476891075537 -80.6159808676781 -10.82298425738855
-36.54768812430497 -90.61598102084663 -10.82298504468682
-36.54784048355946 -100.6159865928891 -10.82304806525415
-36.54748378841297 -110.6159868994497 -10.82303036874536
-36.54748378841297 -120.6159868994497 -10.82303036874536
-36.54747402411796 -160.6159735789536 -10.82300644128164
-36.5478319739135 -150.6160226022494 -10.82315193524749
-36.54747402411796 -140.6159735789536 -10.82300644128164
-32.39274816615374 -128.2741976373027 10.72820165678023
-36.54746615818248 -130.6159748042809 -10.82301273979517
-10.1571170391016 -169.7243488919789 11.20538988651603
-27.6743947495533 -177.5963707967794 -5.052103985378963
3.107423317822127 -179.1800118014935 6.965853515627591
-15.67504155571373 -177.594180594112 8.933717380403328
23.81265583138735 176.9393145751033 -7.989207324264756
-8.772972150745982 168.6165542596547 -7.509651281209044
-25.90089776687575 -179.7023974973639 -5.13996773337595
28.01667431514952 177.5647248958722 -5.272400738343281
-26.28547838184061 -179.7941377657592 -4.361029109918628
16.81219191527262 176.2308535757247 -10.63490743172301
3.573382835048583 -156.1215724746699 1.398836790486798
-1.252061220200905 72.12007454831729 5.717421985265231
-0.5859003693732424 -8.50791749815186 5.365545963397479
-1.232651678308426 -87.79250576529596 6.088687689790355
-0.5813605578566035 31.82287469488185 5.033053553708033
-0.5784941493177935 -48.19105958388936 5.031778711313559
-0.8630457185342916 111.3015212995699 5.311479433647733
-0.8380856593711327 -128.9543120559691 5.589400901448996

CELLS 11385 45349
1 0
1 1
1 2
1 3
1 4
1 5
1 6
1 7
1 8
1 9
1 10
1 11
1 12
1 13
1 14
1 15
1 16
1 17
1 18
1 19
1 20
1 21
1 22
1 23
1 24
1 25
1 26
1 27
1 28
1 29
1 30
1 31
1 32
1 33
1 34
1 35
1 36
1 37
1 38
1 39
1 40
1 41
1 42
1 43
1 44
1 45
1 46
1 47
1 48
1 49
1 50
1 51
1 52
1 53
1 54
1 55
1 56
1 57
1 58
1 59
1 60
1 61
1 62
1 63
1 64
1 65
1 66
1 67
1 68
1 69
1 70
1 71
1 72
1 73
1 74
1 75
1 76
1 77
1 78
1 79
1 80
1 81
1 82
1 83
1 84
1 85
1 86
1 87
1 88
1 89
1 90
1 91
1 92
1 93
1 94
1 95
1 96
1 97
1 98
1 99
1 100
1 101
1 102
1 103
1 104
1 105
1 106
1 107
1 108
1 109
1 110
1 111
1 112
1 113
1 114
1 115
1 116
1 117
1 118
1 119
1 120
1 121
1 122
1 123
1 124
1 125
1 126
1 127
1 128
1 129
1 130
1 131
1 132
1 133
1 134
1 135
1 136
1 137
1 138
1 139
1 140
1 141
1 142
1 143
1 144
1 145
1 146
1 147
1 148
1 149
1 150
1 151
1 152
1 153
1 154
1 155
1 156
1 157
1 158
1 159
1 160
1 161
1 162
1 163
1 164
1 165
1 166
1 167
1 168
1 169
1 170
1 171
1 172
1 173
1 174
1 175
1 176
1 177
1 178
1 179
1 180
1 181
1 182
1 183
1 184
1 185
1 186
1 187
1 188
1 189
1 190
1 191
1 192
1 193
1 194
1 195
1 196
1 197
1 198
1 199
1 200
1 201
1 202
1 203
1 204
1 205
1 206
1 207
1 208
1 209
1 210
1 211
1 212
1 213
1 214
1 215
1 216
1 217
1 218
1 219
1 220
1 221
1 222
1 223
1 224
1 225
1 226
1 227
1 228
1 229
1 230
1 231
1 232
1 233
1 234
1 235
1 236
1 237
1 238
1 239
1 240
1 241
1 242
1 243
1 244
1 245
1 246
1 247
1 248
1 249
1 250
1 251
1 252
1 253
1 254
1 255
1 256
1 257
1 258
1 259
1 260
1 261
1 262
1 263
1 264
1 265
1 266
1 267
1 268
1 269
1 270
1 271
1 272
1 273
1 274
1 275
1 276
1 277
1 278
1 279
1 280
1 281
1 282
1 283
1 284
1 285
1 286
1 287
1 288
1 289
1 290
1 291
1 292
1 293
1 294
1 295
1 296
1 297
1 298
1 299
1 300
1 301
1 302
1 303
1 304
1 305
1 306
1 307
1 308
1 309
1 310
1 311
1 312
1 313
1 314
1 315
1 316
1 317
1 318
1 319
1 320
1 321
1 322
1 323
1 324
1 325
1 326
1 327
1 328
1 329
1 330
1 331
1 332
1 333
1 334
1 335
1 336
1 337
1 338
1 339
1 340
1 341
1 342
1 343
1 344
1 345
1 346
1 347
1 348
1 349
1 350
1 351
1 352
1 353
1 354
1 355
1 356
1 357
1 358
1 359
1 360
1 361
1 362
1 363
1 364
1 365
1 366
1 367
1 368
1 369
1 370
1 371
1 372
1 373
1 374
1 375
1 376
1 377
1 378
1 379
1 380
1 381
1 382
1 383
1 384
1 385
1 386
1 387
1 388
1 389
1 390
1 391
1 392
1 393
1 394
1 395
1 396
1 397
1 398
1 399
1 400
1 401
1 402
1 403
1 404
1 405
1 406
1 407
1 408
1 409
1 410
1 411
1 412
1 413
1 414
1 415
1 416
1 417
1 418
1 419
1 420
1 421
1 422
1 423
1 424
1 425
1 426
1 427
1 428
1 429
1 430
1 431
1 432
1 433
1 434
1 435
1 436
1 437
1 438
1 439
1 440
1 441
1 442
1 443
1 444
1 445
1 446
1 447
1 448
1 449
1 450
1 451
1 452
1 453
1 454
1 455
1 456
1 457
1 458
1 459
1 460
1 461
1 462
1 463
1 464
1 465
1 466
1 467
1 468
1 469
1 470
1 471
1 472
1 473
1 474
1 475
1 476
1 477
1 478
1 479
1 480
1 481
1 482
1 483
1 484
1 485
1 486
1 487
1 488
1 489
1 490
1 491
1 492
1 493
1 494
1 495
1 496
1 497
1 498
1 499
1 500
1 501
1 502
1 503
1 504
1 505
1 506
1 507
1 508
1 509
1 510
1 511
1 512
1 513
1 514
1 515
1 516
1 517
1 518
1 519
1 520
1 521
1 522
1 523
1 524
1 525
1 526
1 527
1 528
1 529
1 530
1 531
1 532
1 533
1 534
1 535
1 536
1 537
1 538
1 539
1 540
1 541
1 542
1 543
1 544
1 545
1 546
1 547
1 548
1 549
1 550
1 551
1 552
1 553
1 554
1 555
1 556
1 557
1 558
1 559
1 560
1 561
1 562
1 563
1 564
1 565
1 566
1 567
1 568
1 569
1 570
1 571
1 572
1 573
1 574
1 575
1 576
1 577
1 578
1 579
1 580
1 581
1 582
1 583
1 584
1 585
1 586
1 587
1 588
1 589
1 590
1 591
1 592
1 593
1 594
1 595
1 596
1 597
1 598
1 599
1 600
1 601
1 602
1 603
1 604
1 605
1 606
1 607
1 608
1 609
1 610
1 611
1 612
1 613
1 614
1 615
1 616
1 617
1 618
1 619
1 620
1 621
1 622
1 623
1 624
1 625
1 626
1 627
1 628
1 629
1 630
1 631
1 632
1 633
1 634
1 635
1 636
1 637
1 638
1 639
1 640
1 641
1 642
1 643
1 644
1 645
1 646
1 647
1 648
1 649
1 650
1 651
1 652
1 653
1 654
1 655
1 656
1 657
1 658
1 659
1 660
1 661
1 662
1 663
1 664
1 665
1 666
1 667
1 668
1 669
1 670
1 671
1 672
1 673
1 674
1 675
1 676
1 677
1 678
1 679
1 680
1 681
1 682
1 683
1 684
1 685
1 686
1 687
1 688
1 689
1 690
1 691
1 692
1 693
1 694
1 695
1 696
1 697
1 698
1 699
1 700
1 701
1 702
1 703
1 704
1 705
1 706
1 707
1 708
1 709
1 710
1 711
1 712
1 713
1 714
1 715
1 716
1 717
1 718
1 719
1 720
1 721
1 722
1 723
1 724
1 725
1 726
1 727
1 728
1 729
1 730
1 731
1 732
1 733
1 734
1 735
1 736
1 737
2 0 1
2 1 2
2 2 0
2 3 2
2 0 3
2 4 5
2 5 6
2 6 4
2 7 5
2 4 7
2 8 5
2 8 6
2 9 10
2 10 11
2 11 9
2 12 9
2 12 10
2 13 14
2 14 15
2 15 13
2 14 16
2 15 16
2 16 17
2 17 18
2 18 16
2 19 17
2 19 738
2 738 18
2 17 20
2 20 21
2 21 17
2 22 17
2 22 20
2 23 22
2 17 23
2 21 19
2 15 18
2 24 25
2 25 26
2 26 24
2 25 27
2 27 26
2 28 25
2 28 24
2 24 29
2 29 28
2 30 28
2 30 29
2 31 32
2 32 33
2 33 31
2 31 34
2 34 32
2 35 33
2 32 35
2 36 33
2 35 36
2 37 31
2 37 34
2 38 39
2 39 40
2 40 38
2 41 40
2 38 41
2 42 43
2 43 44
2 44 42
2 45 43
2 42 45
2 46 45
2 46 42
2 42 739
2 739 47
2 47 740
2 740 46
2 48 741
2 741 46
2 48 47
2 49 50
2 50 51
2 51 49
2 52 49
2 52 51
2 53 54
2 54 742
2 742 55
2 55 743
2 743 53
2 56 744
2 744 53
2 56 55
2 57 58
2 58 59
2 59 57
2 60 57
2 60 59
2 61 62
2 62 63
2 63 61
2 64 61
2 64 63
2 65 66
2 66 67
2 67 65
2 68 65
2 68 745
2 745 67
2 69 70
2 70 71
2 71 69
2 72 746
2 746 69
2 72 71
2 73 74
2 74 75
2 75 747
2 747 73
2 76 748
2 748 73
2 76 75
2 77 78
2 78 79
2 79 77
2 80 77
2 79 80
2 81 77
2 80 81
2 80 749
2 749 82
2 82 750
2 750 81
2 83 751
2 751 81
2 83 82
2 46 84
2 84 68
2 68 46
2 85 46
2 85 84
2 46 86
2 86 85
2 86 752
2 752 87
2 87 753
2 753 85
2 88 754
2 754 85
2 88 87
2 89 90
2 90 68
2 68 89
2 91 89
2 68 91
2 92 89
2 91 92
2 91 755
2 755 93
2 93 756
2 756 92
2 94 757
2 757 92
2 94 93
2 95 96
2 96 90
2 90 95
2 97 95
2 90 97
2 98 95
2 97 98
2 97 758
2 758 99
2 99 759
2 759 98
2 100 760
2 760 98
2 100 99
2 101 72
2 72 96
2 96 101
2 102 101
2 96 102
2 103 101
2 102 103
2 102 761
2 761 104
2 104 762
2 762 103
2 105 763
2 763 103
2 105 104
2 106 107
2 107 108
2 108 106
2 109 106
2 108 109
2 110 106
2 110 109
2 109 111
2 111 110
2 112 764
2 764 107
2 112 765
2 765 108
2 113 114
2 114 115
2 115 113
2 116 113
2 115 116
2 117 113
2 117 116
2 116 110
2 110 117
2 118 766
2 766 114
2 118 767
2 767 115
2 119 120
2 120 121
2 121 119
2 122 119
2 121 122
2 123 119
2 123 122
2 122 117
2 117 123
2 124 768
2 768 120
2 124 769
2 769 121
2 125 126
2 126 127
2 127 125
2 128 126
2 128 125
2 128 129
2 129 130
2 130 128
2 131 129
2 131 128
2 132 133
2 133 134
2 134 132
2 135 133
2 135 132
2 135 136
2 136 137
2 137 135
2 138 136
2 138 135
2 139 140
2 140 141
2 141 139
2 142 140
2 139 142
2 143 770
2 770 140
2 143 771
2 771 141
2 144 145
2 145 146
2 146 144
2 140 145
2 144 140
2 147 772
2 772 144
2 147 773
2 773 140
2 148 149
2 149 150
2 150 148
2 144 149
2 148 144
2 151 774
2 774 148
2 151 775
2 775 144
2 152 153
2 153 154
2 154 152
2 148 153
2 152 148
2 155 776
2 776 152
2 155 777
2 777 148
2 131 156
2 156 157
2 157 131
2 152 156
2 131 152
2 158 778
2 778 131
2 158 779
2 779 152
2 159 160
2 160 161
2 161 159
2 125 160
2 159 125
2 162 780
2 780 159
2 162 781
2 781 125
2 138 163
2 163 164
2 164 138
2 159 163
2 138 159
2 165 782
2 782 138
2 165 783
2 783 159
2 166 167
2 167 168
2 168 166
2 132 167
2 166 132
2 169 784
2 784 166
2 169 785
2 785 132
2 170 171
2 171 172
2 172 170
2 166 171
2 170 166
2 173 786
2 786 170
2 173 787
2 787 166
2 174 175
2 175 176
2 176 174
2 170 175
2 174 170
2 177 788
2 788 174
2 177 789
2 789 170
2 178 179
2 179 180
2 180 178
2 174 179
2 178 174
2 181 790
2 790 178
2 181 791
2 791 174
2 182 183
2 183 184
2 184 182
2 178 183
2 182 178
2 185 792
2 792 182
2 185 793
2 793 178
2 186 187
2 187 188
2 188 186
2 182 187
2 186 182
2 189 794
2 794 186
2 189 795
2 795 182
2 190 191
2 191 192
2 192 190
2 186 191
2 190 186
2 193 796
2 796 190
2 193 797
2 797 186
2 194 195
2 195 196
2 196 194
2 190 195
2 194 190
2 197 798
2 798 194
2 197 799
2 799 190
2 198 199
2 199 200
2 200 198
2 194 199
2 198 194
2 201 800
2 800 198
2 201 801
2 801 194
2 202 203
2 203 204
2 204 202
2 198 203
2 202 198
2 205 802
2 802 202
2 205 803
2 803 198
2 206 207
2 207 208
2 208 206
2 202 207
2 206 202
2 209 804
2 804 206
2 209 805
2 805 202
2 210 211
2 211 212
2 212 210
2 206 211
2 210 206
2 213 806
2 806 210
2 213 807
2 807 206
2 214 215
2 215 216
2 216 214
2 210 215
2 214 210
2 217 808
2 808 214
2 217 809
2 809 210
2 218 219
2 219 220
2 220 218
2 214 219
2 218 214
2 221 810
2 810 218
2 221 811
2 811 214
2 222 223
2 223 224
2 224 222
2 218 223
2 222 218
2 225 812
2 812 222
2 225 813
2 813 218
2 226 227
2 227 228
2 228 226
2 222 227
2 226 222
2 229 814
2 814 226
2 229 815
2 815 222
2 230 83
2 82 230
2 226 83
2 230 226
2 231 816
2 816 230
2 231 817
2 817 226
2 232 233
2 233 234
2 234 232
2 230 233
2 232 230
2 235 818
2 818 232
2 235 819
2 819 230
2 236 105
2 104 236
2 232 105
2 236 232
2 237 820
2 820 236
2 237 821
2 821 232
2 238 100
2 99 238
2 236 100
2 238 236
2 239 822
2 822 238
2 239 823
2 823 236
2 240 94
2 93 240
2 238 94
2 240 238
2 241 824
2 824 240
2 241 825
2 825 238
2 48 88
2 87 48
2 240 88
2 48 240
2 242 826
2 826 48
2 242 827
2 827 240
2 5 47
2 47 0
2 0 5
2 243 828
2 828 47
2 243 829
2 829 5
2 244 245
2 245 19
2 19 244
2 5 830
2 830 245
2 244 831
2 831 5
2 244 243
2 243 832
2 832 48
2 243 242
2 241 242
2 246 241
2 242 246
2 112 246
2 242 112
2 239 241
2 247 239
2 241 247
2 118 247
2 241 118
2 237 239
2 248 237
2 239 248
2 124 248
2 239 124
2 235 237
2 249 235
2 237 249
2 250 249
2 237 250
2 231 235
2 251 231
2 235 251
2 252 251
2 235 252
2 229 231
2 253 229
2 231 253
2 254 253
2 231 254
2 225 229
2 255 225
2 229 255
2 256 255
2 229 256
2 221 225
2 257 221
2 225 257
2 258 257
2 225 258
2 217 221
2 259 217
2 221 259
2 260 259
2 221 260
2 213 217
2 261 213
2 217 261
2 262 261
2 217 262
2 209 213
2 263 209
2 213 263
2 264 263
2 213 264
2 205 209
2 265 205
2 209 265
2 266 265
2 209 266
2 201 205
2 267 201
2 205 267
2 268 267
2 205 268
2 197 201
2 269 197
2 201 269
2 270 269
2 201 270
2 193 197
2 271 193
2 197 271
2 272 271
2 197 272
2 189 193
2 273 189
2 193 273
2 274 273
2 193 274
2 185 189
2 275 185
2 189 275
2 276 275
2 189 276
2 181 185
2 277 181
2 185 277
2 278 277
2 185 278
2 177 181
2 279 177
2 181 279
2 280 279
2 181 280
2 173 177
2 281 173
2 177 281
2 282 281
2 177 282
2 169 173
2 283 169
2 173 283
2 284 283
2 173 284
2 285 833
2 833 132
2 285 169
2 286 285
2 169 286
2 287 286
2 169 287
2 285 834
2 834 135
2 288 835
2 835 135
2 288 285
2 289 288
2 285 289
2 290 289
2 285 290
2 288 836
2 836 138
2 165 288
2 291 165
2 288 291
2 292 291
2 288 292
2 162 165
2 293 162
2 165 293
2 294 293
2 165 294
2 295 837
2 837 125
2 295 162
2 296 295
2 162 296
2 297 296
2 162 297
2 295 838
2 838 128
2 298 839
2 839 128
2 298 295
2 299 298
2 295 299
2 300 299
2 295 300
2 298 840
2 840 131
2 158 298
2 301 158
2 298 301
2 302 301
2 298 302
2 155 158
2 303 155
2 158 303
2 304 303
2 158 304
2 151 155
2 305 151
2 155 305
2 306 305
2 155 306
2 147 151
2 307 147
2 151 307
2 308 307
2 151 308
2 143 147
2 147 309
2 309 310
2 310 147
2 310 143
2 311 141
2 311 143
2 312 313
2 313 314
2 314 312
2 311 312
2 314 311
2 143 312
2 315 141
2 311 315
2 316 315
2 311 316
2 317 315
2 316 317
2 318 243
2 318 242
2 243 319
2 319 318
2 320 841
2 841 250
2 320 842
2 842 249
2 321 320
2 320 322
2 322 321
2 123 321
2 322 123
2 323 321
2 123 323
2 250 843
2 843 322
2 120 844
2 844 248
2 114 845
2 845 247
2 107 846
2 846 246
2 324 847
2 847 252
2 324 848
2 848 251
2 325 324
2 324 326
2 326 325
2 327 325
2 326 327
2 328 325
2 328 327
2 327 323
2 323 328
2 252 849
2 849 326
2 329 850
2 850 254
2 329 851
2 851 253
2 330 329
2 329 331
2 331 330
2 332 330
2 331 332
2 333 330
2 333 332
2 332 328
2 328 333
2 254 852
2 852 331
2 334 853
2 853 256
2 334 854
2 854 255
2 335 334
2 334 336
2 336 335
2 337 335
2 336 337
2 76 335
2 76 337
2 337 333
2 333 76
2 256 855
2 855 336
2 338 856
2 856 258
2 338 857
2 857 257
2 339 338
2 338 340
2 340 339
2 341 339
2 340 341
2 75 339
2 75 341
2 341 76
2 258 858
2 858 340
2 342 859
2 859 260
2 342 860
2 860 259
2 343 342
2 342 344
2 344 343
2 345 343
2 344 345
2 346 343
2 346 345
2 345 75
2 75 346
2 260 861
2 861 344
2 347 862
2 862 262
2 347 863
2 863 261
2 348 347
2 347 349
2 349 348
2 350 348
2 349 350
2 351 348
2 351 350
2 350 346
2 346 351
2 262 864
2 864 349
2 352 865
2 865 264
2 352 866
2 866 263
2 353 352
2 352 354
2 354 353
2 355 353
2 354 355
2 356 353
2 356 355
2 355 351
2 351 356
2 264 867
2 867 354
2 357 868
2 868 266
2 357 869
2 869 265
2 358 357
2 357 359
2 359 358
2 360 358
2 359 360
2 361 358
2 361 360
2 360 356
2 356 361
2 266 870
2 870 359
2 362 871
2 871 268
2 362 872
2 872 267
2 363 362
2 362 364
2 364 363
2 365 363
2 364 365
2 366 363
2 366 365
2 365 361
2 361 366
2 268 873
2 873 364
2 367 874
2 874 270
2 367 875
2 875 269
2 368 367
2 367 369
2 369 368
2 370 368
2 369 370
2 371 368
2 371 370
2 370 366
2 366 371
2 270 876
2 876 369
2 372 877
2 877 272
2 372 878
2 878 271
2 373 372
2 372 374
2 374 373
2 375 373
2 374 375
2 376 373
2 376 375
2 375 371
2 371 376
2 272 879
2 879 374
2 377 880
2 880 274
2 377 881
2 881 273
2 378 377
2 377 379
2 379 378
2 376 378
2 379 376
2 380 378
2 376 380
2 274 882
2 882 379
2 381 883
2 883 276
2 381 884
2 884 275
2 382 381
2 381 383
2 383 382
2 384 382
2 383 384
2 64 382
2 64 384
2 384 380
2 380 64
2 276 885
2 885 383
2 385 886
2 886 278
2 385 887
2 887 277
2 386 385
2 385 387
2 387 386
2 388 386
2 387 388
2 63 386
2 63 388
2 388 64
2 278 888
2 888 387
2 389 889
2 889 280
2 389 890
2 890 279
2 390 389
2 389 391
2 391 390
2 392 390
2 391 392
2 393 390
2 393 392
2 392 63
2 63 393
2 280 891
2 891 391
2 394 892
2 892 282
2 394 893
2 893 281
2 395 394
2 394 396
2 396 395
2 393 395
2 396 393
2 397 395
2 393 397
2 282 894
2 894 396
2 398 895
2 895 284
2 398 896
2 896 283
2 399 398
2 398 400
2 400 399
2 401 399
2 400 401
2 60 399
2 60 401
2 401 397
2 397 60
2 284 897
2 897 400
2 402 898
2 898 287
2 402 899
2 899 286
2 403 402
2 402 404
2 404 403
2 405 403
2 404 405
2 59 403
2 59 405
2 405 60
2 287 900
2 900 404
2 406 901
2 901 290
2 406 902
2 902 289
2 407 406
2 406 408
2 408 407
2 409 407
2 408 409
2 410 407
2 410 409
2 409 59
2 59 410
2 290 903
2 903 408
2 411 904
2 904 292
2 411 905
2 905 291
2 412 411
2 411 413
2 413 412
2 414 412
2 413 414
2 415 412
2 415 414
2 414 410
2 410 415
2 292 906
2 906 413
2 416 907
2 907 294
2 416 908
2 908 293
2 417 416
2 416 418
2 418 417
2 419 417
2 418 419
2 420 417
2 420 419
2 419 415
2 415 420
2 294 909
2 909 418
2 421 910
2 910 297
2 421 911
2 911 296
2 422 421
2 421 423
2 423 422
2 424 422
2 423 424
2 425 422
2 425 424
2 424 420
2 420 425
2 297 912
2 912 423
2 426 913
2 913 300
2 426 914
2 914 299
2 427 426
2 426 428
2 428 427
2 429 427
2 428 429
2 430 427
2 430 429
2 429 425
2 425 430
2 300 915
2 915 428
2 431 916
2 916 302
2 431 917
2 917 301
2 432 431
2 431 433
2 433 432
2 430 432
2 433 430
2 434 432
2 430 434
2 302 918
2 918 433
2 435 919
2 919 304
2 435 920
2 920 303
2 436 435
2 435 437
2 437 436
2 438 436
2 437 438
2 439 436
2 439 438
2 438 434
2 434 439
2 304 921
2 921 437
2 440 922
2 922 306
2 440 923
2 923 305
2 441 440
2 440 442
2 442 441
2 443 441
2 442 443
2 444 441
2 444 443
2 443 439
2 439 444
2 306 924
2 924 442
2 445 925
2 925 308
2 445 926
2 926 307
2 446 445
2 445 447
2 447 446
2 448 446
2 447 448
2 56 446
2 56 448
2 448 444
2 444 56
2 308 927
2 927 447
2 449 928
2 928 309
2 449 929
2 929 310
2 449 56
2 55 449
2 450 56
2 449 450
2 309 930
2 930 450
2 233 931
2 931 451
2 451 932
2 932 234
2 452 933
2 933 234
2 452 451
2 453 79
2 79 72
2 72 453
2 452 453
2 72 452
2 451 453
2 227 934
2 934 454
2 454 935
2 935 228
2 455 936
2 936 228
2 455 454
2 456 457
2 457 78
2 78 456
2 455 456
2 78 455
2 454 456
2 223 937
2 937 458
2 458 938
2 938 224
2 459 939
2 939 224
2 459 458
2 460 461
2 461 457
2 457 460
2 459 460
2 457 459
2 458 460
2 219 940
2 940 462
2 462 941
2 941 220
2 463 942
2 942 220
2 463 462
2 464 465
2 465 461
2 461 464
2 463 464
2 461 463
2 462 464
2 215 943
2 943 466
2 466 944
2 944 216
2 467 945
2 945 216
2 467 466
2 468 469
2 469 465
2 465 468
2 467 468
2 465 467
2 466 468
2 211 946
2 946 470
2 470 947
2 947 212
2 471 948
2 948 212
2 471 470
2 472 473
2 473 469
2 469 472
2 471 472
2 469 471
2 470 472
2 207 949
2 949 474
2 474 950
2 950 208
2 475 951
2 951 208
2 475 474
2 476 477
2 477 473
2 473 476
2 475 476
2 473 475
2 474 476
2 203 952
2 952 478
2 478 953
2 953 204
2 479 954
2 954 204
2 479 478
2 480 481
2 481 477
2 477 480
2 479 480
2 477 479
2 478 480
2 199 955
2 955 482
2 482 956
2 956 200
2 483 957
2 957 200
2 483 482
2 484 485
2 485 481
2 481 484
2 483 484
2 481 483
2 482 484
2 195 958
2 958 486
2 486 959
2 959 196
2 487 960
2 960 196
2 487 486
2 488 489
2 489 485
2 485 488
2 487 488
2 485 487
2 486 488
2 191 961
2 961 490
2 490 962
2 962 192
2 491 963
2 963 192
2 491 490
2 492 493
2 493 489
2 489 492
2 491 492
2 489 491
2 490 492
2 187 964
2 964 494
2 494 965
2 965 188
2 495 966
2 966 188
2 495 494
2 496 51
2 51 493
2 493 496
2 495 496
2 493 495
2 494 496
2 183 967
2 967 497
2 497 968
2 968 184
2 498 969
2 969 184
2 498 497
2 499 52
2 51 499
2 498 499
2 51 498
2 497 499
2 179 970
2 970 500
2 500 971
2 971 180
2 501 972
2 972 180
2 501 500
2 502 503
2 503 52
2 52 502
2 501 502
2 52 501
2 500 502
2 175 973
2 973 504
2 504 974
2 974 176
2 505 975
2 975 176
2 505 504
2 506 507
2 507 503
2 503 506
2 505 506
2 503 505
2 504 506
2 171 976
2 976 508
2 508 977
2 977 172
2 509 978
2 978 172
2 509 508
2 510 511
2 511 507
2 507 510
2 509 510
2 507 509
2 508 510
2 167 979
2 979 512
2 512 980
2 980 168
2 513 981
2 981 168
2 513 512
2 514 515
2 515 511
2 511 514
2 513 514
2 511 513
2 512 514
2 133 982
2 982 516
2 516 983
2 983 134
2 517 984
2 984 134
2 517 516
2 518 519
2 519 515
2 515 518
2 517 518
2 515 517
2 516 518
2 136 985
2 985 520
2 520 986
2 986 137
2 521 987
2 987 137
2 521 520
2 522 523
2 523 519
2 519 522
2 521 522
2 519 521
2 520 522
2 163 988
2 988 524
2 524 989
2 989 164
2 525 990
2 990 164
2 525 524
2 526 527
2 527 523
2 523 526
2 525 526
2 523 525
2 524 526
2 160 991
2 991 528
2 528 992
2 992 161
2 529 993
2 993 161
2 529 528
2 530 531
2 531 527
2 527 530
2 529 530
2 527 529
2 528 530
2 126 994
2 994 532
2 532 995
2 995 127
2 533 996
2 996 127
2 533 532
2 534 535
2 535 531
2 531 534
2 533 534
2 531 533
2 532 534
2 129 997
2 997 536
2 536 998
2 998 130
2 537 999
2 999 130
2 537 536
2 538 539
2 539 535
2 535 538
2 537 538
2 535 537
2 536 538
2 156 1000
2 1000 540
2 540 1001
2 1001 157
2 541 1002
2 1002 157
2 541 540
2 542 543
2 543 539
2 539 542
2 541 542
2 539 541
2 540 542
2 153 1003
2 1003 544
2 544 1004
2 1004 154
2 545 1005
2 1005 154
2 545 544
2 546 547
2 547 543
2 543 546
2 545 546
2 543 545
2 544 546
2 149 1006
2 1006 548
2 548 1007
2 1007 150
2 549 1008
2 1008 150
2 549 548
2 550 551
2 551 547
2 547 550
2 549 550
2 547 549
2 548 550
2 145 1009
2 1009 552
2 552 1010
2 1010 146
2 553 1011
2 1011 146
2 553 552
2 554 555
2 555 551
2 551 554
2 553 554
2 551 553
2 552 554
2 139 1012
2 1012 556
2 556 1013
2 1013 142
2 557 1014
2 1014 142
2 557 556
2 558 557
2 556 558
2 555 557
2 558 555
2 74 346
2 328 559
2 559 333
2 76 1015
2 1015 560
2 560 73
2 561 560
2 76 1016
2 1016 561
2 333 561
2 559 561
2 562 323
2 562 328
2 323 563
2 563 562
2 110 564
2 564 117
2 564 565
2 565 117
2 565 1017
2 1017 123
2 566 1018
2 1018 123
2 566 565
2 565 567
2 567 566
2 566 1019
2 1019 323
2 566 563
2 111 568
2 568 110
2 569 568
2 111 1020
2 1020 569
2 570 1021
2 1021 569
2 570 111
2 571 572
2 572 573
2 573 571
2 570 571
2 573 570
2 111 571
2 574 569
2 570 1022
2 1022 574
2 465 575
2 575 1023
2 1023 461
2 576 1024
2 1024 461
2 576 575
2 575 577
2 577 576
2 576 1025
2 1025 457
2 578 457
2 576 578
2 578 579
2 579 457
2 579 78
2 469 580
2 580 465
2 580 575
2 71 96
2 71 581
2 581 96
2 581 90
2 78 582
2 582 79
2 583 69
2 72 1026
2 1026 583
2 79 583
2 582 583
2 67 1027
2 1027 46
2 90 584
2 584 68
2 584 65
2 577 1028
2 1028 73
2 73 1029
2 1029 576
2 560 1030
2 1030 576
2 567 1031
2 1031 70
2 70 1032
2 1032 566
2 69 1033
2 1033 566
2 574 1034
2 1034 67
2 67 1035
2 1035 569
2 66 1036
2 1036 569
2 380 585
2 585 64
2 586 371
2 366 586
2 371 1037
2 1037 587
2 587 1038
2 1038 376
2 588 1039
2 1039 376
2 587 588
2 588 1040
2 1040 380
2 588 585
2 586 589
2 589 371
2 589 587
2 590 361
2 590 366
2 361 591
2 591 590
2 351 1041
2 1041 592
2 592 1042
2 1042 356
2 593 1043
2 1043 356
2 592 593
2 593 1044
2 1044 361
2 593 591
2 594 351
2 346 594
2 594 595
2 595 351
2 595 592
2 596 397
2 596 60
2 397 597
2 597 596
2 598 1045
2 1045 63
2 62 598
2 598 1046
2 1046 393
2 599 1047
2 1047 393
2 598 599
2 599 1048
2 1048 397
2 599 597
2 415 600
2 600 420
2 601 1049
2 1049 59
2 58 601
2 601 1050
2 1050 410
2 602 1051
2 1051 410
2 601 602
2 602 1052
2 1052 415
2 602 600
2 603 434
2 603 439
2 434 604
2 604 603
2 425 605
2 605 1053
2 1053 430
2 606 1054
2 1054 430
2 606 605
2 605 607
2 607 606
2 606 1055
2 1055 434
2 606 604
2 608 425
2 420 608
2 608 605
2 439 609
2 609 444
2 610 53
2 56 1056
2 1056 610
2 444 610
2 609 610
2 611 1057
2 1057 51
2 50 611
2 611 1058
2 1058 493
2 612 1059
2 1059 493
2 611 612
2 612 1060
2 1060 489
2 613 489
2 612 613
2 613 485
2 614 1061
2 1061 477
2 481 614
2 615 481
2 485 615
2 616 469
2 473 616
2 614 617
2 617 1062
2 1062 477
2 618 1063
2 1063 477
2 617 618
2 618 1064
2 1064 473
2 618 616
2 615 614
2 511 1065
2 1065 619
2 619 1066
2 1066 507
2 620 1067
2 1067 507
2 619 620
2 620 1068
2 1068 503
2 621 503
2 620 621
2 621 52
2 622 511
2 515 622
2 622 623
2 623 511
2 623 619
2 527 1069
2 1069 624
2 624 1070
2 1070 523
2 625 1071
2 1071 523
2 624 625
2 625 1072
2 1072 519
2 626 519
2 625 626
2 626 627
2 627 519
2 627 515
2 628 527
2 531 628
2 628 629
2 629 527
2 629 624
2 535 630
2 630 531
2 631 1073
2 1073 539
2 543 631
2 632 543
2 547 632
2 631 633
2 633 1074
2 1074 539
2 634 539
2 634 633
2 633 635
2 635 634
2 634 535
2 634 630
2 632 631
2 636 551
2 636 547
2 551 637
2 637 636
2 558 1075
2 1075 638
2 638 1076
2 1076 555
2 639 1077
2 1077 555
2 638 639
2 639 1078
2 1078 551
2 639 637
2 611 1079
2 1079 588
2 588 1080
2 1080 612
2 587 1081
2 1081 612
2 592 1082
2 1082 618
2 618 1083
2 1083 593
2 617 1084
2 1084 593
2 619 1085
2 1085 599
2 599 1086
2 1086 620
2 598 1087
2 1087 620
2 624 1088
2 1088 602
2 602 1089
2 1089 625
2 601 1090
2 1090 625
2 633 1091
2 1091 606
2 606 1092
2 1092 635
2 607 1093
2 1093 635
2 638 1094
2 1094 54
2 54 1095
2 1095 639
2 53 1096
2 1096 639
2 30 1097
2 1097 143
2 30 1098
2 1098 312
2 143 1099
2 1099 55
2 55 30
2 570 1100
2 1100 243
2 244 1101
2 1101 570
2 640 570
2 244 1102
2 1102 640
2 45 640
2 45 570
2 640 18
2 18 641
2 641 640
2 641 45
2 46 1103
2 1103 570
2 315 1104
2 1104 642
2 642 1105
2 1105 141
2 558 1106
2 1106 141
2 642 558
2 55 1107
2 1107 558
2 642 1108
2 1108 55
2 31 1109
2 1109 55
2 31 642
2 38 31
2 642 38
2 31 1110
2 1110 30
2 643 30
2 31 1111
2 1111 643
2 644 30
2 643 644
2 638 1112
2 1112 55
2 574 1113
2 1113 46
2 139 1114
2 1114 558
2 86 1115
2 1115 48
2 573 1116
2 1116 319
2 319 1117
2 1117 570
2 449 1118
2 1118 143
2 572 1119
2 1119 318
2 319 1120
2 1120 572
2 346 1121
2 1121 469
2 469 1122
2 1122 594
2 616 1123
2 1123 594
2 616 1124
2 1124 595
2 618 1125
2 1125 595
2 575 1126
2 1126 73
2 575 1127
2 1127 74
2 580 1128
2 1128 74
2 580 1129
2 1129 346
2 636 1130
2 1130 439
2 439 1131
2 1131 547
2 636 1132
2 1132 609
2 637 1133
2 1133 609
2 637 1134
2 1134 610
2 639 1135
2 1135 610
2 631 1136
2 1136 606
2 631 1137
2 1137 604
2 632 1138
2 1138 604
2 632 1139
2 1139 603
2 547 1140
2 1140 603
2 630 1141
2 1141 420
2 420 1142
2 1142 531
2 630 1143
2 1143 608
2 634 1144
2 1144 608
2 634 1145
2 1145 605
2 635 1146
2 1146 605
2 629 1147
2 1147 602
2 629 1148
2 1148 600
2 628 1149
2 1149 600
2 628 1150
2 1150 420
2 627 1151
2 1151 60
2 60 1152
2 1152 515
2 627 1153
2 1153 57
2 627 1154
2 1154 58
2 626 1155
2 1155 58
2 626 1156
2 1156 601
2 619 1157
2 1157 597
2 623 1158
2 1158 597
2 623 1159
2 1159 596
2 622 1160
2 1160 596
2 515 1161
2 1161 596
2 64 1162
2 1162 52
2 52 1163
2 1163 61
2 621 1164
2 1164 61
2 621 1165
2 1165 62
2 620 1166
2 1166 62
2 50 1167
2 1167 588
2 50 1168
2 1168 585
2 49 1169
2 1169 585
2 49 1170
2 1170 64
2 366 1171
2 1171 485
2 485 1172
2 1172 586
2 613 1173
2 1173 586
2 613 1174
2 1174 589
2 612 1175
2 1175 589
2 614 1176
2 1176 593
2 614 1177
2 1177 591
2 615 1178
2 1178 591
2 615 1179
2 1179 590
2 485 1180
2 1180 590
2 581 1181
2 1181 110
2 110 1182
2 1182 90
2 581 1183
2 1183 564
2 71 1184
2 1184 564
2 71 1185
2 1185 565
2 70 1186
2 1186 565
2 65 1187
2 1187 569
2 65 1188
2 1188 568
2 584 1189
2 1189 568
2 584 1190
2 1190 110
2 579 1191
2 1191 328
2 328 1192
2 1192 78
2 579 1193
2 1193 559
2 578 1194
2 1194 559
2 578 1195
2 1195 561
2 576 1196
2 1196 561
2 583 1197
2 1197 566
2 583 1198
2 1198 563
2 582 1199
2 1199 563
2 582 1200
2 1200 562
2 78 1201
2 1201 562
2 79 1202
2 1202 230
2 230 1203
2 1203 80
2 233 1204
2 1204 453
2 230 1205
2 1205 453
2 555 1206
2 1206 140
2 140 1207
2 1207 557
2 145 1208
2 1208 554
2 140 1209
2 1209 554
2 551 1210
2 1210 144
2 144 1211
2 1211 553
2 149 1212
2 1212 550
2 144 1213
2 1213 550
2 547 1214
2 1214 148
2 148 1215
2 1215 549
2 153 1216
2 1216 546
2 148 1217
2 1217 546
2 543 1218
2 1218 152
2 152 1219
2 1219 545
2 156 1220
2 1220 542
2 152 1221
2 1221 542
2 539 1222
2 1222 131
2 131 1223
2 1223 541
2 129 1224
2 1224 538
2 131 1225
2 1225 538
2 535 1226
2 1226 128
2 128 1227
2 1227 537
2 126 1228
2 1228 534
2 128 1229
2 1229 534
2 531 1230
2 1230 125
2 125 1231
2 1231 533
2 160 1232
2 1232 530
2 125 1233
2 1233 530
2 527 1234
2 1234 159
2 159 1235
2 1235 529
2 163 1236
2 1236 526
2 159 1237
2 1237 526
2 523 1238
2 1238 138
2 138 1239
2 1239 525
2 136 1240
2 1240 522
2 138 1241
2 1241 522
2 519 1242
2 1242 135
2 135 1243
2 1243 521
2 133 1244
2 1244 518
2 135 1245
2 1245 518
2 515 1246
2 1246 132
2 132 1247
2 1247 517
2 167 1248
2 1248 514
2 132 1249
2 1249 514
2 511 1250
2 1250 166
2 166 1251
2 1251 513
2 171 1252
2 1252 510
2 166 1253
2 1253 510
2 507 1254
2 1254 170
2 170 1255
2 1255 509
2 175 1256
2 1256 506
2 170 1257
2 1257 506
2 503 1258
2 1258 174
2 174 1259
2 1259 505
2 179 1260
2 1260 502
2 174 1261
2 1261 502
2 52 1262
2 1262 178
2 178 1263
2 1263 501
2 183 1264
2 1264 499
2 178 1265
2 1265 499
2 51 1266
2 1266 182
2 182 1267
2 1267 498
2 187 1268
2 1268 496
2 182 1269
2 1269 496
2 493 1270
2 1270 186
2 186 1271
2 1271 495
2 191 1272
2 1272 492
2 186 1273
2 1273 492
2 489 1274
2 1274 190
2 190 1275
2 1275 491
2 195 1276
2 1276 488
2 190 1277
2 1277 488
2 485 1278
2 1278 194
2 194 1279
2 1279 487
2 199 1280
2 1280 484
2 194 1281
2 1281 484
2 481 1282
2 1282 198
2 198 1283
2 1283 483
2 203 1284
2 1284 480
2 198 1285
2 1285 480
2 477 1286
2 1286 202
2 202 1287
2 1287 479
2 207 1288
2 1288 476
2 202 1289
2 1289 476
2 473 1290
2 1290 206
2 206 1291
2 1291 475
2 211 1292
2 1292 472
2 206 1293
2 1293 472
2 469 1294
2 1294 210
2 210 1295
2 1295 471
2 215 1296
2 1296 468
2 210 1297
2 1297 468
2 465 1298
2 1298 214
2 214 1299
2 1299 467
2 219 1300
2 1300 464
2 214 1301
2 1301 464
2 461 1302
2 1302 218
2 218 1303
2 1303 463
2 223 1304
2 1304 460
2 218 1305
2 1305 460
2 457 1306
2 1306 222
2 222 1307
2 1307 459
2 227 1308
2 1308 456
2 222 1309
2 1309 456
2 78 1310
2 1310 226
2 226 1311
2 1311 455
2 83 1312
2 1312 77
2 226 1313
2 1313 77
2 68 1314
2 1314 240
2 240 1315
2 1315 91
2 88 1316
2 1316 84
2 240 1317
2 1317 84
2 90 1318
2 1318 238
2 238 1319
2 1319 97
2 94 1320
2 1320 89
2 238 1321
2 1321 89
2 96 1322
2 1322 236
2 236 1323
2 1323 102
2 100 1324
2 1324 95
2 236 1325
2 1325 95
2 72 1326
2 1326 232
2 232 1327
2 1327 452
2 105 1328
2 1328 101
2 232 1329
2 1329 101
2 147 1330
2 1330 450
2 147 1331
2 1331 56
2 147 1332
2 1332 446
2 307 1333
2 1333 446
2 151 1334
2 1334 447
2 151 1335
2 1335 448
2 151 1336
2 1336 444
2 151 1337
2 1337 441
2 305 1338
2 1338 441
2 155 1339
2 1339 442
2 155 1340
2 1340 443
2 155 1341
2 1341 439
2 155 1342
2 1342 436
2 303 1343
2 1343 436
2 158 1344
2 1344 437
2 158 1345
2 1345 438
2 158 1346
2 1346 434
2 158 1347
2 1347 432
2 301 1348
2 1348 432
2 298 1349
2 1349 433
2 298 1350
2 1350 430
2 298 1351
2 1351 427
2 299 1352
2 1352 427
2 295 1353
2 1353 428
2 295 1354
2 1354 429
2 295 1355
2 1355 425
2 295 1356
2 1356 422
2 296 1357
2 1357 422
2 162 1358
2 1358 423
2 162 1359
2 1359 424
2 162 1360
2 1360 420
2 162 1361
2 1361 417
2 293 1362
2 1362 417
2 165 1363
2 1363 418
2 165 1364
2 1364 419
2 165 1365
2 1365 415
2 165 1366
2 1366 412
2 291 1367
2 1367 412
2 288 1368
2 1368 413
2 288 1369
2 1369 414
2 288 1370
2 1370 410
2 288 1371
2 1371 407
2 289 1372
2 1372 407
2 285 1373
2 1373 408
2 285 1374
2 1374 409
2 285 1375
2 1375 59
2 285 1376
2 1376 403
2 286 1377
2 1377 403
2 169 1378
2 1378 404
2 169 1379
2 1379 405
2 169 1380
2 1380 60
2 169 1381
2 1381 399
2 283 1382
2 1382 399
2 173 1383
2 1383 400
2 173 1384
2 1384 401
2 173 1385
2 1385 397
2 173 1386
2 1386 395
2 281 1387
2 1387 395
2 177 1388
2 1388 396
2 177 1389
2 1389 393
2 177 1390
2 1390 390
2 279 1391
2 1391 390
2 181 1392
2 1392 391
2 181 1393
2 1393 392
2 181 1394
2 1394 63
2 181 1395
2 1395 386
2 277 1396
2 1396 386
2 185 1397
2 1397 387
2 185 1398
2 1398 388
2 185 1399
2 1399 64
2 185 1400
2 1400 382
2 275 1401
2 1401 382
2 189 1402
2 1402 383
2 189 1403
2 1403 384
2 189 1404
2 1404 380
2 189 1405
2 1405 378
2 273 1406
2 1406 378
2 193 1407
2 1407 379
2 193 1408
2 1408 376
2 193 1409
2 1409 373
2 271 1410
2 1410 373
2 197 1411
2 1411 374
2 197 1412
2 1412 375
2 197 1413
2 1413 371
2 197 1414
2 1414 368
2 269 1415
2 1415 368
2 201 1416
2 1416 369
2 201 1417
2 1417 370
2 201 1418
2 1418 366
2 201 1419
2 1419 363
2 267 1420
2 1420 363
2 205 1421
2 1421 364
2 205 1422
2 1422 365
2 205 1423
2 1423 361
2 205 1424
2 1424 358
2 265 1425
2 1425 358
2 209 1426
2 1426 359
2 209 1427
2 1427 360
2 209 1428
2 1428 356
2 209 1429
2 1429 353
2 263 1430
2 1430 353
2 213 1431
2 1431 354
2 213 1432
2 1432 355
2 213 1433
2 1433 351
2 213 1434
2 1434 348
2 261 1435
2 1435 348
2 217 1436
2 1436 349
2 217 1437
2 1437 350
2 217 1438
2 1438 346
2 217 1439
2 1439 343
2 259 1440
2 1440 343
2 221 1441
2 1441 344
2 221 1442
2 1442 345
2 221 1443
2 1443 75
2 221 1444
2 1444 339
2 257 1445
2 1445 339
2 225 1446
2 1446 340
2 225 1447
2 1447 341
2 225 1448
2 1448 76
2 225 1449
2 1449 335
2 255 1450
2 1450 335
2 229 1451
2 1451 336
2 229 1452
2 1452 337
2 229 1453
2 1453 333
2 229 1454
2 1454 330
2 253 1455
2 1455 330
2 231 1456
2 1456 331
2 231 1457
2 1457 332
2 231 1458
2 1458 328
2 231 1459
2 1459 325
2 251 1460
2 1460 325
2 235 1461
2 1461 326
2 235 1462
2 1462 327
2 235 1463
2 1463 323
2 235 1464
2 1464 321
2 249 1465
2 1465 321
2 242 1466
2 1466 108
2 242 1467
2 1467 109
2 242 1468
2 1468 111
2 242 1469
2 1469 571
2 318 1470
2 1470 571
2 241 1471
2 1471 115
2 241 1472
2 1472 116
2 241 1473
2 1473 110
2 241 1474
2 1474 106
2 246 1475
2 1475 106
2 239 1476
2 1476 121
2 239 1477
2 1477 122
2 239 1478
2 1478 117
2 239 1479
2 1479 113
2 247 1480
2 1480 113
2 237 1481
2 1481 322
2 237 1482
2 1482 123
2 237 1483
2 1483 119
2 248 1484
2 1484 119
2 315 645
2 645 642
2 645 646
2 646 642
2 647 642
2 646 647
2 315 648
2 648 645
2 649 645
2 649 646
2 645 650
2 650 649
2 651 315
2 648 651
2 315 652
2 652 651
2 651 40
2 40 653
2 653 651
2 653 648
2 654 317
2 654 315
2 41 317
2 317 1485
2 1485 38
2 41 654
2 654 652
2 39 650
2 645 39
2 655 40
2 651 655
2 655 41
2 38 647
2 656 38
2 647 656
2 650 38
2 656 650
2 657 317
2 316 657
2 657 38
2 658 38
2 657 658
2 658 31
2 314 1486
2 1486 644
2 643 1487
2 1487 314
2 313 1488
2 1488 644
2 658 659
2 659 31
2 659 37
2 659 36
2 35 659
2 658 36
2 36 660
2 660 33
2 661 33
2 660 661
2 662 657
2 662 658
2 657 661
2 661 662
2 663 658
2 662 663
2 663 36
2 664 661
2 33 664
2 661 665
2 665 664
2 664 666
2 666 33
2 311 33
2 666 311
2 666 316
2 667 316
2 666 667
2 657 665
2 668 316
2 667 668
2 665 316
2 668 665
2 669 314
2 643 669
2 311 670
2 33 670
2 670 671
2 671 33
2 672 33
2 671 672
2 673 314
2 673 311
2 674 314
2 314 672
2 672 674
2 674 673
2 673 670
2 672 669
2 33 675
2 675 676
2 676 33
2 669 33
2 669 676
2 677 669
2 676 677
2 677 672
2 33 678
2 678 675
2 679 672
2 677 679
2 679 678
2 678 672
2 680 643
2 680 669
2 681 643
2 643 682
2 682 681
2 681 680
2 33 683
2 683 1489
2 1489 31
2 33 684
2 684 683
2 682 1490
2 1490 31
2 683 682
2 680 684
2 684 669
2 29 312
2 685 312
2 29 685
2 685 686
2 686 312
2 686 313
2 687 313
2 687 644
2 313 27
2 27 687
2 688 687
2 644 688
2 689 687
2 687 690
2 690 689
2 689 688
2 691 644
2 688 691
2 692 690
2 687 692
2 30 693
2 28 693
2 693 692
2 692 28
2 686 26
2 26 313
2 691 30
2 691 693
2 693 690
2 685 673
2 673 686
2 685 670
2 29 670
2 29 671
2 24 671
2 24 672
2 26 672
2 686 672
2 686 674
2 25 678
2 678 27
2 25 675
2 28 675
2 28 676
2 692 676
2 692 677
2 687 677
2 27 677
2 27 679
2 680 689
2 689 684
2 690 684
2 690 683
2 693 683
2 693 682
2 691 682
2 691 681
2 688 681
2 688 680
2 35 649
2 649 659
2 650 659
2 656 659
2 656 37
2 647 37
2 647 34
2 647 32
2 646 32
2 646 35
2 661 653
2 653 662
2 40 662
2 39 662
2 39 663
2 39 36
2 645 36
2 645 660
2 648 660
2 648 661
2 654 667
2 667 652
2 654 668
2 41 668
2 41 665
2 655 665
2 655 664
2 651 664
2 651 666
2 652 666
2 640 694
2 694 18
2 244 14
2 14 640
2 695 14
2 244 695
2 694 15
2 696 19
2 21 696
2 697 23
2 17 697
2 14 698
2 640 698
2 698 699
2 699 640
2 695 23
2 697 695
2 244 696
2 23 244
2 696 23
2 13 698
2 699 694
2 5 1491
2 1491 44
2 43 1492
2 1492 5
2 0 1493
2 1493 44
2 700 19
2 245 700
2 700 18
2 9 18
2 700 9
2 9 641
2 701 245
2 701 700
2 245 702
2 702 701
2 703 700
2 701 703
2 245 704
2 704 702
2 705 1494
2 1494 5
2 705 245
2 706 707
2 707 705
2 705 706
2 5 706
2 705 704
2 701 707
2 707 703
2 700 12
2 703 12
2 706 703
2 708 706
2 708 703
2 11 708
2 706 11
2 709 9
2 11 709
2 709 641
2 710 641
2 709 710
2 711 641
2 710 711
2 11 712
2 712 709
2 712 706
2 706 711
2 711 713
2 713 706
2 713 712
2 714 5
2 43 714
2 714 8
2 7 706
2 7 715
2 715 706
2 8 706
2 715 8
2 8 716
2 706 716
2 717 706
2 716 717
2 8 718
2 718 716
2 714 719
2 719 8
2 719 718
2 714 720
2 720 719
2 717 720
2 720 706
2 714 706
2 721 714
2 706 721
2 714 722
2 722 721
2 723 706
2 721 723
2 722 43
2 43 724
2 724 722
2 723 1495
2 1495 711
2 43 725
2 725 724
2 725 1496
2 1496 711
2 723 725
2 43 1497
2 1497 711
2 45 711
2 42 726
2 726 47
2 726 727
2 727 47
2 3 44
2 42 728
2 728 726
2 729 726
2 729 727
2 726 730
2 730 729
2 731 47
2 727 731
2 732 42
2 728 732
2 42 733
2 733 732
2 732 2
2 2 734
2 734 732
2 734 728
2 735 44
2 3 735
2 735 42
2 735 733
2 1 730
2 726 1
2 736 2
2 732 736
2 736 3
2 0 731
2 737 0
2 731 737
2 730 0
2 737 730
2 735 725
2 725 733
2 735 724
2 3 724
2 3 722
2 736 722
2 736 721
2 732 721
2 732 723
2 733 723
2 720 734
2 734 719
2 2 719
2 1 719
2 1 718
2 1 716
2 726 716
2 726 717
2 728 717
2 728 720
2 715 729
2 729 8
2 730 8
2 737 8
2 737 6
2 731 6
2 731 4
2 731 7
2 727 7
2 727 715
2 701 20
2 20 707
2 22 707
2 22 705
2 23 705
2 23 704
2 696 704
2 696 702
2 21 702
2 21 701
2 14 11
2 11 16
2 14 708
2 695 708
2 695 703
2 697 703
2 697 12
2 17 12
2 16 12
2 16 10
2 699 711
2 711 694
2 699 713
2 698 713
2 698 712
2 13 712
2 13 709
2 15 709
2 694 709
2 694 710
3 0 1 2
3 0 2 3
3 4 5 6
3 4 7 5
3 5 8 6
3 9 10 11
3 9 12 10
3 13 14 15
3 14 16 15
3 16 17 18
3 18 17 738
3 738 17 19
3 17 20 21
3 17 22 20
3 17 23 22
3 17 21 19
3 15 16 18
3 24 25 26
3 25 27 26
3 24 28 25
3 24 29 28
3 28 29 30
3 31 32 33
3 31 34 32
3 32 35 33
3 33 35 36
3 31 37 34
3 38 39 40
3 38 40 41
3 42 43 44
3 42 45 43
3 42 46 45
3 46 42 740
3 740 42 739
3 739 47 740
3 741 46 740
3 47 48 740
3 740 48 741
3 49 50 51
3 49 51 52
3 743 53 54
3 54 742 743
3 743 742 55
3 744 53 743
3 55 56 743
3 743 56 744
3 57 58 59
3 57 59 60
3 61 62 63
3 61 63 64
3 65 66 67
3 745 65 67
3 745 68 65
3 69 70 71
3 746 69 71
3 71 72 746
3 747 73 74
3 747 74 75
3 748 73 747
3 75 76 748
3 75 748 747
3 77 78 79
3 77 79 80
3 77 80 81
3 81 80 750
3 750 80 749
3 749 82 750
3 751 81 750
3 82 83 750
3 750 83 751
3 46 84 68
3 46 85 84
3 46 86 85
3 753 85 86
3 753 86 752
3 752 87 753
3 754 85 753
3 87 88 753
3 753 88 754
3 68 89 90
3 68 91 89
3 89 91 92
3 92 91 756
3 756 91 755
3 756 755 93
3 757 92 756
3 93 94 756
3 756 94 757
3 90 95 96
3 90 97 95
3 95 97 98
3 98 97 759
3 759 97 758
3 758 99 759
3 760 98 759
3 99 100 759
3 759 100 760
3 72 96 101
3 96 102 101
3 101 102 103
3 103 102 762
3 762 102 761
3 761 104 762
3 763 103 762
3 104 105 762
3 762 105 763
3 106 107 108
3 106 108 109
3 106 109 110
3 109 111 110
3 108 107 764
3 765 108 764
3 764 112 765
3 113 114 115
3 113 115 116
3 113 116 117
3 110 117 116
3 115 114 766
3 767 115 766
3 766 118 767
3 119 120 121
3 119 121 122
3 119 122 123
3 117 123 122
3 121 120 768
3 769 121 768
3 768 124 769
3 125 126 127
3 125 128 126
3 128 129 130
3 128 131 129
3 132 133 134
3 132 135 133
3 135 136 137
3 135 138 136
3 139 140 141
3 139 142 140
3 141 140 770
3 771 141 770
3 770 143 771
3 144 145 146
3 140 145 144
3 772 140 144
3 773 140 772
3 772 147 773
3 148 149 150
3 144 149 148
3 774 144 148
3 775 144 774
3 774 151 775
3 152 153 154
3 148 153 152
3 776 148 152
3 777 148 776
3 777 776 155
3 131 156 157
3 131 152 156
3 152 131 778
3 779 152 778
3 778 158 779
3 159 160 161
3 125 160 159
3 780 125 159
3 781 125 780
3 780 162 781
3 138 163 164
3 138 159 163
3 159 138 782
3 783 159 782
3 165 783 782
3 166 167 168
3 132 167 166
3 784 132 166
3 785 132 784
3 784 169 785
3 170 171 172
3 166 171 170
3 786 166 170
3 787 166 786
3 786 173 787
3 174 175 176
3 170 175 174
3 788 170 174
3 789 170 788
3 788 177 789
3 178 179 180
3 174 179 178
3 790 174 178
3 791 174 790
3 790 181 791
3 182 183 184
3 178 183 182
3 792 178 182
3 793 178 792
3 185 793 792
3 186 187 188
3 182 187 186
3 794 182 186
3 795 182 794
3 794 189 795
3 190 191 192
3 186 191 190
3 796 186 190
3 797 186 796
3 193 797 796
3 194 195 196
3 190 195 194
3 798 190 194
3 799 190 798
3 798 197 799
3 198 199 200
3 194 199 198
3 800 194 198
3 801 194 800
3 800 201 801
3 202 203 204
3 198 203 202
3 802 198 202
3 803 198 802
3 802 205 803
3 206 207 208
3 202 207 206
3 804 202 206
3 805 202 804
3 805 804 209
3 210 211 212
3 206 211 210
3 806 206 210
3 807 206 806
3 806 213 807
3 214 215 216
3 210 215 214
3 808 210 214
3 809 210 808
3 809 808 217
3 218 219 220
3 214 219 218
3 810 214 218
3 811 214 810
3 810 221 811
3 222 223 224
3 218 223 222
3 812 218 222
3 813 218 812
3 812 225 813
3 226 227 228
3 222 227 226
3 814 222 226
3 815 222 814
3 814 229 815
3 82 230 83
3 83 230 226
3 816 226 230
3 817 226 816
3 816 231 817
3 232 233 234
3 230 233 232
3 818 230 232
3 819 230 818
3 818 235 819
3 104 236 105
3 105 236 232
3 820 232 236
3 821 232 820
3 237 821 820
3 99 238 100
3 100 238 236
3 822 236 238
3 823 236 822
3 239 823 822
3 93 240 94
3 94 240 238
3 824 238 240
3 825 238 824
3 241 825 824
3 48 88 87
3 48 240 88
3 240 48 827
3 827 48 826
3 826 242 827
3 0 5 47
3 829 47 5
3 828 47 829
3 829 243 828
3 19 244 245
3 831 5 830
3 830 245 244
3 831 830 244
3 829 5 831
3 244 243 829
3 244 829 831
3 48 47 828
3 832 48 828
3 828 243 832
3 832 826 48
3 826 243 242
3 832 243 826
3 824 240 827
3 242 241 824
3 242 824 827
3 241 242 246
3 112 246 242
3 822 238 825
3 241 239 822
3 241 822 825
3 239 241 247
3 118 247 241
3 820 236 823
3 239 237 820
3 239 820 823
3 237 239 248
3 124 248 239
3 818 232 821
3 237 235 818
3 237 818 821
3 235 237 249
3 237 250 249
3 816 230 819
3 235 231 816
3 235 816 819
3 231 235 251
3 235 252 251
3 814 226 817
3 231 229 814
3 231 814 817
3 229 231 253
3 231 254 253
3 812 222 815
3 229 225 812
3 229 812 815
3 225 229 255
3 229 256 255
3 810 218 813
3 225 221 810
3 225 810 813
3 221 225 257
3 225 258 257
3 808 214 811
3 221 217 808
3 221 808 811
3 217 221 259
3 221 260 259
3 806 210 809
3 217 213 806
3 217 806 809
3 213 217 261
3 217 262 261
3 804 206 807
3 209 804 213
3 213 804 807
3 209 213 263
3 213 264 263
3 802 202 805
3 209 205 802
3 209 802 805
3 205 209 265
3 209 266 265
3 800 198 803
3 205 201 800
3 205 800 803
3 201 205 267
3 205 268 267
3 798 194 801
3 201 197 798
3 201 798 801
3 197 201 269
3 201 270 269
3 796 190 799
3 197 193 796
3 197 796 799
3 193 197 271
3 197 272 271
3 794 186 797
3 193 189 794
3 794 797 193
3 189 193 273
3 193 274 273
3 792 182 795
3 189 185 792
3 189 792 795
3 185 189 275
3 189 276 275
3 790 178 793
3 185 181 790
3 185 790 793
3 181 185 277
3 185 278 277
3 788 174 791
3 181 177 788
3 181 788 791
3 177 181 279
3 181 280 279
3 786 170 789
3 177 173 786
3 177 786 789
3 173 177 281
3 177 282 281
3 784 166 787
3 173 169 784
3 173 784 787
3 169 173 283
3 173 284 283
3 833 132 785
3 169 285 833
3 169 833 785
3 169 286 285
3 169 287 286
3 135 132 833
3 833 834 135
3 285 834 833
3 835 135 834
3 285 288 835
3 835 834 285
3 285 289 288
3 285 290 289
3 138 135 835
3 836 138 835
3 835 288 836
3 782 138 836
3 288 165 782
3 288 782 836
3 165 288 291
3 288 292 291
3 780 159 783
3 165 162 780
3 780 783 165
3 162 165 293
3 165 294 293
3 837 125 781
3 162 295 837
3 162 837 781
3 162 296 295
3 162 297 296
3 128 125 837
3 838 128 837
3 837 295 838
3 839 128 838
3 295 298 839
3 295 839 838
3 295 299 298
3 295 300 299
3 131 128 839
3 840 131 839
3 839 298 840
3 778 131 840
3 298 158 778
3 298 778 840
3 158 298 301
3 298 302 301
3 776 152 779
3 155 776 158
3 158 776 779
3 155 158 303
3 158 304 303
3 774 148 777
3 155 151 774
3 155 774 777
3 151 155 305
3 155 306 305
3 772 144 775
3 151 147 772
3 151 772 775
3 147 151 307
3 151 308 307
3 770 140 773
3 147 143 773
3 773 143 770
3 147 309 310
3 143 147 310
3 311 141 771
3 143 311 771
3 312 313 314
3 311 312 314
3 143 312 311
3 141 311 315
3 311 316 315
3 315 316 317
3 242 243 318
3 243 319 318
3 841 249 250
3 842 249 841
3 841 320 842
3 320 322 321
3 123 321 322
3 123 323 321
3 841 250 843
3 841 322 320
3 843 322 841
3 768 120 844
3 768 248 124
3 844 248 768
3 766 114 845
3 766 247 118
3 845 247 766
3 764 107 846
3 764 246 112
3 846 246 764
3 847 251 252
3 848 251 847
3 847 324 848
3 324 326 325
3 325 326 327
3 325 327 328
3 323 328 327
3 847 252 849
3 847 326 324
3 849 326 847
3 850 253 254
3 851 253 850
3 329 851 850
3 329 331 330
3 330 331 332
3 330 332 333
3 328 333 332
3 850 254 852
3 850 331 329
3 850 852 331
3 853 255 256
3 854 255 853
3 854 853 334
3 334 336 335
3 335 336 337
3 76 335 337
3 76 337 333
3 853 256 855
3 336 334 853
3 855 336 853
3 856 257 258
3 857 257 856
3 857 856 338
3 338 340 339
3 339 340 341
3 75 339 341
3 75 341 76
3 856 258 858
3 338 856 340
3 340 856 858
3 859 259 260
3 860 259 859
3 859 342 860
3 342 344 343
3 343 344 345
3 343 345 346
3 75 346 345
3 859 260 861
3 859 344 342
3 861 344 859
3 862 261 262
3 863 261 862
3 862 347 863
3 347 349 348
3 348 349 350
3 348 350 351
3 346 351 350
3 862 262 864
3 862 349 347
3 864 349 862
3 865 263 264
3 866 263 865
3 865 352 866
3 352 354 353
3 353 354 355
3 353 355 356
3 351 356 355
3 865 264 867
3 865 354 352
3 867 354 865
3 868 265 266
3 869 265 868
3 868 357 869
3 357 359 358
3 358 359 360
3 358 360 361
3 356 361 360
3 868 266 870
3 359 357 868
3 870 359 868
3 871 267 268
3 872 267 871
3 871 362 872
3 362 364 363
3 363 364 365
3 363 365 366
3 361 366 365
3 871 268 873
3 871 364 362
3 873 364 871
3 874 269 270
3 875 269 874
3 874 367 875
3 367 369 368
3 368 369 370
3 368 370 371
3 366 371 370
3 874 270 876
3 874 369 367
3 876 369 874
3 877 271 272
3 878 271 877
3 877 372 878
3 372 374 373
3 373 374 375
3 373 375 376
3 371 376 375
3 877 272 879
3 877 374 372
3 879 374 877
3 880 273 274
3 881 273 880
3 880 377 881
3 377 379 378
3 376 378 379
3 376 380 378
3 880 274 882
3 880 379 377
3 882 379 880
3 883 275 276
3 884 275 883
3 883 381 884
3 381 383 382
3 382 383 384
3 64 382 384
3 64 384 380
3 883 276 885
3 883 383 381
3 885 383 883
3 886 277 278
3 887 277 886
3 886 385 887
3 385 387 386
3 386 387 388
3 63 386 388
3 63 388 64
3 886 278 888
3 886 387 385
3 888 387 886
3 889 279 280
3 890 279 889
3 389 890 889
3 389 391 390
3 390 391 392
3 390 392 393
3 63 393 392
3 889 280 891
3 889 391 389
3 889 891 391
3 892 281 282
3 893 281 892
3 893 892 394
3 394 396 395
3 393 395 396
3 393 397 395
3 892 282 894
3 892 396 394
3 894 396 892
3 895 283 284
3 896 283 895
3 896 895 398
3 398 400 399
3 399 400 401
3 60 399 401
3 60 401 397
3 895 284 897
3 398 895 400
3 400 895 897
3 898 286 287
3 899 286 898
3 899 898 402
3 402 404 403
3 403 404 405
3 59 403 405
3 59 405 60
3 898 287 900
3 898 404 402
3 900 404 898
3 901 289 290
3 902 289 901
3 901 406 902
3 406 408 407
3 407 408 409
3 407 409 410
3 59 410 409
3 901 290 903
3 406 901 408
3 408 901 903
3 904 291 292
3 905 291 904
3 904 411 905
3 411 413 412
3 412 413 414
3 412 414 415
3 410 415 414
3 904 292 906
3 904 413 411
3 906 413 904
3 907 293 294
3 908 293 907
3 907 416 908
3 416 418 417
3 417 418 419
3 417 419 420
3 415 420 419
3 907 294 909
3 907 418 416
3 909 418 907
3 910 296 297
3 911 296 910
3 910 421 911
3 421 423 422
3 422 423 424
3 422 424 425
3 420 425 424
3 910 297 912
3 910 423 421
3 912 423 910
3 913 299 300
3 914 299 913
3 913 426 914
3 426 428 427
3 427 428 429
3 427 429 430
3 425 430 429
3 913 300 915
3 913 428 426
3 915 428 913
3 916 301 302
3 917 301 916
3 916 431 917
3 431 433 432
3 430 432 433
3 430 434 432
3 916 302 918
3 916 433 431
3 918 433 916
3 919 303 304
3 920 303 919
3 919 435 920
3 435 437 436
3 436 437 438
3 436 438 439
3 434 439 438
3 919 304 921
3 919 437 435
3 921 437 919
3 922 305 306
3 923 305 922
3 922 440 923
3 440 442 441
3 441 442 443
3 441 443 444
3 439 444 443
3 922 306 924
3 922 442 440
3 924 442 922
3 925 307 308
3 926 307 925
3 925 445 926
3 445 447 446
3 446 447 448
3 56 446 448
3 56 448 444
3 925 308 927
3 925 447 445
3 927 447 925
3 310 309 928
3 929 310 928
3 928 449 929
3 55 449 56
3 56 449 450
3 928 309 930
3 928 450 449
3 930 450 928
3 234 233 932
3 932 233 931
3 931 451 932
3 933 234 932
3 451 452 932
3 932 452 933
3 72 453 79
3 72 452 453
3 451 453 452
3 228 227 935
3 935 227 934
3 934 454 935
3 936 228 935
3 454 455 935
3 935 455 936
3 78 456 457
3 78 455 456
3 454 456 455
3 224 223 938
3 938 223 937
3 458 938 937
3 939 224 938
3 938 458 459
3 459 939 938
3 457 460 461
3 457 459 460
3 458 460 459
3 220 219 941
3 941 219 940
3 940 462 941
3 942 220 941
3 462 463 941
3 941 463 942
3 461 464 465
3 461 463 464
3 462 464 463
3 216 215 944
3 944 215 943
3 944 943 466
3 945 216 944
3 467 944 466
3 945 944 467
3 465 468 469
3 465 467 468
3 466 468 467
3 212 211 947
3 947 211 946
3 946 470 947
3 948 212 947
3 470 471 947
3 947 471 948
3 469 472 473
3 469 471 472
3 470 472 471
3 208 207 950
3 950 207 949
3 950 949 474
3 951 208 950
3 474 475 950
3 950 475 951
3 473 476 477
3 473 475 476
3 474 476 475
3 204 203 953
3 953 203 952
3 952 478 953
3 954 204 953
3 478 479 953
3 953 479 954
3 477 480 481
3 477 479 480
3 478 480 479
3 200 199 956
3 956 199 955
3 955 482 956
3 957 200 956
3 482 483 956
3 956 483 957
3 481 484 485
3 481 483 484
3 482 484 483
3 196 195 959
3 959 195 958
3 958 486 959
3 960 196 959
3 486 487 959
3 959 487 960
3 485 488 489
3 485 487 488
3 486 488 487
3 192 191 962
3 962 191 961
3 961 490 962
3 963 192 962
3 490 491 962
3 962 491 963
3 489 492 493
3 489 491 492
3 490 492 491
3 188 187 965
3 965 187 964
3 964 494 965
3 966 188 965
3 494 495 965
3 965 495 966
3 51 493 496
3 493 495 496
3 494 496 495
3 184 183 968
3 968 183 967
3 967 497 968
3 969 184 968
3 497 498 968
3 968 498 969
3 51 499 52
3 51 498 499
3 497 499 498
3 180 179 971
3 971 179 970
3 970 500 971
3 972 180 971
3 500 501 971
3 971 501 972
3 52 502 503
3 52 501 502
3 500 502 501
3 176 175 974
3 974 175 973
3 973 504 974
3 975 176 974
3 504 505 974
3 974 505 975
3 503 506 507
3 503 505 506
3 504 506 505
3 172 171 977
3 977 171 976
3 508 977 976
3 978 172 977
3 508 509 977
3 509 978 977
3 507 510 511
3 507 509 510
3 508 510 509
3 168 167 980
3 980 167 979
3 979 512 980
3 981 168 980
3 512 513 980
3 980 513 981
3 511 514 515
3 511 513 514
3 512 514 513
3 134 133 983
3 983 133 982
3 982 516 983
3 984 134 983
3 516 517 983
3 983 517 984
3 515 518 519
3 515 517 518
3 516 518 517
3 137 136 986
3 986 136 985
3 985 520 986
3 987 137 986
3 520 521 986
3 986 521 987
3 519 522 523
3 519 521 522
3 520 522 521
3 164 163 989
3 989 163 988
3 988 524 989
3 990 164 989
3 524 525 989
3 989 525 990
3 523 526 527
3 523 525 526
3 524 526 525
3 161 160 992
3 992 160 991
3 528 992 991
3 993 161 992
3 528 529 992
3 529 993 992
3 527 530 531
3 527 529 530
3 528 530 529
3 127 126 995
3 995 126 994
3 994 532 995
3 996 127 995
3 532 533 995
3 995 533 996
3 531 534 535
3 531 533 534
3 532 534 533
3 130 129 998
3 998 129 997
3 997 536 998
3 999 130 998
3 536 537 998
3 998 537 999
3 535 538 539
3 535 537 538
3 536 538 537
3 157 156 1001
3 1001 156 1000
3 540 1001 1000
3 1002 157 1001
3 540 541 1001
3 541 1002 1001
3 539 542 543
3 539 541 542
3 540 542 541
3 154 153 1004
3 1004 153 1003
3 1003 544 1004
3 1005 154 1004
3 1004 544 545
3 1004 545 1005
3 543 546 547
3 543 545 546
3 544 546 545
3 150 149 1007
3 1007 149 1006
3 548 1007 1006
3 1008 150 1007
3 548 549 1007
3 549 1008 1007
3 547 550 551
3 547 549 550
3 548 550 549
3 146 145 1010
3 1010 145 1009
3 1009 552 1010
3 1011 146 1010
3 552 553 1010
3 1010 553 1011
3 551 554 555
3 551 553 554
3 552 554 553
3 142 139 1013
3 1013 139 1012
3 556 1013 1012
3 1014 142 1013
3 557 1013 556
3 1014 1013 557
3 556 558 557
3 555 557 558
3 74 346 75
3 328 559 333
3 1015 560 73
3 748 1015 73
3 748 76 1015
3 1016 1015 76
3 561 560 1015
3 561 1015 1016
3 76 333 1016
3 1016 333 561
3 333 559 561
3 323 562 328
3 323 563 562
3 110 564 117
3 117 564 565
3 123 117 1017
3 117 565 1017
3 1018 123 1017
3 1018 565 566
3 1017 565 1018
3 565 567 566
3 323 123 1018
3 1019 323 1018
3 1018 566 1019
3 563 323 1019
3 566 563 1019
3 110 111 568
3 1020 568 111
3 569 568 1020
3 111 570 1021
3 111 1021 1020
3 1021 569 1020
3 571 572 573
3 570 571 573
3 111 571 570
3 574 569 1021
3 1021 570 1022
3 1022 574 1021
3 1023 461 465
3 1023 465 575
3 1024 461 1023
3 575 576 1024
3 575 1024 1023
3 575 577 576
3 1024 457 461
3 1025 457 1024
3 1024 576 1025
3 1025 578 457
3 576 578 1025
3 457 578 579
3 78 457 579
3 465 469 580
3 465 580 575
3 71 96 72
3 71 581 96
3 90 96 581
3 78 582 79
3 583 69 746
3 746 72 1026
3 1026 583 746
3 72 79 1026
3 1026 79 583
3 79 582 583
3 46 68 745
3 46 745 1027
3 745 67 1027
3 68 90 584
3 65 68 584
3 1028 73 1029
3 1029 576 577
3 1029 577 1028
3 73 560 1029
3 1029 560 1030
3 1030 576 1029
3 1031 70 1032
3 1032 566 567
3 1032 567 1031
3 70 69 1032
3 1032 69 1033
3 1033 566 1032
3 1034 67 1035
3 1035 569 574
3 1035 574 1034
3 67 66 1035
3 1035 66 1036
3 1036 569 1035
3 64 380 585
3 366 586 371
3 376 371 1038
3 1038 371 1037
3 1037 587 1038
3 1039 376 1038
3 588 1039 587
3 587 1039 1038
3 380 376 1039
3 380 1039 1040
3 1040 1039 588
3 585 380 1040
3 1040 588 585
3 371 586 589
3 1037 371 589
3 589 587 1037
3 361 590 366
3 361 591 590
3 356 351 1042
3 1042 351 1041
3 1041 592 1042
3 1043 356 1042
3 592 593 1043
3 592 1043 1042
3 361 356 1043
3 1044 361 1043
3 1043 593 1044
3 591 361 1044
3 593 591 1044
3 346 594 351
3 351 594 595
3 1041 351 595
3 595 592 1041
3 60 397 596
3 397 597 596
3 1045 63 62
3 62 598 1045
3 393 63 1046
3 1046 63 1045
3 1045 598 1046
3 1047 393 1046
3 598 599 1047
3 598 1047 1046
3 397 393 1047
3 1048 397 1047
3 1048 1047 599
3 597 397 1048
3 599 597 1048
3 415 600 420
3 1049 59 58
3 58 601 1049
3 410 59 1050
3 1050 59 1049
3 1049 601 1050
3 1051 410 1050
3 601 602 1051
3 601 1051 1050
3 415 410 1051
3 1052 415 1051
3 602 1052 1051
3 600 415 1052
3 600 1052 602
3 434 603 439
3 434 604 603
3 430 425 1053
3 1053 425 605
3 1054 430 1053
3 606 1054 605
3 605 1054 1053
3 605 607 606
3 434 430 1054
3 434 1054 1055
3 1055 1054 606
3 604 434 1055
3 606 604 1055
3 420 608 425
3 425 608 605
3 439 609 444
3 610 53 744
3 744 56 1056
3 1056 610 744
3 56 444 1056
3 1056 444 610
3 444 609 610
3 1057 51 50
3 50 611 1057
3 493 51 1058
3 1058 51 1057
3 1057 611 1058
3 1059 493 1058
3 611 612 1059
3 611 1059 1058
3 1059 489 493
3 1060 489 1059
3 1059 612 1060
3 613 489 1060
3 612 613 1060
3 485 489 613
3 1061 477 481
3 1061 481 614
3 481 485 615
3 469 473 616
3 1062 477 1061
3 617 1062 614
3 614 1062 1061
3 1063 477 1062
3 618 1062 617
3 1063 1062 618
3 1063 473 477
3 1064 473 1063
3 1063 618 1064
3 616 473 1064
3 618 616 1064
3 481 615 614
3 1066 507 511
3 1065 1066 511
3 619 1066 1065
3 1067 507 1066
3 619 620 1067
3 1067 1066 619
3 1067 503 507
3 1068 503 1067
3 1067 620 1068
3 621 503 1068
3 1068 620 621
3 52 503 621
3 511 515 622
3 511 622 623
3 1065 511 623
3 623 619 1065
3 1070 523 527
3 527 1069 1070
3 1070 1069 624
3 1071 523 1070
3 624 625 1071
3 624 1071 1070
3 1071 519 523
3 1072 519 1071
3 1071 625 1072
3 1072 626 519
3 625 626 1072
3 519 626 627
3 515 519 627
3 527 531 628
3 527 628 629
3 1069 527 629
3 629 624 1069
3 531 535 630
3 1073 539 543
3 1073 543 631
3 543 547 632
3 1074 539 1073
3 1074 631 633
3 1073 631 1074
3 1074 634 539
3 633 634 1074
3 633 635 634
3 535 539 634
3 535 634 630
3 543 632 631
3 547 551 636
3 551 637 636
3 1076 555 558
3 558 1075 1076
3 1076 1075 638
3 1077 555 1076
3 639 1498 638
3 638 1498 1076
3 1077 1498 639
3 1076 1498 1077
3 1077 551 555
3 1078 551 1077
3 1077 639 1078
3 637 551 1078
3 639 637 1078
3 1080 1079 588
3 612 611 1080
3 1080 611 1079
3 588 587 1080
3 1080 587 1081
3 1080 1081 612
3 593 592 1083
3 1083 592 1082
3 1082 618 1083
3 1084 593 1083
3 618 617 1083
3 1083 617 1084
3 1085 599 1086
3 620 619 1086
3 1086 619 1085
3 599 598 1086
3 1086 598 1087
3 1087 620 1086
3 1088 602 1089
3 625 624 1089
3 1089 624 1088
3 602 601 1089
3 1089 601 1090
3 1090 625 1089
3 1091 606 1092
3 635 633 1092
3 1092 633 1091
3 606 607 1092
3 1092 607 1093
3 1093 635 1092
3 1094 54 1095
3 639 638 1095
3 1095 638 1094
3 54 53 1095
3 1095 53 1096
3 1096 639 1095
3 1097 30 1098
3 312 143 1097
3 1098 312 1097
3 1097 55 30
3 1099 55 1097
3 1097 143 1099
3 1101 243 244
3 1100 243 1101
3 1100 1101 570
3 1101 244 1102
3 640 570 1101
3 1102 640 1101
3 45 570 640
3 18 641 640
3 45 640 641
3 1103 45 46
3 570 45 1103
3 1105 141 315
3 1105 315 1104
3 1104 642 1105
3 1106 141 1105
3 642 558 1105
3 1105 558 1106
3 1108 55 1107
3 642 1108 558
3 558 1108 1107
3 642 31 1109
3 1108 1109 55
3 1108 642 1109
3 31 642 38
3 1109 30 55
3 1110 30 1109
3 1110 1109 31
3 643 30 1111
3 1111 30 1110
3 31 1111 1110
3 30 643 644
3 54 1499 742
3 1094 1499 54
3 1112 55 742
3 1112 1094 638
3 742 1499 1112
3 1112 1499 1094
3 1107 55 1112
3 558 1500 1075
3 1107 1500 558
3 1112 638 1075
3 1075 1500 1112
3 1112 1500 1107
3 1113 46 1027
3 67 1501 1027
3 1034 1501 67
3 1113 1034 574
3 1027 1501 1113
3 1113 1501 1034
3 1103 46 1113
3 570 1502 1022
3 1103 1502 570
3 1113 574 1022
3 1022 1502 1113
3 1113 1502 1103
3 1012 139 1114
3 558 556 1114
3 1114 556 1012
3 139 141 1114
3 1114 141 1106
3 1106 558 1114
3 1115 48 87
3 752 86 1115
3 1115 87 752
3 86 46 1115
3 1115 46 741
3 741 48 1115
3 1117 1116 319
3 1117 570 573
3 573 1116 1117
3 319 243 1117
3 1117 243 1100
3 1100 570 1117
3 1118 143 310
3 929 1118 310
3 449 1118 929
3 449 55 1118
3 1118 55 1099
3 1099 143 1118
3 1120 318 319
3 1119 318 1120
3 1120 572 1119
3 1120 319 1116
3 573 572 1120
3 1116 573 1120
3 594 346 1122
3 1122 346 1121
3 1121 469 1122
3 616 1503 469
3 469 1503 1122
3 1123 594 1122
3 1123 1503 616
3 1122 1503 1123
3 595 594 1123
3 1124 595 1123
3 1123 616 1124
3 1125 595 1124
3 616 618 1125
3 616 1125 1124
3 1125 592 595
3 1082 592 1125
3 1125 618 1082
3 1126 73 1028
3 575 1126 577
3 577 1126 1028
3 73 1504 74
3 1126 1504 73
3 74 1504 1127
3 1127 1126 575
3 1127 1504 1126
3 1128 74 1127
3 580 1505 575
3 575 1505 1127
3 1128 1505 580
3 1127 1505 1128
3 74 1506 346
3 1128 1506 74
3 346 1506 1129
3 1128 580 1129
3 1129 1506 1128
3 1121 346 1129
3 1129 580 469
3 1129 469 1121
3 1130 439 1131
3 547 636 1130
3 547 1130 1131
3 609 439 1130
3 1132 609 1130
3 1130 636 1132
3 1133 609 1132
3 636 637 1133
3 636 1133 1132
3 610 609 1133
3 1134 610 1133
3 1133 637 1134
3 1135 610 1134
3 637 639 1135
3 637 1135 1134
3 1135 53 610
3 1096 53 1135
3 1135 639 1096
3 1136 606 1091
3 633 631 1136
3 633 1136 1091
3 1136 604 606
3 1137 604 1136
3 631 1137 1136
3 1138 604 1137
3 631 632 1138
3 1138 1137 631
3 1138 603 604
3 1139 603 1138
3 1138 632 1139
3 632 547 1140
3 1140 603 1139
3 632 1140 1139
3 1140 439 603
3 1131 439 1140
3 1140 547 1131
3 1141 420 1142
3 531 630 1141
3 531 1141 1142
3 608 420 1141
3 1143 608 1141
3 1143 1141 630
3 1144 608 1143
3 630 634 1144
3 630 1144 1143
3 1144 605 608
3 1145 605 1144
3 1144 634 1145
3 1146 605 1145
3 634 635 1146
3 634 1146 1145
3 607 605 1146
3 1093 607 1146
3 1146 635 1093
3 1147 602 1088
3 624 629 1147
3 624 1147 1088
3 1147 600 602
3 1148 600 1147
3 629 1148 1147
3 1149 600 1148
3 629 628 1149
3 1149 1148 629
3 600 1507 420
3 420 1507 1150
3 1149 1507 600
3 1149 628 1150
3 1150 1507 1149
3 1142 420 1150
3 1150 628 531
3 1150 531 1142
3 1151 60 1152
3 1151 515 627
3 1152 515 1151
3 1151 57 60
3 1153 57 1151
3 1151 627 1153
3 58 57 1154
3 1154 57 1153
3 1153 627 1154
3 1155 58 1154
3 626 1508 627
3 1155 1508 626
3 627 1508 1154
3 1154 1508 1155
3 58 1509 601
3 1155 1509 58
3 601 1509 1156
3 1155 626 1156
3 1156 1509 1155
3 1090 601 1156
3 626 625 1156
3 1156 625 1090
3 1157 597 599
3 1157 599 1085
3 1085 619 1157
3 1158 597 1157
3 623 1510 619
3 619 1510 1157
3 1158 1510 623
3 1157 1510 1158
3 597 1511 596
3 596 1511 1159
3 1158 1511 597
3 1158 623 1159
3 1159 1511 1158
3 1160 596 1159
3 623 622 1159
3 1159 622 1160
3 622 515 1161
3 1161 596 1160
3 1160 622 1161
3 1161 60 596
3 1152 60 1161
3 1161 515 1152
3 1162 52 1163
3 1163 61 64
3 1163 64 1162
3 621 1512 52
3 52 1512 1163
3 1164 61 1163
3 1164 1512 621
3 1163 1512 1164
3 62 61 1164
3 1165 62 1164
3 1164 621 1165
3 1166 62 1165
3 1166 621 620
3 1165 621 1166
3 598 62 1166
3 1087 598 1166
3 1166 620 1087
3 611 50 1167
3 1167 588 1079
3 611 1167 1079
3 1167 50 1168
3 1167 585 588
3 1168 585 1167
3 50 49 1169
3 50 1169 1168
3 1169 585 1168
3 1170 1169 49
3 585 1513 64
3 64 1513 1170
3 1169 1513 585
3 1170 1513 1169
3 49 52 1170
3 1170 52 1162
3 64 1170 1162
3 586 366 1172
3 1172 366 1171
3 485 1172 1171
3 613 1514 485
3 485 1514 1172
3 1173 586 1172
3 1173 1514 613
3 1172 1514 1173
3 589 586 1173
3 1174 589 1173
3 613 1174 1173
3 1175 589 1174
3 613 612 1175
3 1175 1174 613
3 1175 587 589
3 1081 587 1175
3 612 1081 1175
3 1176 593 1084
3 617 614 1176
3 617 1176 1084
3 1176 591 593
3 1177 591 1176
3 1177 1176 614
3 1178 591 1177
3 614 615 1178
3 614 1178 1177
3 1178 590 591
3 1179 590 1178
3 1178 615 1179
3 615 485 1180
3 1180 590 1179
3 1179 615 1180
3 1180 366 590
3 1171 366 1180
3 1180 485 1171
3 90 581 1181
3 90 1181 1182
3 1181 110 1182
3 564 110 1181
3 1183 564 1181
3 1181 581 1183
3 581 71 1184
3 1184 564 1183
3 581 1184 1183
3 1184 71 1185
3 565 564 1184
3 1185 565 1184
3 71 70 1186
3 1185 71 1186
3 1186 565 1185
3 1186 70 1031
3 567 565 1186
3 1031 567 1186
3 66 65 1187
3 66 1187 1036
3 1187 569 1036
3 1187 65 1188
3 569 1515 568
3 568 1515 1188
3 1187 1515 569
3 1188 1515 1187
3 584 1516 65
3 65 1516 1188
3 1189 568 1188
3 1189 1516 584
3 1188 1516 1189
3 568 1517 110
3 110 1517 1190
3 1189 1517 568
3 1190 1189 584
3 1190 1517 1189
3 584 90 1190
3 1190 90 1182
3 1190 1182 110
3 78 579 1191
3 78 1191 1192
3 1191 328 1192
3 559 328 1191
3 1193 559 1191
3 1191 579 1193
3 1194 559 1193
3 579 578 1194
3 579 1194 1193
3 561 559 1194
3 1195 561 1194
3 1194 578 1195
3 1196 561 1195
3 578 576 1196
3 578 1196 1195
3 1196 560 561
3 1030 560 1196
3 1196 576 1030
3 69 583 1197
3 69 1197 1033
3 1197 566 1033
3 1197 563 566
3 1198 563 1197
3 1197 583 1198
3 1199 563 1198
3 583 582 1199
3 583 1199 1198
3 1199 562 563
3 1200 562 1199
3 1200 1199 582
3 582 78 1201
3 1201 562 1200
3 582 1201 1200
3 1201 78 1192
3 1201 328 562
3 1192 328 1201
3 79 1518 80
3 1202 1518 79
3 80 1518 1203
3 1202 230 1203
3 1203 1518 1202
3 749 80 1203
3 230 82 1203
3 1203 82 749
3 931 233 1204
3 453 451 1204
3 1204 451 931
3 230 1519 233
3 1205 1519 230
3 233 1519 1204
3 1204 1205 453
3 1204 1519 1205
3 1205 79 453
3 1202 79 1205
3 1205 230 1202
3 140 1207 1206
3 555 1520 557
3 1206 1520 555
3 557 1520 1207
3 1207 1520 1206
3 140 142 1207
3 1207 142 1014
3 1014 557 1207
3 1208 1009 145
3 554 552 1208
3 1208 552 1009
3 140 1521 145
3 1209 1521 140
3 145 1521 1208
3 1209 554 1208
3 1208 1521 1209
3 1209 140 1206
3 555 554 1209
3 1206 555 1209
3 1210 144 1211
3 551 1522 553
3 1210 1522 551
3 553 1522 1211
3 1211 1522 1210
3 144 146 1211
3 1211 146 1011
3 1011 553 1211
3 1006 149 1212
3 550 548 1212
3 1212 548 1006
3 144 1523 149
3 1213 1523 144
3 149 1523 1212
3 1213 550 1212
3 1212 1523 1213
3 1210 1213 144
3 551 550 1213
3 551 1213 1210
3 1214 148 1215
3 547 1524 549
3 1214 1524 547
3 549 1524 1215
3 1215 1524 1214
3 148 150 1215
3 1215 150 1008
3 1215 1008 549
3 1003 153 1216
3 546 544 1216
3 1216 544 1003
3 148 1525 153
3 1217 1525 148
3 153 1525 1216
3 1217 546 1216
3 1216 1525 1217
3 1217 148 1214
3 547 546 1217
3 1214 547 1217
3 152 1219 1218
3 543 1526 545
3 1218 1526 543
3 545 1526 1219
3 1219 1526 1218
3 152 154 1219
3 1219 154 1005
3 1005 545 1219
3 1000 156 1220
3 542 540 1220
3 1220 540 1000
3 152 1527 156
3 1221 1527 152
3 156 1527 1220
3 1221 542 1220
3 1220 1527 1221
3 1221 152 1218
3 543 542 1221
3 1221 1218 543
3 1222 131 1223
3 539 1528 541
3 1222 1528 539
3 541 1528 1223
3 1223 1528 1222
3 131 157 1223
3 1223 157 1002
3 1223 1002 541
3 997 129 1224
3 538 536 1224
3 1224 536 997
3 131 1529 129
3 129 1529 1224
3 1225 1529 131
3 1225 538 1224
3 1224 1529 1225
3 1225 131 1222
3 539 538 1225
3 1222 539 1225
3 1227 1226 128
3 535 1530 537
3 1226 1530 535
3 537 1530 1227
3 1227 1530 1226
3 128 130 1227
3 1227 130 999
3 999 537 1227
3 994 126 1228
3 534 532 1228
3 1228 532 994
3 128 1531 126
3 126 1531 1228
3 1229 1531 128
3 1229 534 1228
3 1228 1531 1229
3 1229 128 1226
3 535 534 1229
3 1226 535 1229
3 1230 125 1231
3 531 1532 533
3 1230 1532 531
3 533 1532 1231
3 1231 1532 1230
3 125 127 1231
3 1231 127 996
3 996 533 1231
3 160 1232 991
3 530 528 1232
3 1232 528 991
3 125 1533 160
3 1233 1533 125
3 160 1533 1232
3 1233 530 1232
3 1232 1533 1233
3 1230 1233 125
3 531 530 1233
3 1230 531 1233
3 1234 159 1235
3 527 1534 529
3 1234 1534 527
3 529 1534 1235
3 1235 1534 1234
3 159 161 1235
3 1235 161 993
3 1235 993 529
3 988 163 1236
3 526 524 1236
3 1236 524 988
3 159 1535 163
3 1237 1535 159
3 163 1535 1236
3 1237 526 1236
3 1236 1535 1237
3 1237 159 1234
3 527 526 1237
3 1234 527 1237
3 1239 1238 138
3 523 1536 525
3 1238 1536 523
3 525 1536 1239
3 1239 1536 1238
3 138 164 1239
3 1239 164 990
3 990 525 1239
3 985 136 1240
3 522 520 1240
3 1240 520 985
3 138 1537 136
3 136 1537 1240
3 1241 1537 138
3 1241 522 1240
3 1240 1537 1241
3 138 1238 1241
3 523 522 1241
3 1238 523 1241
3 1242 135 1243
3 519 1538 521
3 1242 1538 519
3 521 1538 1243
3 1243 1538 1242
3 135 137 1243
3 1243 137 987
3 987 521 1243
3 133 1244 982
3 518 516 1244
3 1244 516 982
3 135 1539 133
3 133 1539 1244
3 1245 1539 135
3 1245 518 1244
3 1244 1539 1245
3 1245 135 1242
3 519 518 1245
3 1242 519 1245
3 1246 132 1247
3 515 1540 517
3 1246 1540 515
3 517 1540 1247
3 1247 1540 1246
3 132 134 1247
3 1247 134 984
3 984 517 1247
3 979 167 1248
3 514 512 1248
3 1248 512 979
3 132 1541 167
3 1249 1541 132
3 167 1541 1248
3 1249 514 1248
3 1248 1541 1249
3 1249 132 1246
3 515 514 1249
3 1246 515 1249
3 1250 166 1251
3 511 1542 513
3 1250 1542 511
3 513 1542 1251
3 1251 1542 1250
3 166 168 1251
3 1251 168 981
3 981 513 1251
3 1252 976 171
3 510 508 1252
3 1252 508 976
3 166 1543 171
3 1253 1543 166
3 171 1543 1252
3 1253 510 1252
3 1252 1543 1253
3 1253 166 1250
3 511 510 1253
3 1250 511 1253
3 1254 170 1255
3 507 1544 509
3 1254 1544 507
3 509 1544 1255
3 1255 1544 1254
3 170 172 1255
3 1255 172 978
3 1255 978 509
3 973 175 1256
3 506 504 1256
3 1256 504 973
3 170 1545 175
3 1257 1545 170
3 175 1545 1256
3 1257 506 1256
3 1256 1545 1257
3 1257 170 1254
3 507 506 1257
3 1254 507 1257
3 174 1259 1258
3 503 1546 505
3 1258 1546 503
3 505 1546 1259
3 1259 1546 1258
3 174 176 1259
3 1259 176 975
3 975 505 1259
3 1260 970 179
3 502 500 1260
3 1260 500 970
3 174 1547 179
3 1261 1547 174
3 179 1547 1260
3 1261 502 1260
3 1260 1547 1261
3 1261 174 1258
3 503 502 1261
3 1258 503 1261
3 52 1548 501
3 1262 1548 52
3 1262 178 1263
3 501 1548 1263
3 1263 1548 1262
3 178 180 1263
3 1263 180 972
3 972 501 1263
3 183 1264 967
3 499 497 1264
3 1264 497 967
3 178 1549 183
3 1265 1549 178
3 183 1549 1264
3 1265 499 1264
3 1264 1549 1265
3 1265 52 499
3 1262 52 1265
3 1265 178 1262
3 51 1550 498
3 1266 1550 51
3 1266 182 1267
3 498 1550 1267
3 1267 1550 1266
3 182 184 1267
3 1267 184 969
3 969 498 1267
3 1268 964 187
3 496 494 1268
3 1268 494 964
3 182 1551 187
3 1269 1551 182
3 187 1551 1268
3 1269 496 1268
3 1268 1551 1269
3 1269 51 496
3 1266 51 1269
3 1269 182 1266
3 1270 186 1271
3 493 1552 495
3 1270 1552 493
3 495 1552 1271
3 1271 1552 1270
3 186 188 1271
3 1271 188 966
3 966 495 1271
3 961 191 1272
3 492 490 1272
3 1272 490 961
3 186 1553 191
3 1273 1553 186
3 191 1553 1272
3 1273 492 1272
3 1272 1553 1273
3 1270 1273 186
3 493 492 1273
3 1270 493 1273
3 1274 190 1275
3 489 1554 491
3 1274 1554 489
3 491 1554 1275
3 1275 1554 1274
3 190 192 1275
3 1275 192 963
3 963 491 1275
3 958 195 1276
3 488 486 1276
3 1276 486 958
3 190 1555 195
3 1277 1555 190
3 195 1555 1276
3 1277 488 1276
3 1276 1555 1277
3 1277 190 1274
3 489 488 1277
3 1274 489 1277
3 1279 1278 194
3 485 1556 487
3 1278 1556 485
3 487 1556 1279
3 1279 1556 1278
3 194 196 1279
3 1279 196 960
3 960 487 1279
3 955 199 1280
3 484 482 1280
3 1280 482 955
3 194 1557 199
3 1281 1557 194
3 199 1557 1280
3 1281 484 1280
3 1280 1557 1281
3 194 1278 1281
3 485 484 1281
3 1278 485 1281
3 1282 198 1283
3 481 1558 483
3 1282 1558 481
3 483 1558 1283
3 1283 1558 1282
3 198 200 1283
3 1283 200 957
3 957 483 1283
3 203 1284 952
3 480 478 1284
3 1284 478 952
3 198 1559 203
3 1285 1559 198
3 203 1559 1284
3 1285 480 1284
3 1284 1559 1285
3 1285 198 1282
3 481 480 1285
3 1282 481 1285
3 1286 202 1287
3 477 1560 479
3 1286 1560 477
3 479 1560 1287
3 1287 1560 1286
3 202 204 1287
3 1287 204 954
3 954 479 1287
3 949 207 1288
3 476 474 1288
3 1288 474 949
3 202 1561 207
3 1289 1561 202
3 207 1561 1288
3 1289 476 1288
3 1288 1561 1289
3 1289 202 1286
3 477 476 1289
3 1286 477 1289
3 1290 206 1291
3 473 1562 475
3 1290 1562 473
3 475 1562 1291
3 1291 1562 1290
3 206 208 1291
3 1291 208 951
3 951 475 1291
3 946 211 1292
3 472 470 1292
3 1292 470 946
3 206 1563 211
3 1293 1563 206
3 211 1563 1292
3 1293 472 1292
3 1292 1563 1293
3 1293 206 1290
3 473 472 1293
3 1290 473 1293
3 1294 210 1295
3 469 1564 471
3 1294 1564 469
3 471 1564 1295
3 1295 1564 1294
3 210 212 1295
3 1295 212 948
3 948 471 1295
3 943 215 1296
3 468 466 1296
3 1296 466 943
3 210 1565 215
3 1297 1565 210
3 215 1565 1296
3 1297 468 1296
3 1296 1565 1297
3 1297 210 1294
3 469 468 1297
3 1294 469 1297
3 214 1299 1298
3 465 1566 467
3 1298 1566 465
3 467 1566 1299
3 1299 1566 1298
3 214 216 1299
3 1299 216 945
3 945 467 1299
3 940 219 1300
3 464 462 1300
3 1300 462 940
3 214 1567 219
3 1301 1567 214
3 219 1567 1300
3 1301 464 1300
3 1300 1567 1301
3 1301 214 1298
3 465 464 1301
3 1298 465 1301
3 1302 218 1303
3 461 1568 463
3 1302 1568 461
3 463 1568 1303
3 1303 1568 1302
3 218 220 1303
3 1303 220 942
3 942 463 1303
3 937 223 1304
3 460 458 1304
3 1304 458 937
3 218 1569 223
3 1305 1569 218
3 223 1569 1304
3 1305 460 1304
3 1304 1569 1305
3 1302 1305 218
3 461 460 1305
3 461 1305 1302
3 1306 222 1307
3 457 1570 459
3 1306 1570 457
3 459 1570 1307
3 1307 1570 1306
3 222 224 1307
3 1307 224 939
3 1307 939 459
3 934 227 1308
3 456 454 1308
3 1308 454 934
3 222 1571 227
3 1309 1571 222
3 227 1571 1308
3 1309 456 1308
3 1308 1571 1309
3 1309 222 1306
3 457 456 1309
3 1306 457 1309
3 78 1572 455
3 1310 1572 78
3 1310 226 1311
3 455 1572 1311
3 1311 1572 1310
3 226 228 1311
3 1311 228 936
3 936 455 1311
3 1312 77 81
3 751 1312 81
3 83 1312 751
3 1313 77 1312
3 226 1573 83
3 83 1573 1312
3 1313 1573 226
3 1312 1573 1313
3 78 77 1313
3 1310 78 1313
3 1310 1313 226
3 68 1574 91
3 1314 1574 68
3 91 1574 1315
3 1314 240 1315
3 1315 1574 1314
3 755 91 1315
3 240 93 1315
3 1315 93 755
3 1316 84 85
3 1316 85 754
3 754 88 1316
3 1317 84 1316
3 240 1575 88
3 88 1575 1316
3 1317 1575 240
3 1316 1575 1317
3 1317 68 84
3 1314 68 1317
3 1317 240 1314
3 90 1576 97
3 1318 1576 90
3 97 1576 1319
3 238 1319 1318
3 1319 1576 1318
3 758 97 1319
3 99 1319 238
3 758 1319 99
3 1320 89 92
3 1320 92 757
3 757 94 1320
3 1321 89 1320
3 238 1577 94
3 94 1577 1320
3 1321 1577 238
3 1320 1577 1321
3 90 89 1321
3 1318 90 1321
3 1321 238 1318
3 96 1578 102
3 1322 1578 96
3 102 1578 1323
3 1322 236 1323
3 1323 1578 1322
3 761 102 1323
3 236 104 1323
3 1323 104 761
3 1324 95 98
3 1324 98 760
3 760 100 1324
3 1325 95 1324
3 236 1579 100
3 100 1579 1324
3 1325 1579 236
3 1324 1579 1325
3 96 95 1325
3 1322 96 1325
3 1325 236 1322
3 72 1580 452
3 1326 1580 72
3 1326 232 1327
3 452 1580 1327
3 1327 1580 1326
3 232 234 1327
3 1327 234 933
3 933 452 1327
3 1328 101 103
3 1328 103 763
3 763 105 1328
3 1329 101 1328
3 232 1581 105
3 105 1581 1328
3 1329 1581 232
3 1328 1581 1329
3 1329 72 101
3 1326 72 1329
3 1329 232 1326
3 309 147 1330
3 309 1330 930
3 930 1330 450
3 450 1582 56
3 56 1582 1331
3 1330 147 1331
3 1330 1582 450
3 1331 1582 1330
3 446 56 1332
3 1332 56 1331
3 1331 147 1332
3 307 1583 147
3 147 1583 1332
3 1333 1583 307
3 1333 446 1332
3 1332 1583 1333
3 307 926 1333
3 1333 445 446
3 926 445 1333
3 308 151 1334
3 308 1334 927
3 927 1334 447
3 1334 151 1335
3 448 447 1334
3 1335 448 1334
3 1335 151 1336
3 1335 444 448
3 1336 444 1335
3 1336 151 1337
3 1337 441 444
3 1337 444 1336
3 305 1584 151
3 151 1584 1337
3 1338 1584 305
3 1338 441 1337
3 1337 1584 1338
3 923 1338 305
3 1338 440 441
3 923 440 1338
3 306 155 1339
3 306 1339 924
3 1339 442 924
3 1340 1339 155
3 443 442 1339
3 443 1339 1340
3 1341 1340 155
3 1340 439 443
3 1341 439 1340
3 1341 155 1342
3 1342 436 439
3 1342 439 1341
3 303 1585 155
3 155 1585 1342
3 1343 1585 303
3 1342 1343 436
3 1342 1585 1343
3 1343 303 920
3 1343 435 436
3 920 435 1343
3 304 158 1344
3 304 1344 921
3 1344 437 921
3 1344 158 1345
3 438 437 1344
3 1345 438 1344
3 1345 158 1346
3 1345 434 438
3 1346 434 1345
3 1346 158 1347
3 1347 432 434
3 1347 434 1346
3 301 1586 158
3 158 1586 1347
3 1348 1586 301
3 1348 432 1347
3 1347 1586 1348
3 1348 301 917
3 1348 431 432
3 917 431 1348
3 302 298 1349
3 302 1349 918
3 1349 433 918
3 1349 298 1350
3 433 1587 430
3 430 1587 1350
3 1349 1587 433
3 1350 1587 1349
3 1351 1350 298
3 1351 427 430
3 430 1350 1351
3 299 1588 298
3 298 1588 1351
3 1352 1588 299
3 1351 1352 427
3 1351 1588 1352
3 1352 299 914
3 1352 426 427
3 914 426 1352
3 300 295 1353
3 300 1353 915
3 1353 428 915
3 1353 295 1354
3 429 428 1353
3 1354 429 1353
3 1354 295 1355
3 1354 425 429
3 1355 425 1354
3 1355 295 1356
3 1356 422 425
3 1356 425 1355
3 296 1589 295
3 295 1589 1356
3 1357 1589 296
3 1357 422 1356
3 1356 1589 1357
3 911 1357 296
3 1357 421 422
3 911 421 1357
3 297 162 1358
3 297 1358 912
3 912 1358 423
3 162 1359 1358
3 424 423 1358
3 1358 1359 424
3 162 1360 1359
3 1359 420 424
3 1360 420 1359
3 1360 162 1361
3 1361 417 420
3 1361 420 1360
3 293 1590 162
3 162 1590 1361
3 1362 1590 293
3 1362 417 1361
3 1361 1590 1362
3 1362 293 908
3 1362 416 417
3 908 416 1362
3 294 165 1363
3 294 1363 909
3 1363 418 909
3 1363 165 1364
3 419 418 1363
3 1364 419 1363
3 1365 1364 165
3 1364 415 419
3 1365 415 1364
3 1365 165 1366
3 1366 412 415
3 1366 415 1365
3 291 1591 165
3 165 1591 1366
3 1367 1591 291
3 1367 412 1366
3 1366 1591 1367
3 291 905 1367
3 1367 411 412
3 905 411 1367
3 292 288 1368
3 292 1368 906
3 1368 413 906
3 1368 288 1369
3 414 413 1368
3 1369 414 1368
3 1369 288 1370
3 1369 410 414
3 1370 410 1369
3 1370 288 1371
3 1371 407 410
3 1371 410 1370
3 289 1592 288
3 288 1592 1371
3 1372 1592 289
3 1372 407 1371
3 1371 1592 1372
3 1372 289 902
3 1372 406 407
3 902 406 1372
3 290 285 1373
3 290 1373 903
3 1373 408 903
3 1373 285 1374
3 409 408 1373
3 1374 409 1373
3 1374 59 409
3 1375 59 1374
3 1374 285 1375
3 403 59 1376
3 1376 59 1375
3 1375 285 1376
3 286 1593 285
3 285 1593 1376
3 1377 1593 286
3 1377 403 1376
3 1376 1593 1377
3 899 1377 286
3 1377 402 403
3 899 402 1377
3 287 169 1378
3 287 1378 900
3 900 1378 404
3 169 1379 1378
3 405 404 1378
3 1378 1379 405
3 1379 60 405
3 1380 60 1379
3 169 1380 1379
3 399 60 1381
3 1381 60 1380
3 1380 169 1381
3 283 1594 169
3 169 1594 1381
3 1382 1594 283
3 1382 399 1381
3 1381 1594 1382
3 1382 283 896
3 1382 398 399
3 896 398 1382
3 284 173 1383
3 284 1383 897
3 1383 400 897
3 1383 173 1384
3 401 400 1383
3 1384 401 1383
3 173 1385 1384
3 1384 397 401
3 1385 397 1384
3 1386 1385 173
3 1386 395 397
3 1386 397 1385
3 281 1595 173
3 173 1595 1386
3 1387 1595 281
3 395 1386 1387
3 1386 1595 1387
3 1387 281 893
3 1387 394 395
3 893 394 1387
3 282 177 1388
3 282 1388 894
3 1388 396 894
3 1388 177 1389
3 396 1596 393
3 393 1596 1389
3 1388 1596 396
3 1389 1596 1388
3 1389 177 1390
3 1390 390 393
3 1390 393 1389
3 279 1597 177
3 177 1597 1390
3 1391 1597 279
3 1391 390 1390
3 1390 1597 1391
3 890 1391 279
3 1391 389 390
3 890 389 1391
3 280 181 1392
3 280 1392 891
3 1392 391 891
3 1393 1392 181
3 392 391 1392
3 392 1392 1393
3 1393 63 392
3 1394 63 1393
3 1394 1393 181
3 386 63 1395
3 1395 63 1394
3 1394 181 1395
3 277 1598 181
3 181 1598 1395
3 1396 1598 277
3 386 1395 1396
3 1395 1598 1396
3 1396 277 887
3 1396 385 386
3 887 385 1396
3 278 185 1397
3 278 1397 888
3 1397 387 888
3 1397 185 1398
3 388 387 1397
3 1398 388 1397
3 1398 64 388
3 1399 64 1398
3 1398 185 1399
3 382 64 1400
3 1400 64 1399
3 1399 185 1400
3 275 1599 185
3 185 1599 1400
3 1401 1599 275
3 1401 382 1400
3 1400 1599 1401
3 1401 275 884
3 1401 381 382
3 884 381 1401
3 276 189 1402
3 276 1402 885
3 1402 383 885
3 1402 189 1403
3 384 383 1402
3 1403 384 1402
3 1403 189 1404
3 1403 380 384
3 1404 380 1403
3 189 1405 1404
3 1405 378 380
3 1404 1405 380
3 273 1600 189
3 189 1600 1405
3 1406 1600 273
3 1406 378 1405
3 1405 1600 1406
3 1406 273 881
3 1406 377 378
3 881 377 1406
3 274 193 1407
3 1407 882 274
3 379 882 1407
3 1407 193 1408
3 379 1601 376
3 376 1601 1408
3 1407 1601 379
3 1408 1601 1407
3 1408 193 1409
3 1409 373 376
3 1409 376 1408
3 271 1602 193
3 193 1602 1409
3 1410 1602 271
3 1410 373 1409
3 1409 1602 1410
3 1410 271 878
3 1410 372 373
3 878 372 1410
3 272 197 1411
3 272 1411 879
3 1411 374 879
3 1411 197 1412
3 375 374 1411
3 1412 375 1411
3 1412 197 1413
3 1412 371 375
3 1413 371 1412
3 1413 197 1414
3 1414 368 371
3 1414 371 1413
3 269 1603 197
3 197 1603 1414
3 1415 1603 269
3 1415 368 1414
3 1414 1603 1415
3 269 875 1415
3 1415 367 368
3 875 367 1415
3 270 201 1416
3 1416 876 270
3 1416 369 876
3 1416 201 1417
3 370 369 1416
3 1417 370 1416
3 1417 201 1418
3 1417 366 370
3 1418 366 1417
3 201 1419 1418
3 1419 363 366
3 1419 366 1418
3 267 1604 201
3 201 1604 1419
3 1420 1604 267
3 1420 363 1419
3 1419 1604 1420
3 1420 267 872
3 1420 362 363
3 872 362 1420
3 268 205 1421
3 268 1421 873
3 1421 364 873
3 1421 205 1422
3 365 364 1421
3 1422 365 1421
3 1422 205 1423
3 1422 361 365
3 1423 361 1422
3 205 1424 1423
3 1424 358 361
3 1423 1424 361
3 265 1605 205
3 205 1605 1424
3 1425 1605 265
3 1425 358 1424
3 1424 1605 1425
3 1425 265 869
3 1425 357 358
3 869 357 1425
3 266 209 1426
3 266 1426 870
3 1426 359 870
3 1427 1426 209
3 360 359 1426
3 1427 360 1426
3 1427 209 1428
3 1427 356 360
3 1428 356 1427
3 1428 209 1429
3 1429 353 356
3 1429 356 1428
3 263 1606 209
3 209 1606 1429
3 1430 1606 263
3 1430 353 1429
3 1429 1606 1430
3 1430 263 866
3 1430 352 353
3 866 352 1430
3 264 213 1431
3 264 1431 867
3 1431 354 867
3 1431 213 1432
3 355 354 1431
3 1432 355 1431
3 1432 213 1433
3 1432 351 355
3 1433 351 1432
3 1433 213 1434
3 1434 348 351
3 1434 351 1433
3 261 1607 213
3 213 1607 1434
3 1435 1607 261
3 1435 348 1434
3 1434 1607 1435
3 1435 261 863
3 1435 347 348
3 863 347 1435
3 262 217 1436
3 262 1436 864
3 1436 349 864
3 1436 217 1437
3 350 349 1436
3 1437 350 1436
3 217 1438 1437
3 1437 346 350
3 1438 346 1437
3 1439 1438 217
3 1439 343 346
3 1439 346 1438
3 259 1608 217
3 217 1608 1439
3 1440 1608 259
3 1440 343 1439
3 1439 1608 1440
3 1440 259 860
3 1440 342 343
3 860 342 1440
3 260 221 1441
3 861 260 1441
3 1441 344 861
3 1441 221 1442
3 345 344 1441
3 1442 345 1441
3 1442 75 345
3 1443 75 1442
3 1442 221 1443
3 339 75 1444
3 1444 75 1443
3 221 1444 1443
3 257 1609 221
3 221 1609 1444
3 1445 1609 257
3 1445 339 1444
3 1444 1609 1445
3 1445 257 857
3 1445 338 339
3 857 338 1445
3 258 225 1446
3 258 1446 858
3 1446 340 858
3 1447 1446 225
3 341 340 1446
3 1447 341 1446
3 1447 76 341
3 1448 76 1447
3 1447 225 1448
3 335 76 1449
3 1449 76 1448
3 1448 225 1449
3 255 1610 225
3 225 1610 1449
3 1450 1610 255
3 1450 335 1449
3 1449 1610 1450
3 255 854 1450
3 1450 334 335
3 854 334 1450
3 256 229 1451
3 256 1451 855
3 855 1451 336
3 1451 229 1452
3 337 336 1451
3 1452 337 1451
3 1452 229 1453
3 1452 333 337
3 1453 333 1452
3 1453 229 1454
3 1454 330 333
3 1454 333 1453
3 253 1611 229
3 229 1611 1454
3 1455 1611 253
3 1455 330 1454
3 1454 1611 1455
3 1455 253 851
3 1455 329 330
3 851 329 1455
3 254 231 1456
3 254 1456 852
3 1456 331 852
3 1456 231 1457
3 332 331 1456
3 1457 332 1456
3 1457 231 1458
3 1457 328 332
3 1458 328 1457
3 231 1459 1458
3 1459 325 328
3 1459 328 1458
3 251 1612 231
3 231 1612 1459
3 1460 1612 251
3 1459 1460 325
3 1459 1612 1460
3 1460 251 848
3 1460 324 325
3 848 324 1460
3 252 235 1461
3 252 1461 849
3 1461 326 849
3 1461 235 1462
3 327 326 1461
3 1462 327 1461
3 1462 235 1463
3 1462 323 327
3 1463 323 1462
3 1463 235 1464
3 1464 321 323
3 1464 323 1463
3 249 1613 235
3 235 1613 1464
3 1465 1613 249
3 1465 321 1464
3 1464 1613 1465
3 842 1465 249
3 1465 320 321
3 842 320 1465
3 1466 108 765
3 112 242 1466
3 765 112 1466
3 109 108 1466
3 1467 109 1466
3 1466 242 1467
3 111 109 1467
3 1468 111 1467
3 1467 242 1468
3 571 111 1469
3 1469 111 1468
3 1469 1468 242
3 318 1614 242
3 242 1614 1469
3 1470 1614 318
3 1470 571 1469
3 1469 1614 1470
3 1470 318 1119
3 572 571 1470
3 1119 572 1470
3 1471 115 767
3 118 241 1471
3 118 1471 767
3 116 115 1471
3 1472 116 1471
3 1471 241 1472
3 1472 110 116
3 1473 110 1472
3 1472 241 1473
3 1474 106 110
3 1474 110 1473
3 1473 241 1474
3 1475 106 1474
3 246 1615 241
3 241 1615 1474
3 1475 1615 246
3 1474 1615 1475
3 107 106 1475
3 846 107 1475
3 1475 246 846
3 1476 121 769
3 124 239 1476
3 124 1476 769
3 122 121 1476
3 1477 122 1476
3 1476 239 1477
3 1477 117 122
3 1478 117 1477
3 1477 239 1478
3 1479 113 117
3 117 1478 1479
3 1479 1478 239
3 1480 113 1479
3 247 1616 239
3 239 1616 1479
3 1480 1616 247
3 1479 1616 1480
3 114 113 1480
3 845 114 1480
3 1480 247 845
3 250 237 1481
3 843 250 1481
3 1481 322 843
3 322 1617 123
3 123 1617 1482
3 1481 237 1482
3 1481 1617 322
3 1482 1617 1481
3 1483 119 123
3 1483 123 1482
3 1482 237 1483
3 1484 119 1483
3 248 1618 237
3 237 1618 1483
3 1484 1618 248
3 1483 1618 1484
3 120 119 1484
3 120 1484 844
3 844 1484 248
3 1104 315 645
3 645 642 1104
3 642 645 646
3 642 646 647
3 315 648 645
3 645 649 646
3 645 650 649
3 315 651 648
3 315 652 651
3 40 653 651
3 648 651 653
3 315 317 654
3 1485 38 41
3 1485 41 317
3 41 654 317
3 315 654 652
3 39 650 645
3 40 651 655
3 40 655 41
3 38 642 647
3 38 647 656
3 38 656 650
3 38 650 39
3 316 657 317
3 1485 657 38
3 1485 317 657
3 38 657 658
3 31 38 658
3 1487 314 1486
3 1486 644 643
3 1487 1486 643
3 314 313 1486
3 1486 313 1488
3 1488 644 1486
3 31 658 659
3 31 659 37
3 35 659 36
3 36 659 658
3 33 36 660
3 33 660 661
3 657 662 658
3 657 661 662
3 658 662 663
3 36 658 663
3 33 661 664
3 661 665 664
3 33 664 666
3 33 666 311
3 311 666 316
3 316 666 667
3 657 665 661
3 316 667 668
3 316 668 665
3 316 665 657
3 1487 669 314
3 643 669 1487
3 33 311 670
3 33 670 671
3 33 671 672
3 311 314 673
3 314 672 674
3 314 674 673
3 311 673 670
3 314 669 672
3 33 675 676
3 33 676 669
3 669 676 677
3 669 677 672
3 33 678 675
3 672 677 679
3 672 679 678
3 33 672 678
3 643 680 669
3 643 682 681
3 643 681 680
3 31 33 1489
3 1489 33 683
3 33 684 683
3 1490 31 1489
3 683 682 1490
3 683 1490 1489
3 1111 31 1490
3 682 643 1111
3 682 1111 1490
3 669 680 684
3 33 669 684
3 1098 30 29
3 29 312 1098
3 29 685 312
3 312 685 686
3 312 686 313
3 1488 313 687
3 687 644 1488
3 27 687 313
3 644 687 688
3 687 690 689
3 687 689 688
3 644 688 691
3 687 692 690
3 28 30 693
3 28 693 692
3 26 313 686
3 26 27 313
3 30 644 691
3 30 691 693
3 690 692 693
3 673 686 685
3 670 673 685
3 29 670 685
3 29 671 670
3 24 671 29
3 24 672 671
3 24 26 672
3 26 686 672
3 672 686 674
3 673 674 686
3 25 678 27
3 25 675 678
3 25 28 675
3 28 676 675
3 28 692 676
3 676 692 677
3 677 692 687
3 27 677 687
3 27 679 677
3 27 678 679
3 680 689 684
3 684 689 690
3 683 684 690
3 683 690 693
3 682 683 693
3 682 693 691
3 681 682 691
3 681 691 688
3 680 681 688
3 680 688 689
3 35 649 659
3 649 650 659
3 650 656 659
3 37 659 656
3 37 656 647
3 34 37 647
3 32 34 647
3 32 647 646
3 32 646 35
3 35 646 649
3 653 662 661
3 40 662 653
3 39 662 40
3 39 663 662
3 36 663 39
3 36 39 645
3 36 645 660
3 645 648 660
3 648 661 660
3 648 653 661
3 652 654 667
3 654 668 667
3 41 668 654
3 41 665 668
3 41 655 665
3 655 664 665
3 651 664 655
3 651 666 664
3 651 652 666
3 652 667 666
3 18 640 694
3 244 14 1102
3 1102 14 640
3 14 244 695
3 15 18 694
3 19 21 696
3 17 697 23
3 14 698 640
3 640 698 699
3 23 697 695
3 19 696 244
3 23 244 696
3 23 695 244
3 13 698 14
3 640 699 694
3 1492 5 1491
3 1491 44 43
3 1492 1491 43
3 5 0 1491
3 1491 0 1493
3 1493 44 1491
3 19 245 700
3 738 700 18
3 738 19 700
3 9 18 700
3 9 641 18
3 245 701 700
3 245 702 701
3 700 701 703
3 245 704 702
3 830 5 1494
3 705 245 830
3 705 830 1494
3 705 706 707
3 1494 5 706
3 1494 706 705
3 245 705 704
3 701 707 703
3 9 700 12
3 12 700 703
3 703 707 706
3 703 706 708
3 11 708 706
3 9 11 709
3 9 709 641
3 641 709 710
3 641 710 711
3 11 712 709
3 11 706 712
3 706 711 713
3 706 713 712
3 1492 714 5
3 43 714 1492
3 5 714 8
3 5 7 706
3 7 715 706
3 8 706 715
3 8 716 706
3 706 716 717
3 8 718 716
3 8 714 719
3 8 719 718
3 714 720 719
3 706 717 720
3 706 720 714
3 706 714 721
3 714 722 721
3 706 721 723
3 43 722 714
3 43 724 722
3 711 706 1495
3 1495 706 723
3 43 725 724
3 1496 711 1495
3 723 725 1496
3 723 1496 1495
3 725 43 1497
3 1497 711 1496
3 725 1497 1496
3 1497 43 45
3 45 711 1497
3 45 641 711
3 739 42 726
3 726 47 739
3 47 726 727
3 1493 0 3
3 1493 3 44
3 42 728 726
3 726 729 727
3 726 730 729
3 47 727 731
3 42 732 728
3 42 733 732
3 2 734 732
3 728 732 734
3 3 735 44
3 42 44 735
3 42 735 733
3 1 730 726
3 2 732 736
3 2 736 3
3 0 47 731
3 0 731 737
3 0 737 730
3 0 730 1
3 725 733 735
3 724 725 735
3 3 724 735
3 3 722 724
3 3 736 722
3 721 722 736
3 721 736 732
3 721 732 723
3 723 732 733
3 723 733 725
3 719 720 734
3 2 719 734
3 1 719 2
3 1 718 719
3 1 716 718
3 1 726 716
3 716 726 717
3 717 726 728
3 717 728 720
3 720 728 734
3 8 715 729
3 8 729 730
3 8 730 737
3 6 8 737
3 6 737 731
3 4 6 731
3 4 731 7
3 7 731 727
3 7 727 715
3 715 727 729
3 20 707 701
3 20 22 707
3 22 705 707
3 22 23 705
3 23 704 705
3 23 696 704
3 696 702 704
3 21 702 696
3 21 701 702
3 20 701 21
3 11 16 14
3 11 14 708
3 14 695 708
3 695 703 708
3 695 697 703
3 12 703 697
3 12 697 17
3 12 17 16
3 10 12 16
3 10 16 11
3 694 699 711
3 699 713 711
3 698 713 699
3 698 712 713
3 13 712 698
3 13 709 712
3 13 15 709
3 15 694 709
3 694 710 709
3 694 711 710
4 1505 1129 1128 580
4 584 1189 1190 1516
4 683 692 690 684
4 68 65 1516 745
4 1109 55 1490 1108
4 1107 1331 773 1131
4 1131 773 1107 1206
4 1107 56 1331 1131
4 555 1131 1107 1206
4 43 722 3 714
4 314 26 674 672
4 1099 1331 773 1107
4 1206 1107 1106 770
4 583 79 1200 582
4 631 543 1139 632
4 614 481 1179 615
4 1193 333 559 561
4 1620 695 23 697
4 705 695 23 1620
4 21 245 701 700
4 65 68 1516 584
4 575 465 1505 580
4 1503 1179 1123 1061
4 1336 56 1131 1331
4 1193 1016 1128 1506
4 1170 1514 1172 493
4 773 1107 1206 770
4 311 141 315 1628
4 1514 1170 1169 493
4 1513 376 1172 1173
4 1170 1173 1513 1172
4 1172 1173 1514 1170
4 1163 1160 1164 1512
4 397 597 1511 596
4 626 519 627 1508
4 1507 1149 1153 1150
4 1503 1122 1180 477
4 1173 1170 1513 1169
4 1170 1173 1514 1169
4 1258 790 1262 1633
4 798 1278 1274 1631
4 1023 1193 1129 461
4 806 1294 1290 1634
4 775 772 1131 1210
4 775 772 1336 1131
4 1180 1179 1123 1503
4 682 1490 30 683
4 1123 1122 1180 1503
4 1169 1058 1514 493
4 1191 1506 1193 1129
4 1191 76 1506 1129
4 1023 1505 1194 1024
4 56 1331 1099 1107
4 1129 1506 1193 1128
4 323 563 1199 562
4 551 637 1133 636
4 434 604 1138 603
4 457 578 1194 579
4 1178 590 361 591
4 1106 555 1107 1206
4 1164 1160 1159 1512
4 1154 1149 1153 1507
4 1162 1262 790 1633
4 806 1121 1294 1634
4 798 1171 1278 1631
4 1226 1230 1142 1635
4 1192 1310 1202 1636
4 1214 1218 1131 1635
4 793 1162 1399 1631
4 809 1121 1438 1632
4 1171 1418 801 1634
4 785 1152 1380 1633
4 781 1142 1360 1630
4 1131 777 1214 1635
4 1192 817 1310 1636
4 1210 1131 551 1206
4 1058 1514 1173 1169
4 581 1184 71 96
4 535 634 1144 630
4 1341 777 1131 1635
4 817 1192 1458 1636
4 14 713 698 712
4 1503 1062 1123 1063
4 123 1199 1018 1017
4 430 1138 1054 1053
4 1062 477 1503 1061
4 1178 356 1179 1123
4 461 1194 1024 1023
4 1506 1015 1016 1128
4 1226 837 1230 1635
4 706 729 715 727
4 700 18 17 738
4 311 673 312 670
4 76 1015 1016 1506
4 393 1163 1161 1160
4 1130 1107 56 1132
4 1153 1151 1150 523
4 1506 1015 1128 748
4 1164 1159 1511 1165
4 1148 1154 1149 1508
4 1160 393 1163 1164
4 1150 1149 1153 523
4 30 1489 1490 55
4 1109 1105 642 1108
4 828 47 740 829
4 793 790 1162 1262
4 1294 806 809 1121
4 1171 801 798 1278
4 1131 777 774 1214
4 817 814 1192 1310
4 1152 785 833 1246
4 55 1489 1490 1108
4 1341 777 774 1131
4 1179 356 1180 1123
4 1193 1191 1129 461
4 1201 123 1181 1200
4 430 1140 1139 1141
4 1503 1062 1061 1123
4 477 1062 1503 1063
4 1058 1059 1514 493
4 1500 1112 1107 1132
4 20 1620 22 17
4 1122 1180 356 1123
4 833 1375 1380 1630
4 1453 1458 814 1632
4 1413 1418 798 1631
4 790 1394 1399 1633
4 1438 806 1433 1634
4 1106 1107 33 770
4 1071 1149 1070 523
4 1047 1046 393 1164
4 1129 1191 76 1632
4 645 32 646 35
4 1159 1158 1511 1165
4 1154 1148 1155 1508
4 562 1199 323 1200
4 636 1133 551 1132
4 603 1138 434 1139
4 581 1183 1184 96
4 457 579 1194 1193
4 590 1178 361 1179
4 1191 1129 461 1632
4 705 1620 23 22
4 1254 788 1258 1633
4 1250 786 1254 1633
4 1270 796 1274 1631
4 1266 794 1270 1631
4 1286 1282 802 1634
4 1290 1286 804 1634
4 812 1306 1302 1632
4 1238 835 1242 1630
4 1298 810 1302 1632
4 782 1238 1234 1630
4 555 551 1131 1206
4 1473 1182 1468 1629
4 1250 1254 507 1633
4 17 9 700 12
4 1270 493 1266 1631
4 1282 1286 477 1634
4 1473 111 1468 1182
4 461 1298 1302 1632
4 1238 523 1234 1630
4 837 1355 1360 1635
4 1341 1336 439 1131
4 430 1140 1141 1635
4 1181 123 1201 1636
4 503 1254 1258 1633
4 1246 1152 515 1242
4 1306 78 1192 1310
4 547 1131 1210 1214
4 1226 531 1142 1230
4 1274 489 1270 1631
4 1286 1290 473 1634
4 76 1015 1506 748
4 56 1336 1131 444
4 1128 1127 1194 1505
4 1131 1107 1130 555
4 56 1107 1130 1131
4 594 1123 351 595
4 629 527 1149 628
4 51 50 49 1169
4 371 589 586 1173
4 61 1164 63 62
4 56 744 1112 743
4 1169 1174 1058 1168
4 64 1399 1394 1633
4 623 511 1159 622
4 57 1154 59 58
4 1018 1017 1199 1184
4 1144 1053 1054 1138
4 60 1380 1375 1630
4 1458 1453 328 1632
4 1413 366 1418 1631
4 380 1404 1399 1631
4 75 1443 1438 1632
4 790 1258 791 1633
4 415 1365 1360 1630
4 720 706 728 717
4 798 1274 799 1631
4 744 56 1112 1056
4 833 1242 834 1630
4 814 1306 815 1632
4 807 806 1290 1634
4 787 1250 784 1633
4 795 1266 792 1631
4 803 1282 800 1634
4 1298 808 811 1632
4 676 33 28 675
4 783 1234 780 1630
4 1438 1433 346 1634
4 1500 1133 1112 1132
4 839 1226 1222 1635
4 1322 1326 820 1636
4 1222 1218 778 1635
4 1202 818 1326 1636
4 1134 1499 744 1135
4 1058 1173 1174 1169
4 1107 558 555 1106
4 1182 1629 1473 1636
4 1158 1510 1165 1067
4 1051 1148 1509 1155
4 1174 1038 1039 1173
4 1127 1194 1505 1024
4 1468 1182 111 1629
4 1318 90 1322 1629
4 1127 1504 1194 1195
4 493 1514 1172 489
4 1063 1178 1123 1124
4 665 316 657 41
4 1124 1042 1178 1123
4 1509 1050 1051 1155
4 1510 1158 1066 1067
4 507 1254 503 1633
4 1399 1162 64 1631
4 64 1162 1399 1633
4 493 1270 489 1631
4 1286 473 477 1634
4 434 1138 430 1139
4 323 1199 123 1200
4 1404 1408 794 1631
4 1385 1389 786 1633
4 788 1389 1394 1633
4 1413 796 1408 1631
4 835 1370 1375 1630
4 1448 1453 812 1632
4 1428 1433 804 1634
4 802 1423 1428 1634
4 1448 810 1443 1632
4 1365 1370 782 1630
4 1162 503 52 1262
4 457 1194 461 1193
4 361 1178 356 1179
4 1165 1164 1159 1067
4 72 1184 746 1026
4 1144 539 1073 1074
4 1102 705 706 1625
4 60 1152 1380 1630
4 1171 1418 366 1631
4 1458 328 1192 1632
4 1171 366 1418 1634
4 1077 1133 1112 1500
4 1360 1142 420 1630
4 1380 1152 60 1633
4 1473 110 111 1182
4 1133 1112 1056 744
4 1158 1510 1166 1165
4 1148 1509 1155 1147
4 1181 1183 72 1200
4 1438 1121 346 1632
4 1504 1015 1194 1195
4 1123 1062 1178 1063
4 1438 346 1121 1634
4 489 1171 1278 485
4 1504 1015 748 1127
4 1473 1468 824 1629
4 1331 773 143 1099
4 76 75 1506 1129
4 469 473 1294 1121
4 1159 622 511 1160
4 1154 57 59 1153
4 1100 826 1468 1629
4 1504 1194 1015 1127
4 511 1250 507 1633
4 1266 493 51 1631
4 1463 1482 818 1636
4 778 1346 1350 1635
4 839 1350 1355 1635
4 1482 1478 820 1636
4 527 1234 523 1630
4 1162 52 51 1262
4 791 1258 788 1633
4 786 1250 787 1633
4 799 1274 796 1631
4 794 1266 795 1631
4 815 1306 812 1632
4 1290 804 807 1634
4 834 1242 835 1630
4 802 1282 803 1634
4 837 1226 838 1635
4 1298 811 810 1632
4 782 1234 783 1630
4 1181 72 1201 1200
4 1140 1139 1141 539
4 380 1399 64 1631
4 527 1142 531 1230
4 515 511 1152 1246
4 819 1202 816 1636
4 779 1218 776 1635
4 1192 1201 123 1636
4 430 1131 1140 1635
4 1181 1182 123 1636
4 430 1141 1142 1635
4 1510 1166 1165 1067
4 1509 1148 1051 1147
4 823 1629 1322 1636
4 511 1066 1160 507
4 59 410 1050 1153
4 1138 434 430 1054
4 1199 323 123 1018
4 1360 420 415 1630
4 1438 346 75 1632
4 1194 457 461 1024
4 1206 1106 141 770
4 706 740 741 1621
4 51 1058 1169 493
4 527 1070 1149 523
4 1042 1123 351 356
4 1135 1077 1112 1498
4 63 1046 1164 393
4 1038 371 376 1173
4 511 1159 1066 1065
4 59 1154 1050 1049
4 788 1254 789 1633
4 796 1270 797 1631
4 789 1254 786 1633
4 797 1270 794 1631
4 805 804 1286 1634
4 457 1302 1306 1632
4 813 812 1302 1632
4 1169 51 493 1170
4 1123 351 356 1122
4 519 1238 1242 1630
4 835 1238 836 1630
4 1149 1150 527 523
4 805 1286 802 1634
4 1178 361 356 1043
4 1164 63 393 1163
4 1172 376 371 1173
4 1302 810 813 1632
4 836 1238 782 1630
4 1103 111 1182 1629
4 1394 63 64 1633
4 1375 59 60 1630
4 457 1306 1192 1632
4 434 1138 1055 1054
4 323 1199 1019 1018
4 519 1242 1152 1630
4 1106 1108 558 1105
4 366 1413 371 1631
4 1106 1520 555 1206
4 1181 1201 72 1636
4 1140 539 1141 1635
4 1074 1145 1137 1144
4 1198 1185 1199 746
4 705 1102 14 1625
4 1099 1331 56 1582
4 551 1133 1078 1077
4 457 1194 1025 1024
4 833 834 1375 1630
4 1433 351 346 1634
4 814 815 1453 1632
4 791 1394 790 1633
4 1294 210 806 1290
4 790 178 1258 1262
4 194 798 1278 1274
4 799 1413 798 1631
4 1226 131 839 1222
4 1222 152 778 1218
4 1326 1322 820 232
4 818 1202 1326 230
4 1302 214 810 1298
4 159 782 1238 1234
4 1286 804 202 1290
4 1302 812 218 1306
4 1270 796 186 1274
4 1266 794 182 1270
4 1246 135 833 1242
4 1286 198 802 1282
4 1250 786 166 1254
4 1254 788 170 1258
4 814 1306 1310 222
4 1238 835 138 1242
4 1226 837 128 1230
4 1174 1175 1058 1168
4 1433 806 807 1634
4 795 792 1404 1631
4 784 1385 787 1633
4 800 1423 803 1634
4 1443 811 808 1632
4 53 744 743 1499
4 783 780 1365 1630
4 1463 1482 237 818
4 1346 298 778 1350
4 177 1385 1389 786
4 1408 794 193 1404
4 1350 295 839 1355
4 1482 239 820 1478
4 1214 543 1131 1218
4 1202 1192 79 1310
4 1054 1137 1145 1144
4 1018 1198 1185 1199
4 1473 1468 241 824
4 288 1370 1375 835
4 165 1365 1370 782
4 1413 197 798 1418
4 1448 1443 810 221
4 1428 804 1433 209
4 285 1375 1380 833
4 1428 1423 802 205
4 1448 812 1453 225
4 1453 1458 229 814
4 1389 1394 177 788
4 1413 796 193 1408
4 1355 295 837 1360
4 1394 1399 181 790
4 1438 1433 806 213
4 1095 53 1499 1135
4 1038 1037 371 1173
4 1045 1164 63 1046
4 511 1160 1161 507
4 1153 59 410 1151
4 1178 361 1043 1044
4 1057 1169 51 1058
4 1149 1069 1070 527
4 1123 351 1041 1042
4 48 828 740 741
4 523 1071 1508 519
4 1104 1623 315 1628
4 1175 1174 1039 1168
4 1418 361 1423 1634
4 55 56 1099 1107
4 397 1385 1380 1633
4 1226 1142 535 1635
4 838 1226 839 1635
4 823 1322 820 1636
4 818 1202 819 1636
4 778 1218 779 1635
4 1076 1498 1112 1077
4 1039 1038 1174 1175
4 1144 1137 1074 1138
4 1184 1199 1185 746
4 1174 1175 1059 1058
4 1102 1494 244 1101
4 639 1077 1135 1498
4 1355 837 838 1635
4 706 1621 741 1629
4 684 28 669 33
4 76 75 1129 1632
4 1346 779 776 1635
4 1463 819 816 1636
4 1194 1127 1195 1024
4 1318 238 1314 1629
4 1195 1127 1126 1024
4 1198 1186 1185 746
4 1145 1137 1136 1074
4 1112 1076 1077 1500
4 1144 1054 1137 1138
4 1199 1185 1018 1184
4 1181 72 1182 1636
4 1142 1141 539 1635
4 706 42 723 728
4 380 64 1162 1631
4 1192 72 1201 1636
4 1131 539 1140 1635
4 1322 96 1326 1636
4 1226 535 1222 1635
4 68 1103 1516 1190
4 543 1131 1218 1635
4 1192 1202 79 1636
4 243 1468 1100 826
4 1124 1178 1125 1063
4 1178 1125 1042 1124
4 825 822 1473 1629
4 727 706 47 7
4 599 1048 597 1157
4 566 1019 563 1197
4 593 1044 591 1176
4 606 1055 604 1136
4 1025 576 1196 578
4 1186 1018 1198 1185
4 1136 1054 1137 1145
4 839 1222 840 1635
4 820 1326 821 1636
4 1112 1095 1135 1498
4 420 1142 415 1630
4 634 539 1144 1074
4 71 72 1184 746
4 840 1222 778 1635
4 821 1326 818 1636
4 75 1121 1129 1632
4 1135 1077 1134 1112
4 741 1314 48 1629
4 1167 1058 1175 1168
4 705 1102 1494 244
4 346 1121 75 1632
4 1302 457 461 1632
4 523 1238 519 1630
4 1112 1499 1134 1135
4 439 434 1341 1131
4 328 323 1458 1192
4 1496 42 723 1621
4 1126 1196 1195 1024
4 1113 1516 1103 1190
4 371 376 1172 1631
4 1048 1047 397 1511
4 59 410 1151 1630
4 835 1375 834 1630
4 788 1394 791 1633
4 796 1413 799 1631
4 815 812 1453 1632
4 1136 1146 1145 1074
4 1197 1186 1198 746
4 827 1468 826 1629
4 795 1404 794 1631
4 787 1385 786 1633
4 807 804 1433 1634
4 803 1423 802 1634
4 1443 810 811 1632
4 782 783 1365 1630
4 1495 1621 706 1629
4 78 1192 457 1306
4 1152 519 515 1242
4 1131 551 547 1210
4 1142 535 531 1226
4 1108 1106 558 1107
4 1167 1175 1039 1168
4 1072 1508 1071 519
4 1105 1108 1109 33
4 740 828 829 706
4 639 1078 637 1135
4 1054 1136 1146 1145
4 1186 1198 1018 1197
4 1062 618 1176 1063
4 63 1162 64 1633
4 59 1152 60 1630
4 1102 705 14 244
4 1202 1326 72 1636
4 1222 539 1218 1635
4 33 24 671 29
4 1282 477 481 1634
4 72 96 1184 1183
4 642 1105 558 1108
4 461 465 1298 1632
4 1062 617 1176 618
4 598 1157 1047 599
4 611 1058 1080 1167
4 706 47 740 739
4 797 794 1408 1631
4 789 786 1389 1633
4 48 832 741 1629
4 624 625 1156 1071
4 1496 42 740 1497
4 444 439 1336 1131
4 1140 434 430 1139
4 1201 323 123 1200
4 1389 788 789 1633
4 797 1408 796 1631
4 741 1497 1496 740
4 593 592 1043 1176
4 1370 835 836 1630
4 812 813 1448 1632
4 824 825 1473 1629
4 1428 804 805 1634
4 1171 366 371 1631
4 802 1428 805 1634
4 1448 813 810 1632
4 836 782 1370 1630
4 1196 1126 1029 577
4 465 1023 1129 461
4 716 729 706 726
4 1133 1112 744 1134
4 706 42 739 740
4 1506 747 748 1128
4 48 828 741 832
4 1049 1050 1509 1155
4 1510 1158 1065 1066
4 1126 1504 1127 1195
4 351 1121 346 1634
4 1355 838 839 1635
4 1478 823 820 1636
4 1131 547 543 1214
4 1192 78 79 1310
4 818 819 1463 1636
4 778 779 1346 1635
4 827 824 1468 1629
4 361 356 1180 1179
4 1355 1350 430 1635
4 485 1171 1278 481
4 1193 1191 461 457
4 28 24 675 33
4 576 1196 1029 577
4 1186 69 1032 70
4 567 566 1032 1197
4 633 1092 1136 635
4 606 607 1136 1092
4 1058 1175 1080 1167
4 59 1151 1152 1630
4 1294 465 469 1121
4 714 706 721 728
4 1133 1112 1134 1077
4 1038 1039 587 1175
4 599 598 1157 1086
4 625 1156 1089 624
4 618 1176 1083 617
4 1080 587 1039 1175
4 1080 1039 587 1167
4 1076 1077 1500 555
4 47 828 740 48
4 1063 618 1176 1125
4 1494 5 830 831
4 1092 1146 1136 635
4 1146 1136 607 1092
4 69 1186 1032 1197
4 1032 1186 567 1197
4 361 1418 366 1634
4 706 720 728 714
4 598 1046 1047 1166
4 397 1380 60 1633
4 24 675 678 25
4 821 818 1482 1636
4 840 778 1350 1635
4 1350 839 840 1635
4 1482 820 821 1636
4 1161 397 393 1160
4 309 1118 928 1330
4 592 593 1083 1176
4 1147 1051 1509 602
4 1166 1510 620 1067
4 551 1130 1132 555
4 1175 1039 1080 1167
4 33 676 28 669
4 1047 1157 598 1166
4 1114 142 1013 1207
4 242 827 1468 826
4 1112 1094 1095 1498
4 1175 1080 612 611
4 587 588 1080 1167
4 1504 748 747 1127
4 1516 1113 1189 1190
4 773 143 147 1331
4 1166 1157 598 1086
4 1147 1089 1156 624
4 1153 1151 523 519
4 1106 1108 1105 33
4 740 828 706 741
4 1500 1107 558 555
4 1490 31 1111 1110
4 1125 1176 1083 618
4 1176 1083 592 1125
4 511 623 1159 1065
4 58 1154 59 1049
4 1499 1112 1095 1135
4 333 328 1453 1632
4 588 587 1039 1167
4 612 1059 1175 611
4 244 831 1494 830
4 1102 706 708 1625
4 371 1172 1171 1631
4 45 42 43 1497
4 24 675 33 678
4 141 140 1206 770
4 96 1322 90 1629
4 741 1497 1103 1496
4 1103 46 68 1516
4 1520 555 558 1106
4 798 194 190 1274
4 178 174 790 1258
4 210 206 806 1290
4 128 131 839 1226
4 778 131 152 1222
4 148 144 774 1214
4 236 1318 822 238
4 226 1202 816 230
4 222 1310 814 226
4 152 148 776 1218
4 230 1326 818 232
4 232 1322 820 236
4 144 140 772 1210
4 214 210 808 1298
4 782 138 159 1238
4 780 159 125 1234
4 794 186 182 1270
4 218 214 810 1302
4 190 186 796 1274
4 182 178 792 1266
4 786 170 166 1254
4 202 198 802 1286
4 166 132 784 1250
4 833 132 135 1246
4 174 170 788 1258
4 206 202 804 1290
4 198 194 800 1282
4 1306 812 218 222
4 135 138 835 1242
4 837 125 128 1230
4 311 673 314 312
4 1504 1029 560 1196
4 1463 237 235 818
4 298 778 158 1346
4 189 193 794 1404
4 1385 177 173 786
4 295 1350 839 298
4 239 1482 820 237
4 772 147 151 1336
4 235 231 1463 816
4 776 155 158 1346
4 1468 242 241 824
4 774 151 155 1341
4 231 229 1458 814
4 165 1370 288 782
4 225 1448 810 221
4 189 185 1404 792
4 1443 808 221 217
4 193 197 796 1413
4 1394 181 177 788
4 197 201 798 1418
4 1385 173 169 784
4 213 1433 804 209
4 285 288 1375 835
4 1423 201 800 205
4 285 1380 169 833
4 209 1428 802 205
4 812 229 1453 225
4 165 162 1365 780
4 1197 1019 1198 1018
4 566 1019 1197 1018
4 606 1055 1136 1054
4 1136 1055 1137 1054
4 241 239 1473 822
4 1399 185 181 790
4 217 1438 806 213
4 295 162 837 1360
4 1504 1126 1196 1195
4 1077 1078 1135 1134
4 1196 1025 1195 1024
4 33 1097 30 1098
4 1170 49 1169 51
4 1123 1122 594 351
4 1164 1163 61 63
4 576 1025 1196 1024
4 1149 1150 628 527
4 1173 1172 586 371
4 1089 1147 1509 602
4 620 1510 1166 1086
4 131 840 839 1222
4 779 778 152 1218
4 1202 818 819 230
4 820 821 1326 232
4 814 815 1306 222
4 218 813 812 1302
4 214 811 810 1298
4 782 159 783 1234
4 807 806 206 1290
4 795 794 182 1266
4 186 797 796 1270
4 791 790 174 1258
4 805 804 202 1286
4 798 190 799 1274
4 787 786 166 1250
4 803 802 198 1282
4 789 788 170 1254
4 135 834 833 1242
4 836 835 138 1238
4 837 128 838 1226
4 210 806 809 1294
4 178 790 793 1262
4 194 798 801 1278
4 706 8 729 716
4 1516 46 68 745
4 128 839 838 1226
4 148 774 777 1214
4 778 840 131 1222
4 817 814 1310 226
4 819 816 1202 230
4 152 776 779 1218
4 1326 821 818 232
4 772 775 144 1210
4 823 820 1322 236
4 214 808 811 1298
4 138 782 836 1238
4 783 159 780 1234
4 810 813 218 1302
4 186 794 797 1270
4 182 792 795 1266
4 799 190 796 1274
4 170 786 789 1254
4 784 787 166 1250
4 802 805 202 1286
4 132 833 785 1246
4 788 791 174 1258
4 206 804 807 1290
4 198 800 803 1282
4 815 812 1306 222
4 835 834 135 1242
4 781 125 837 1230
4 1140 430 434 1131
4 1201 123 323 1192
4 1117 243 319 1614
4 1497 725 42 43
4 1118 309 928 310
4 465 1505 1129 1023
4 818 1482 237 821
4 298 840 778 1350
4 797 794 193 1408
4 786 1389 177 789
4 243 242 1468 826
4 825 1473 241 824
4 839 840 298 1350
4 820 237 1482 821
4 796 797 193 1408
4 788 177 1389 789
4 1161 393 397 1633
4 819 1463 235 818
4 295 837 838 1355
4 779 158 778 1346
4 835 288 1370 836
4 1365 165 783 782
4 811 810 1443 221
4 798 799 197 1413
4 1404 794 189 795
4 173 1385 786 787
4 1428 805 804 209
4 181 1394 790 791
4 1375 285 834 833
4 1423 803 802 205
4 1433 807 806 213
4 1448 813 812 225
4 815 1453 229 814
4 295 838 839 1355
4 819 235 1463 816
4 779 776 158 1346
4 772 151 775 1336
4 242 827 824 1468
4 823 239 1478 820
4 777 774 155 1341
4 1365 165 780 783
4 782 1370 288 836
4 810 813 1448 225
4 792 1404 189 795
4 808 811 1443 221
4 799 796 197 1413
4 181 1394 791 788
4 834 285 1375 835
4 801 798 201 1418
4 833 1380 169 785
4 800 803 1423 205
4 173 1385 787 784
4 804 807 1433 213
4 1428 802 805 209
4 812 1453 229 815
4 1458 231 814 817
4 822 1473 241 825
4 781 837 162 1360
4 790 1399 185 793
4 806 809 1438 217
4 1103 111 1502 1182
4 1114 556 1520 1013
4 1164 1046 1045 1165
4 1037 1038 1174 1173
4 1123 351 595 1041
4 527 629 1149 1069
4 51 50 1169 1057
4 371 589 1173 1037
4 1164 63 62 1045
4 434 1131 430 1635
4 54 53 1499 1095
4 743 54 53 1499
4 123 323 1192 1636
4 1176 1044 1177 1043
4 1206 140 773 770
4 593 1044 1176 1043
4 1058 1057 1169 1168
4 1124 1041 1042 1123
4 1069 1148 1149 1070
4 142 1114 1013 139
4 87 1575 48 1115
4 1370 1365 410 1630
4 356 1428 1423 1634
4 1413 1408 376 1631
4 1448 1443 76 1632
4 633 1074 1136 631
4 465 1505 580 1129
4 1190 1516 68 584
4 1102 1494 1101 706
4 1094 1112 638 1498
4 493 1270 1266 1552
4 1544 507 1250 1254
4 1238 523 1536 1234
4 1302 1298 461 1568
4 477 1286 1282 1560
4 1314 240 48 1629
4 599 1048 1157 1047
4 244 705 245 830
4 24 678 33 672
4 1077 639 1135 1078
4 1408 1404 380 1631
4 826 832 48 1629
4 1147 1509 1155 1156
4 1510 1157 1158 1166
4 46 741 1103 1629
4 361 1180 356 1634
4 633 1074 634 1136
4 1404 1601 1408 380
4 634 1136 1074 1146
4 1546 503 1254 1258
4 1274 1270 489 1554
4 1290 1286 473 1562
4 69 1186 71 70
4 633 634 635 1136
4 238 240 1314 1629
4 1210 1524 547 1214
4 1572 78 1306 1310
4 515 1540 1246 1242
4 1548 503 1258 1262
4 489 1278 1274 1556
4 473 1294 1290 1564
4 1226 1532 531 1230
4 551 1131 1130 555
4 1171 361 366 1634
4 828 741 832 706
4 1106 1108 33 1107
4 728 723 721 732
4 473 1503 1063 477
4 90 1576 1318 1322
4 617 1062 1176 614
4 69 746 1186 583
4 397 60 1152 1633
4 634 635 1136 1146
4 638 1076 1498 1112
4 117 123 1181 1182
4 1141 425 430 1142
4 741 832 706 1629
4 1197 1019 563 1198
4 1176 1044 591 1177
4 1135 1078 637 1134
4 1136 1055 604 1137
4 1196 1025 578 1195
4 380 376 1513 1039
4 746 69 1186 71
4 1191 333 76 1632
4 1182 96 90 1629
4 558 1114 556 1520
4 123 1182 117 1636
4 430 1142 425 1635
4 59 1375 1370 1630
4 1186 583 746 1197
4 1127 748 747 1128
4 576 1024 1196 575
4 566 565 1018 1197
4 606 605 1054 1136
4 1126 1196 1024 575
4 1111 682 30 643
4 71 72 96 1184
4 634 535 1144 539
4 351 1433 1428 1634
4 76 75 748 1506
4 1497 741 46 740
4 1161 397 1152 1633
4 1067 1512 507 503
4 493 1059 1514 489
4 410 415 1051 1507
4 1112 55 743 742
4 361 1171 1180 1634
4 1186 1018 565 1197
4 1136 605 1054 1146
4 1110 30 1111 1490
4 48 827 826 1629
4 566 567 565 1197
4 605 606 607 1136
4 1534 527 1230 1234
4 1246 1542 511 1250
4 575 1196 576 577
4 1130 444 56 1131
4 683 1489 30 33
4 1126 1196 575 577
4 1262 1550 51 1266
4 561 1015 1504 1195
4 1196 561 1504 1195
4 1186 565 567 1197
4 1136 607 605 1146
4 583 1186 69 1197
4 1050 1049 1154 1155
4 1065 1158 1159 1066
4 304 1344 158 1585
4 300 1353 295 1588
4 254 1456 231 1611
4 112 1466 242 1615
4 308 1334 151 1583
4 302 1349 298 1586
4 252 1461 235 1612
4 118 1471 241 1616
4 306 1339 155 1584
4 250 1481 237 1613
4 124 1476 239 1618
4 297 1358 162 1589
4 256 1451 229 1610
4 294 1363 165 1590
4 292 1368 288 1591
4 260 1441 221 1608
4 258 1446 225 1609
4 290 1373 285 1592
4 262 1436 217 1607
4 284 1383 173 1594
4 276 1402 189 1599
4 278 1397 185 1598
4 270 1416 201 1603
4 287 1378 169 1593
4 274 1407 193 1600
4 282 1388 177 1595
4 272 1411 197 1602
4 280 1392 181 1597
4 264 1431 213 1606
4 268 1421 205 1604
4 266 1426 209 1605
4 587 1037 1038 1175
4 598 1045 1046 1166
4 1069 624 1147 1070
4 592 1041 1042 1125
4 1057 1058 611 1167
4 1064 1063 1125 618
4 142 1114 140 1207
4 1118 147 1330 309
4 56 449 1582 450
4 1096 1135 1095 1498
4 638 1076 1112 1075
4 1102 705 1494 706
4 560 73 1029 1504
4 622 1160 1161 511
4 1153 57 59 1151
4 741 68 1314 1629
4 240 1315 93 1577
4 128 1227 130 1529
4 152 1219 154 1525
4 144 1211 146 1521
4 226 1311 228 1571
4 131 1223 157 1527
4 99 238 1319 1579
4 148 1215 150 1523
4 230 1203 82 1573
4 232 1327 234 1519
4 236 1323 104 1581
4 125 1231 127 1531
4 214 1299 216 1565
4 222 1307 224 1569
4 138 1239 164 1535
4 159 1235 161 1533
4 210 1295 212 1563
4 218 1303 220 1567
4 135 1243 137 1537
4 186 1271 188 1551
4 182 1267 184 1549
4 178 1263 180 1547
4 202 1287 204 1559
4 190 1275 192 1553
4 194 1279 196 1555
4 170 1255 172 1543
4 198 1283 200 1557
4 174 1259 176 1545
4 166 1251 168 1541
4 132 1247 134 1539
4 206 1291 208 1561
4 1190 1103 1502 1182
4 601 1089 1509 602
4 620 619 1510 1086
4 1039 1040 588 1167
4 1005 1525 154 1219
4 999 1529 130 1227
4 755 1577 93 1315
4 1011 1521 146 1211
4 936 1571 228 1311
4 996 1531 127 1231
4 945 1565 216 1299
4 939 1569 224 1307
4 987 1537 137 1243
4 1535 990 1239 164
4 993 1533 161 1235
4 942 1567 220 1303
4 948 1563 212 1295
4 954 1559 204 1287
4 972 1547 180 1263
4 969 1549 184 1267
4 978 1543 172 1255
4 957 1557 200 1283
4 966 1551 188 1271
4 1539 984 1247 134
4 1541 981 1251 168
4 1555 960 1279 196
4 1545 975 1259 176
4 963 1553 192 1275
4 951 1561 208 1291
4 1002 1527 157 1223
4 1579 758 1319 99
4 1573 749 1203 82
4 933 1519 234 1327
4 1523 1008 1215 150
4 761 1581 104 1323
4 638 1095 1094 1498
4 1517 1020 111 1502
4 1052 1051 1147 602
4 1175 1060 1059 612
4 620 1166 1067 1068
4 1118 928 1582 449
4 1146 605 1054 1145
4 1186 565 1018 1185
4 1135 1096 639 1498
4 1064 1503 1063 473
4 634 1145 1146 1074
4 1185 1186 71 746
4 698 713 640 699
4 434 1350 1346 1635
4 1482 1463 323 1636
4 147 1118 310 309
4 72 96 1183 1181
4 142 1114 139 140
4 1027 46 1113 745
4 639 1096 1095 1498
4 17 20 700 21
4 1118 147 1331 1330
4 741 1497 46 1103
4 140 1114 1206 1207
4 556 557 1520 1013
4 1314 68 1318 1629
4 415 410 1365 1630
4 376 1408 380 1631
4 75 76 1443 1632
4 1040 380 1513 1039
4 1509 1051 1050 601
4 619 1510 1066 1067
4 747 748 75 1506
4 1174 1038 1037 1175
4 1166 1045 1046 1165
4 1054 1055 1137 1138
4 1018 1019 1198 1199
4 1069 1147 1148 1070
4 1057 1058 1167 1168
4 1125 1041 1042 1124
4 558 1076 1500 555
4 1135 1095 53 1096
4 1496 725 42 1497
4 1504 560 561 1196
4 1512 1067 1068 503
4 1059 1060 1514 489
4 415 1052 1051 1507
4 1063 1125 1124 1064
4 620 1166 1068 621
4 613 1060 1175 612
4 585 588 1040 1167
4 616 1064 1125 618
4 600 1052 1147 602
4 1077 1134 1133 1078
4 1025 1194 1195 1024
4 96 1183 1181 581
4 1180 590 361 1179
4 1601 376 1408 380
4 1106 1114 558 1520
4 434 1140 603 1139
4 1132 636 1130 551
4 1191 1193 579 457
4 1201 562 323 1200
4 450 1582 928 449
4 503 507 1546 1254
4 1270 493 489 1554
4 477 473 1286 1562
4 73 1015 748 1504
4 503 1548 52 1262
4 1502 1517 1020 1113
4 48 240 827 1629
4 1015 560 1504 73
4 1167 1039 1040 1168
4 56 55 1099 1582
4 410 59 1370 1630
4 72 1326 96 1636
4 539 1222 535 1635
4 1043 1044 1177 1178
4 376 371 1413 1631
4 1428 356 351 1634
4 1060 1174 1175 1059
4 1052 1051 1148 1147
4 1166 1165 1067 1068
4 1278 489 485 1556
4 1134 744 610 1135
4 1069 1147 624 629
4 592 595 1041 1125
4 50 1057 611 1167
4 587 589 1037 1175
4 598 62 1045 1166
4 1198 1197 746 583
4 631 1136 1137 1074
4 238 824 240 1629
4 1105 1106 33 1628
4 601 1509 1051 602
4 1510 619 620 1067
4 1294 473 469 1564
4 824 238 825 1629
4 706 11 1102 708
4 1020 568 569 1515
4 1166 1510 1157 1086
4 1509 1147 1089 1156
4 1181 564 1183 117
4 1180 615 1179 481
4 1175 1080 1081 612
4 588 1079 1080 1167
4 14 640 713 1102
4 1504 1126 1029 1196
4 74 73 747 1504
4 1080 1081 587 1175
4 1080 1079 611 1167
4 1082 1125 1083 618
4 716 726 706 717
4 493 1266 51 1552
4 507 511 1544 1250
4 523 527 1536 1234
4 602 1089 1147 1088
4 1087 620 1166 1086
4 543 1139 632 1140
4 444 1132 609 1130
4 333 1193 559 1191
4 79 1200 582 1201
4 1125 1083 592 1082
4 543 1218 539 1635
4 79 1202 72 1636
4 827 240 824 1629
4 1147 1089 624 1088
4 1087 1166 598 1086
4 1094 54 1499 1095
4 742 54 743 1499
4 1550 51 52 1262
4 1062 1177 1176 614
4 558 557 1520 556
4 1608 1438 1443 217
4 638 639 1095 1498
4 1458 1612 231 1463
4 1443 1448 1609 221
4 205 1428 1423 1605
4 1606 1428 1433 209
4 1610 1448 1453 225
4 1423 1418 201 1604
4 1418 1413 197 1603
4 1341 151 1584 1336
4 1385 169 1594 1380
4 1591 165 1365 1370
4 1375 1380 1593 285
4 1370 1375 1592 288
4 1458 229 1611 1453
4 1341 1585 155 1346
4 1336 147 1583 1331
4 511 515 1542 1246
4 1413 193 1602 1408
4 1394 177 1597 1389
4 531 1534 527 1230
4 1482 1618 239 1478
4 1350 1588 295 1355
4 1399 181 1598 1394
4 1589 295 1355 1360
4 1182 72 96 1636
4 539 535 1142 1635
4 313 687 1486 1488
4 1350 434 430 1635
4 123 1482 323 1636
4 42 740 1497 46
4 1389 1385 397 1633
4 1103 111 570 1502
4 1184 1185 71 746
4 1074 634 1145 1144
4 1182 68 1103 1629
4 1181 72 96 1182
4 535 1142 1141 539
4 1118 1331 1099 1582
4 1089 1090 1156 625
4 599 1157 1085 1086
4 1206 1106 1520 1114
4 543 539 1131 1635
4 1192 79 72 1636
4 139 1114 141 140
4 1587 1350 1346 434
4 323 1463 1482 1617
4 1385 1389 397 1596
4 1500 1075 1076 558
4 1189 1502 1517 1190
4 717 728 726 706
4 142 1207 1014 1013
4 457 1302 1570 1306
4 96 1578 1322 1326
4 1210 551 1522 1206
4 1226 535 1530 1222
4 1238 1538 519 1242
4 17 19 700 738
4 1330 309 930 928
4 1614 318 1120 1119
4 539 1131 1140 543
4 1201 79 72 1192
4 430 425 1355 1635
4 333 1453 1448 1632
4 90 1318 68 1629
4 1151 1153 627 519
4 1161 596 397 1160
4 706 727 715 7
4 1117 1470 572 571
4 85 1316 1115 84
4 1276 1556 486 488
4 1260 1548 500 502
4 1292 1564 470 472
4 1328 1578 103 101
4 1288 1562 474 476
4 1280 1558 482 484
4 1272 1554 490 492
4 1268 1552 494 496
4 1256 1546 504 506
4 1264 1550 497 499
4 1284 1560 478 480
4 1244 1540 516 518
4 1542 512 1248 514
4 1252 1544 508 510
4 1212 1524 548 550
4 1300 1568 462 464
4 1204 1580 451 453
4 1232 1534 528 530
4 1536 524 1236 526
4 1240 1538 520 522
4 1312 1518 81 77
4 1296 1566 466 468
4 1304 1570 458 460
4 1324 1576 98 95
4 1220 1528 540 542
4 1228 1532 532 534
4 1308 1572 454 456
4 1208 1522 552 554
4 1320 1574 92 89
4 1224 1530 536 538
4 1216 1526 544 546
4 68 741 46 1629
4 1115 46 85 84
4 1020 1021 111 1502
4 732 2 714 734
4 1013 1114 556 1012
4 1028 1029 1126 577
4 1196 1029 1030 576
4 1029 1030 560 1196
4 1084 1083 593 1176
4 1176 1084 1083 617
4 1091 606 1136 1092
4 1092 1136 1091 633
4 1032 1186 70 1031
4 1032 567 1186 1031
4 1092 1093 1146 635
4 1146 607 1093 1092
4 1032 1033 69 1197
4 566 1033 1032 1197
4 753 754 88 1575
4 610 1133 1056 744
4 67 745 1027 1501
4 1214 1526 543 1218
4 79 1518 1202 1310
4 68 1574 1314 1318
4 481 1282 1278 1558
4 465 1298 1294 1566
4 1344 1345 158 1585
4 1353 295 1588 1354
4 1456 1457 231 1611
4 1466 1467 242 1615
4 1334 1335 151 1583
4 1461 235 1612 1462
4 155 1339 1340 1584
4 1476 1477 239 1618
4 1451 1452 229 1610
4 1363 1364 165 1590
4 288 1368 1369 1591
4 1608 1442 1441 221
4 225 1446 1447 1609
4 1374 1592 285 1373
4 1402 189 1599 1403
4 1383 1384 173 1594
4 201 1416 1417 1603
4 1378 169 1593 1379
4 181 1392 1393 1597
4 1411 1412 197 1602
4 1431 1432 213 1606
4 1421 1422 205 1604
4 1605 1427 1426 209
4 1616 1472 1471 241
4 1359 1589 162 1358
4 1607 1437 1436 217
4 1398 1598 185 1397
4 1117 573 570 571
4 52 621 503 1512
4 64 585 380 1513
4 74 75 1506 747
4 568 111 1517 1020
4 1113 1516 1501 745
4 572 573 1117 571
4 1370 1365 1369 410
4 1427 1423 356 1428
4 76 1443 1448 1447
4 928 310 929 1118
4 1034 1035 67 1501
4 74 346 1506 75
4 110 568 111 1517
4 555 557 1520 558
4 1580 72 1202 1326
4 1222 539 1528 1218
4 1614 318 319 1120
4 1398 1394 64 1399
4 1182 90 68 1629
4 1113 1502 1517 1189
4 485 613 489 1514
4 1507 415 600 420
4 1228 1532 534 1229
4 1578 1328 1329 101
4 1204 1580 453 1205
4 1312 1518 77 1313
4 1212 1524 550 1213
4 1272 1554 492 1273
4 1288 1562 476 1289
4 1300 1568 464 1301
4 1284 1560 480 1285
4 1256 1546 506 1257
4 1552 1268 1269 496
4 1248 1542 514 1249
4 1244 1540 518 1245
4 1252 1544 510 1253
4 1240 1538 522 1241
4 1232 1534 530 1233
4 1236 1536 526 1237
4 1324 1576 95 1325
4 1220 1528 542 1221
4 1304 1570 460 1305
4 1320 1574 89 1321
4 1208 1522 554 1209
4 1224 1530 538 1225
4 1308 1572 456 1309
4 1216 1526 546 1217
4 1354 1350 430 1355
4 376 1412 1408 1413
4 616 1124 1125 1064
4 1167 1040 585 1168
4 1166 1165 1068 621
4 600 1052 1148 1147
4 1060 1175 1174 613
4 1276 1556 488 1277
4 1260 1548 502 1261
4 1292 1564 472 1293
4 1021 570 111 1502
4 1280 1558 484 1281
4 1264 1550 499 1265
4 1296 1566 468 1297
4 139 1114 1013 1012
4 1035 66 67 1501
4 1118 147 310 143
4 469 616 473 1503
4 1125 595 1041 1124
4 1069 1148 1147 629
4 1167 50 1057 1168
4 1174 1037 589 1175
4 1166 62 1045 1165
4 1494 705 244 830
4 1503 616 473 1064
4 489 613 1060 1514
4 1512 621 503 1068
4 415 1507 600 1052
4 585 380 1513 1040
4 1359 1355 420 1360
4 1005 1525 1004 154
4 755 1577 756 93
4 999 1529 998 130
4 1011 1521 1010 146
4 936 1571 935 228
4 996 1531 995 127
4 987 1537 986 137
4 1535 990 164 989
4 993 1533 992 161
4 978 1543 977 172
4 945 1565 944 216
4 1545 975 176 974
4 1539 984 134 983
4 1541 981 168 980
4 957 1557 956 200
4 1555 960 196 959
4 972 1547 971 180
4 954 1559 953 204
4 969 1549 968 184
4 951 1561 950 208
4 966 1551 965 188
4 942 1567 941 220
4 963 1553 962 192
4 948 1563 947 212
4 939 1569 938 224
4 933 1519 932 234
4 1573 749 82 750
4 761 1581 762 104
4 1002 1527 1001 157
4 1579 758 99 759
4 1523 1008 150 1007
4 1438 1443 75 1442
4 1465 1464 321 1617
4 1348 1347 432 1587
4 1406 1405 378 1601
4 395 1387 1386 1596
4 1375 60 1379 1380
4 1340 1341 1336 439
4 1457 1458 1453 328
4 1418 366 1413 1417
4 1468 1474 111 1473
4 1404 1400 380 1399
4 1365 1361 415 1360
4 356 1423 361 1634
4 437 436 438 1343
4 106 108 1475 109
4 423 422 424 1357
4 407 408 1372 409
4 331 330 332 1455
4 417 418 1362 419
4 403 404 1377 405
4 399 400 1382 401
4 344 343 345 1440
4 387 386 388 1396
4 413 412 414 1367
4 339 340 1445 341
4 325 326 1460 327
4 113 115 1480 116
4 1389 397 393 1633
4 87 1575 753 88
4 1371 410 407 409
4 355 353 356 1429
4 335 76 337 1449
4 1331 1330 1582 1118
4 113 115 114 1480
4 326 325 1460 324
4 387 386 1396 385
4 404 403 1377 402
4 400 399 1382 398
4 340 339 1445 338
4 344 343 1440 342
4 408 407 1372 406
4 413 412 1367 411
4 418 417 1362 416
4 423 422 1357 421
4 331 330 1455 329
4 106 108 107 1475
4 437 436 1343 435
4 1113 1103 1502 1190
4 1004 153 154 1525
4 129 130 998 1529
4 756 94 93 1577
4 1010 145 146 1521
4 227 935 1571 228
4 126 127 995 1531
4 986 136 137 1537
4 160 161 992 1533
4 989 163 164 1535
4 216 215 1565 944
4 171 172 977 1543
4 980 167 168 1541
4 133 134 983 1539
4 974 175 176 1545
4 971 179 180 1547
4 1555 196 195 959
4 1557 200 199 956
4 203 1559 204 953
4 183 184 968 1549
4 1561 208 207 950
4 1567 220 219 941
4 188 187 1551 965
4 1553 192 191 962
4 212 211 1563 947
4 938 1569 223 224
4 234 1519 932 233
4 83 82 750 1573
4 105 104 762 1581
4 1001 156 157 1527
4 100 99 759 1579
4 1007 149 150 1523
4 64 1400 384 382
4 346 1434 1433 1438
4 1478 110 1479 1473
4 410 1366 1369 414
4 356 360 1424 1427
4 1447 341 76 1444
4 1365 1366 1369 410
4 1424 1423 356 1427
4 1447 76 1443 1444
4 1105 33 1104 1628
4 1483 123 119 122
4 1390 393 390 392
4 1351 430 427 429
4 1409 376 373 375
4 1206 1207 1114 1520
4 1390 392 1393 393
4 122 1477 1483 123
4 429 1354 1351 430
4 375 1412 1409 376
4 1393 393 1389 1390
4 1482 1477 123 1483
4 1354 1350 1351 430
4 1412 376 1408 1409
4 569 1021 1020 1515
4 1164 62 1165 1045
4 1174 589 1037 1173
4 1169 50 1168 1057
4 1123 595 1124 1041
4 1069 1149 1148 629
4 1163 61 63 64
4 49 1170 52 51
4 1398 1395 388 64
4 1394 1398 64 1395
4 752 86 753 1115
4 1117 1120 1116 573
4 1361 420 417 419
4 68 46 1103 1629
4 1161 515 511 1152
4 1151 60 59 1152
4 73 748 747 1504
4 1118 928 1330 1582
4 75 341 339 1444
4 412 1366 415 414
4 1381 60 399 401
4 1459 325 327 328
4 436 1342 439 438
4 366 365 363 1419
4 424 1357 1358 423
4 409 1372 1373 408
4 1377 1378 405 404
4 400 1383 1382 401
4 1363 1362 418 419
4 1396 1397 388 387
4 344 345 1441 1440
4 413 1368 1367 414
4 1446 340 341 1445
4 1466 108 109 1475
4 437 1344 1343 438
4 1456 1455 331 332
4 327 1460 1461 326
4 1471 115 116 1480
4 345 343 346 1439
4 109 106 110 1474
4 1013 1520 1114 1207
4 1474 111 109 1467
4 1442 1439 345 75
4 1403 1400 384 380
4 415 1361 1364 419
4 1405 380 378 1601
4 1474 1468 111 1467
4 1400 1404 380 1403
4 1361 1365 415 1364
4 1442 1439 75 1438
4 1457 1454 332 328
4 1376 1379 60 405
4 439 1337 1340 443
4 1414 366 370 1417
4 56 1335 1331 1336
4 1454 1457 1453 328
4 60 1375 1379 1376
4 1336 1337 1340 439
4 366 1414 1413 1417
4 64 1163 1162 63
4 52 1170 1162 51
4 1359 1356 424 420
4 366 371 586 1172
4 1150 628 527 531
4 1355 1359 420 1356
4 55 1118 1099 1582
4 449 1118 55 1582
4 1404 380 1405 1601
4 1122 594 351 346
4 1448 76 333 1632
4 68 1103 1190 1182
4 1021 1022 570 1502
4 1433 1432 351 1428
4 59 1375 1374 1370
4 742 743 1112 1499
4 1499 1112 1094 1095
4 1437 1434 350 346
4 1472 1479 116 110
4 1437 1434 346 1438
4 1472 1479 110 1473
4 619 1510 1065 1066
4 1050 1049 1509 601
4 434 1587 1350 430
4 1482 123 323 1617
4 393 397 1389 1596
4 1015 560 561 1504
4 1483 122 119 1476
4 1409 375 373 1411
4 1390 392 390 1392
4 448 1332 1334 446
4 1351 429 427 1353
4 371 366 1171 1172
4 1142 1150 527 531
4 443 1337 1339 441
4 1421 363 365 1419
4 360 358 1424 1426
4 1416 368 370 1414
4 1429 355 353 1431
4 1434 350 348 1436
4 335 337 1451 1449
4 384 1400 1402 382
4 1570 461 1302 457
4 519 523 1538 1238
4 733 42 732 723
4 1122 346 351 1121
4 1257 507 1254 1546
4 1273 493 1270 1554
4 1241 523 1238 1538
4 1289 477 1286 1562
4 1305 461 1302 1570
4 1265 52 1262 1550
4 1189 1113 1502 1190
4 515 622 1161 511
4 57 60 59 1151
4 1314 1315 240 1577
4 1529 1226 128 1227
4 1218 1525 1219 152
4 1222 1223 131 1527
4 238 1318 1319 1579
4 148 1215 1523 1214
4 1210 1211 144 1521
4 1310 1311 226 1571
4 1202 1203 230 1573
4 1326 1327 232 1519
4 236 1323 1581 1322
4 1230 1231 125 1531
4 214 1299 1565 1298
4 1239 138 1238 1535
4 159 1235 1533 1234
4 135 1243 1537 1242
4 186 1271 1551 1270
4 1266 1267 182 1549
4 218 1303 1567 1302
4 1254 1255 170 1543
4 190 1275 1553 1274
4 202 1287 1559 1286
4 1282 1283 198 1557
4 174 1259 1545 1258
4 166 1251 1541 1250
4 1246 1247 132 1539
4 206 1291 1561 1290
4 222 1307 1569 1306
4 448 1332 446 56
4 506 1257 1546 507
4 1554 492 1273 493
4 1241 1538 522 523
4 476 1289 1562 477
4 1305 1570 460 461
4 448 1332 56 1335
4 1335 56 1331 1332
4 619 1510 623 1065
4 1509 1049 58 601
4 929 928 1118 449
4 1265 499 52 1550
4 386 1395 63 388
4 371 370 368 1414
4 350 348 351 1434
4 403 1376 59 405
4 1477 122 1483 1476
4 1412 375 1409 1411
4 392 1390 1393 1392
4 1332 448 1334 1335
4 1354 429 1351 1353
4 457 1572 78 1306
4 1524 547 551 1210
4 1540 515 519 1242
4 1532 531 535 1226
4 1337 1339 1340 443
4 1462 1459 1461 327
4 1427 360 1424 1426
4 365 1421 1419 1422
4 370 1416 1414 1417
4 355 1429 1432 1431
4 1378 1379 1376 405
4 1444 1447 341 1446
4 1368 1369 1366 414
4 1383 1384 1381 401
4 337 1452 1451 1449
4 1373 1374 1371 409
4 1457 1454 1456 332
4 1344 1345 1342 438
4 1479 1472 116 1471
4 1356 1359 424 1358
4 1395 1398 388 1397
4 1434 1437 350 1436
4 1400 1403 384 1402
4 1363 1364 1361 419
4 1439 1442 345 1441
4 1467 109 1474 1466
4 1371 1374 59 409
4 1429 351 355 1432
4 1371 59 1374 1370
4 1432 1429 351 1428
4 1117 570 1469 571
4 1281 485 1278 1558
4 1317 84 1115 1316
4 1576 90 96 1322
4 1469 1100 570 1117
4 1261 503 1258 1548
4 1277 489 1274 1556
4 1293 473 1290 1564
4 1105 141 1106 1628
4 1217 547 1214 1526
4 1249 515 1246 1542
4 1313 78 1310 1518
4 1297 469 1294 1566
4 1233 531 1230 1534
4 551 555 1522 1206
4 1470 1117 1469 571
4 1558 484 1281 485
4 1548 502 1261 503
4 1556 488 1277 489
4 472 1293 1564 473
4 548 1212 1006 1007
4 540 1220 1000 1001
4 760 98 1324 759
4 763 762 103 1328
4 931 451 1204 932
4 1312 751 81 750
4 950 949 1288 474
4 1268 965 964 494
4 947 946 1292 470
4 977 1252 508 976
4 504 973 974 1256
4 967 968 497 1264
4 971 1260 500 970
4 959 958 1276 486
4 1284 953 952 478
4 955 1280 956 482
4 458 1304 937 938
4 962 961 1272 490
4 979 980 512 1248
4 982 983 516 1244
4 1300 941 940 462
4 992 1232 528 991
4 989 524 988 1236
4 944 943 1296 466
4 985 986 520 1240
4 935 1308 454 934
4 994 532 1228 995
4 1010 1208 552 1009
4 997 998 536 1224
4 756 92 757 1320
4 1003 1004 544 1216
4 1526 546 1217 547
4 1542 514 1249 515
4 77 1313 1518 78
4 530 1233 1534 531
4 1321 90 1318 1574
4 449 56 1582 55
4 1282 481 477 1560
4 1298 465 461 1568
4 1515 1021 1020 1113
4 1187 65 66 1501
4 1566 468 1297 469
4 385 886 1396 387
4 404 1377 898 402
4 1372 901 408 406
4 398 895 1382 400
4 411 904 1367 413
4 342 344 859 1440
4 907 1362 416 418
4 1445 340 338 856
4 114 115 766 1480
4 847 1460 324 326
4 850 1455 329 331
4 423 1357 910 421
4 108 107 1475 764
4 437 1343 919 435
4 1502 1020 1021 1113
4 1338 923 922 440
4 880 881 377 1406
4 868 357 1425 869
4 878 1410 372 877
4 1420 362 872 871
4 1401 884 883 381
4 1450 854 853 334
4 1445 338 857 856
4 890 889 1391 389
4 893 892 1387 394
4 1396 887 886 385
4 874 367 1415 875
4 860 342 859 1440
4 866 352 865 1430
4 905 904 1367 411
4 862 347 1435 863
4 768 120 1484 844
4 845 114 766 1480
4 1348 917 916 431
4 1382 896 895 398
4 1377 899 898 402
4 901 1372 902 406
4 908 907 1362 416
4 847 1460 848 324
4 842 841 1465 320
4 851 850 1455 329
4 1357 911 910 421
4 1333 926 925 445
4 1343 920 919 435
4 914 913 1352 426
4 107 1475 764 846
4 1209 555 1206 1522
4 89 1321 1574 90
4 1522 554 1209 555
4 1483 119 1484 1476
4 1409 373 1410 1411
4 1390 390 1391 1392
4 1332 446 1333 1334
4 1351 427 1352 1353
4 1337 1338 1339 441
4 1421 1420 363 1419
4 1424 358 1425 1426
4 1416 1415 368 1414
4 1430 1429 353 1431
4 1435 1434 348 1436
4 1451 1450 335 1449
4 1401 1402 1400 382
4 1137 631 1074 1138
4 1199 1198 746 583
4 1133 744 610 1134
4 1620 703 707 1627
4 1526 543 547 1214
4 1518 79 78 1310
4 1108 1109 33 1489
4 1574 68 90 1318
4 481 1278 485 1558
4 1115 46 86 85
4 1237 527 1234 1536
4 1253 511 1250 1544
4 1269 51 1266 1552
4 469 465 1294 1566
4 1075 1076 1112 1500
4 1536 526 1237 527
4 1544 510 1253 511
4 1269 496 51 1552
4 1366 410 415 414
4 75 76 341 1444
4 721 728 706 723
4 410 1365 1366 415
4 76 75 1443 1444
4 11 706 1102 712
4 1151 627 515 519
4 60 596 397 1161
4 64 1400 380 384
4 1399 1400 380 64
4 396 393 1596 395
4 322 123 1617 321
4 430 433 432 1587
4 376 379 378 1601
4 147 1336 1583 151
4 1584 155 151 1341
4 235 231 1612 1463
4 231 229 1611 1458
4 1453 229 1610 225
4 225 1609 1448 221
4 221 1608 1443 217
4 205 209 1428 1605
4 1599 189 185 1404
4 213 1606 1433 209
4 193 1413 1602 197
4 1423 201 205 1604
4 177 1394 1597 181
4 1591 165 1370 288
4 197 201 1418 1603
4 173 169 1594 1385
4 1380 169 1593 285
4 288 1375 1592 285
4 1590 165 162 1365
4 239 237 1618 1482
4 1615 242 241 1468
4 1585 158 155 1346
4 1588 295 298 1350
4 713 706 712 1102
4 1015 561 1194 1195
4 1062 1178 1177 614
4 1616 241 239 1473
4 217 1607 1438 213
4 185 181 1598 1399
4 295 1589 162 1360
4 240 238 1314 1577
4 1214 148 144 1523
4 238 236 1318 1579
4 1222 131 152 1527
4 1573 1202 226 230
4 1519 1326 230 232
4 232 1581 1322 236
4 1551 182 186 1270
4 186 190 1553 1274
4 1258 174 170 1545
4 170 166 1254 1543
4 1266 182 178 1549
4 202 1559 198 1286
4 194 198 1557 1282
4 166 132 1250 1541
4 1246 132 135 1539
4 202 206 1561 1290
4 138 159 1238 1535
4 159 125 1234 1533
4 1242 135 138 1537
4 210 214 1565 1298
4 214 218 1567 1302
4 218 1569 1306 222
4 1571 1310 222 226
4 1529 1226 131 128
4 1230 125 128 1531
4 144 140 1210 1521
4 1525 1218 148 152
4 29 311 312 670
4 465 1129 580 469
4 1494 244 829 831
4 584 90 68 1190
4 420 1361 415 419
4 1361 1360 420 415
4 608 1141 420 425
4 615 1180 485 481
4 632 1140 547 543
4 559 1191 328 333
4 439 609 1130 444
4 582 1201 78 79
4 109 110 111 1474
4 345 346 75 1439
4 1474 110 111 1473
4 1438 75 346 1439
4 683 28 684 33
4 564 1181 110 117
4 5 829 831 1494
4 410 1371 59 409
4 355 356 351 1429
4 1370 1371 59 410
4 1429 356 351 1428
4 318 243 1614 319
4 393 392 1393 63
4 376 375 1412 371
4 579 78 1191 457
4 439 434 1140 603
4 551 636 1130 547
4 323 328 562 1201
4 1412 376 371 1413
4 1395 64 63 388
4 1180 590 366 361
4 531 1141 630 535
4 1395 63 64 1394
4 87 1575 88 48
4 1181 90 96 581
4 1469 570 111 571
4 519 515 1151 1152
4 1161 397 60 1152
4 1109 55 30 1490
4 60 59 1376 405
4 370 371 366 1414
4 60 59 1375 1376
4 1414 371 366 1413
4 25 26 678 24
4 1055 604 1137 1138
4 637 1133 1134 1078
4 1025 1195 1194 578
4 1198 1019 563 1199
4 1177 1044 591 1178
4 682 1111 30 1490
4 509 507 510 1544
4 493 495 1552 496
4 525 523 526 1536
4 463 461 464 1568
4 479 477 480 1560
4 1027 1113 1501 745
4 350 351 346 1434
4 1434 351 346 1433
4 67 745 1501 65
4 1192 1191 78 457
4 434 439 1140 1131
4 551 1130 1131 547
4 323 328 1201 1192
4 1171 1180 366 361
4 531 1142 1141 535
4 52 501 1548 502
4 1181 96 90 1182
4 315 1105 1104 1628
4 469 1129 1121 465
4 1190 90 68 1182
4 505 503 506 1546
4 491 489 492 1554
4 473 475 1562 476
4 29 33 311 670
4 485 487 1556 488
4 515 517 1540 518
4 455 78 456 1572
4 547 549 1524 550
4 533 531 534 1532
4 569 574 1021 1515
4 1516 1501 1188 1113
4 1502 1021 1022 1113
4 469 471 1564 472
4 90 97 1576 95
4 1346 1341 1345 434
4 361 1418 1423 1422
4 1384 1385 1380 397
4 1458 323 1462 1463
4 158 1345 1346 1585
4 231 1457 1458 1611
4 1354 295 1588 1355
4 151 1335 1336 1583
4 242 1467 1468 1615
4 155 1340 1341 1584
4 1462 235 1612 1463
4 239 1477 1478 1618
4 229 1452 1453 1610
4 165 1364 1365 1590
4 288 1369 1370 1591
4 1608 1442 221 1443
4 1374 1592 1375 285
4 225 1447 1448 1609
4 173 1384 1385 1594
4 1379 169 1593 1380
4 1403 189 1599 1404
4 197 1412 1413 1602
4 201 1417 1418 1603
4 181 1393 1394 1597
4 213 1432 1433 1606
4 1605 1427 209 1428
4 205 1422 1423 1604
4 1616 1472 241 1473
4 1607 1437 217 1438
4 1398 1598 1399 185
4 1359 1589 1360 162
4 547 1140 1131 543
4 439 444 1130 1131
4 1201 78 79 1192
4 1180 1171 485 481
4 1141 420 425 1142
4 1109 30 1110 1490
4 1181 110 117 1182
4 1024 1023 1505 575
4 360 358 361 1424
4 529 527 530 1534
4 498 51 499 1550
4 511 513 1542 514
4 434 1342 1345 438
4 1419 361 365 1422
4 397 1381 1384 401
4 327 1462 1459 323
4 1341 1342 1345 434
4 1418 361 1419 1422
4 1384 1380 1381 397
4 323 1458 1462 1459
4 333 1453 1452 1448
4 46 1317 1115 741
4 1386 397 395 1596
4 1347 434 432 1587
4 1464 323 321 1617
4 46 1317 84 1115
4 312 1097 143 1624
4 1386 1385 397 1596
4 1347 1346 434 1587
4 1464 1463 323 1617
4 688 687 669 689
4 441 443 1337 444
4 116 113 117 1479
4 1454 330 332 333
4 422 1356 425 424
4 333 1452 337 1449
4 1448 1452 333 1449
4 1350 1354 1588 1355
4 1336 1583 1335 1331
4 1394 1597 1393 1389
4 1408 1413 1412 1602
4 1482 1477 1618 1478
4 1341 1345 1585 1346
4 1458 1611 1457 1453
4 1463 1458 1612 1462
4 1374 1592 1370 1375
4 1448 1453 1452 1610
4 1365 1369 1591 1370
4 1385 1594 1384 1380
4 1375 1593 1380 1379
4 1443 1448 1447 1609
4 1413 1418 1417 1603
4 1428 1433 1432 1606
4 1418 1423 1422 1604
4 1427 1605 1423 1428
4 1341 1584 1340 1336
4 1438 1442 1608 1443
4 318 243 242 1614
4 1355 1359 1589 1360
4 1394 1398 1598 1399
4 141 1105 315 1628
4 46 45 1497 42
4 685 29 312 670
4 1309 457 1306 1572
4 1245 519 1242 1540
4 1325 96 1322 1576
4 1213 551 1210 1524
4 1229 535 1226 1532
4 1309 1572 456 457
4 1532 534 1229 535
4 1245 1540 518 519
4 1576 95 1325 96
4 1524 550 1213 551
4 48 1575 88 240
4 29 671 33 670
4 1578 96 72 1326
4 535 539 1530 1222
4 1442 1438 1608 1439
4 1620 707 1625 1627
4 46 45 1103 1497
4 1615 1474 1467 1468
4 1361 1364 1590 1365
4 1599 1400 1403 1404
4 1473 1479 1616 1472
4 1438 1434 1607 1437
4 1342 1345 1585 1341
4 1612 1459 1462 1458
4 1611 1454 1457 1453
4 1337 1340 1584 1336
4 1592 1374 1370 1371
4 1366 1369 1591 1365
4 1593 1376 1379 1375
4 1380 1594 1384 1381
4 1443 1447 1444 1609
4 1414 1413 1417 1603
4 1449 1448 1452 1610
4 1422 1419 1418 1604
4 1428 1432 1429 1606
4 1427 1605 1424 1423
4 360 361 356 1424
4 1423 356 361 1424
4 1355 1359 1356 1589
4 1394 1398 1395 1598
4 1285 481 1282 1560
4 1301 465 1298 1568
4 1221 543 1218 1528
4 1205 79 1202 1580
4 539 543 1528 1218
4 1580 72 79 1202
4 1354 1350 1588 1351
4 1583 1332 1335 1331
4 1477 1482 1618 1483
4 1597 1390 1393 1389
4 1408 1412 1409 1602
4 1560 480 1285 481
4 1568 464 1301 465
4 1221 1528 542 543
4 1205 453 79 1580
4 1342 434 439 438
4 60 1381 397 401
4 323 1459 327 328
4 365 366 361 1419
4 434 1341 1342 439
4 1381 1380 60 397
4 323 1458 1459 328
4 1418 361 366 1419
4 1329 72 1326 1578
4 1225 539 1222 1530
4 1225 1530 538 539
4 1329 101 72 1578
4 333 337 76 1449
4 1448 333 76 1449
4 123 122 1477 117
4 430 429 1354 425
4 1354 430 425 1355
4 1515 1188 1187 1113
4 328 1454 332 333
4 443 439 1337 444
4 420 425 1356 424
4 328 1453 1454 333
4 439 1336 1337 444
4 425 1356 1355 420
4 1516 65 1501 745
4 117 110 116 1479
4 117 110 1479 1478
4 56 448 1335 444
4 1335 56 444 1336
4 553 551 554 1522
4 459 457 460 1570
4 96 102 1578 101
4 521 519 522 1538
4 1530 538 535 537
4 1496 1619 1497 1103
4 647 642 32 646
4 7 47 727 731
4 543 545 1526 546
4 483 481 484 1558
4 68 91 1574 89
4 467 465 468 1566
4 80 79 77 1518
4 538 536 537 1530
4 546 544 545 1526
4 552 553 554 1522
4 92 91 89 1574
4 454 456 1572 455
4 542 540 541 1528
4 95 98 97 1576
4 549 550 548 1524
4 80 77 81 1518
4 534 532 533 1532
4 452 451 1580 453
4 101 103 102 1578
4 459 1570 460 458
4 468 466 467 1566
4 462 463 464 1568
4 528 529 530 1534
4 524 525 526 1536
4 520 521 522 1538
4 490 491 492 1554
4 480 478 479 1560
4 510 508 509 1544
4 496 494 495 1552
4 506 504 505 1546
4 497 498 499 1550
4 514 512 513 1542
4 516 517 518 1540
4 484 482 483 1558
4 476 474 475 1562
4 470 471 472 1564
4 500 501 502 1548
4 486 487 488 1556
4 452 72 453 1580
4 541 539 542 1528
4 726 730 716 729
4 1188 1516 1113 1189
4 1218 1525 1217 1219
4 1529 1226 1227 1225
4 1314 1315 1577 1321
4 1210 1211 1521 1209
4 1310 1311 1571 1309
4 1230 1231 1531 1229
4 1569 1306 1307 1305
4 1537 1242 1243 1241
4 1234 1235 1533 1233
4 1238 1239 1535 1237
4 1222 1223 1527 1221
4 1567 1302 1303 1301
4 1254 1255 1543 1253
4 1250 1251 1541 1249
4 1246 1247 1539 1245
4 1258 1259 1545 1257
4 1287 1286 1285 1559
4 1275 1274 1273 1553
4 1270 1271 1551 1269
4 1561 1290 1291 1289
4 1318 1319 1579 1325
4 1202 1203 1573 1313
4 1326 1327 1519 1205
4 1523 1214 1215 1213
4 1323 1322 1329 1581
4 1565 1298 1299 1297
4 1266 1267 1549 1265
4 1282 1283 1557 1281
4 1501 1187 1188 1113
4 1620 705 707 22
4 1317 46 84 68
4 93 94 240 1577
4 130 129 128 1529
4 131 157 156 1527
4 99 100 238 1579
4 148 150 149 1523
4 228 1571 227 226
4 83 82 1573 230
4 144 146 145 1521
4 153 152 154 1525
4 233 234 1519 232
4 105 104 1581 236
4 1569 223 224 222
4 210 212 211 1563
4 214 216 215 1565
4 138 164 163 1535
4 161 160 159 1533
4 220 219 218 1567
4 192 191 190 1553
4 178 180 179 1547
4 188 187 186 1551
4 168 167 166 1541
4 134 133 132 1539
4 172 171 170 1543
4 194 196 195 1555
4 203 1559 202 204
4 184 183 182 1549
4 174 176 175 1545
4 136 135 137 1537
4 208 207 206 1561
4 127 126 125 1531
4 198 200 199 1557
4 65 67 66 1501
4 683 28 692 684
4 690 687 669 692
4 253 254 231 1611
4 301 1586 302 298
4 1616 118 247 241
4 1588 300 299 295
4 1584 305 155 306
4 235 251 252 1612
4 303 158 1585 304
4 237 249 250 1613
4 307 308 151 1583
4 112 246 1615 242
4 248 124 239 1618
4 255 256 229 1610
4 293 294 165 1590
4 292 291 1591 288
4 282 1595 177 281
4 185 277 278 1598
4 273 193 1600 274
4 275 276 189 1599
4 197 1602 271 272
4 262 261 1607 217
4 283 284 173 1594
4 258 257 1609 225
4 279 181 1597 280
4 201 1603 269 270
4 1608 260 259 221
4 286 287 169 1593
4 209 266 1605 265
4 1606 264 263 213
4 268 1604 205 267
4 1592 290 289 285
4 296 297 162 1589
4 14 713 712 1102
4 700 1620 20 17
4 1277 1274 1278 1556
4 1262 1258 1548 1261
4 1293 1290 1294 1564
4 1464 1465 1481 1617
4 1348 1349 1347 1587
4 1387 1388 1386 1596
4 1407 1406 1601 1405
4 28 669 676 692
4 1226 1229 1532 1230
4 1241 1538 1238 1242
4 1286 1290 1289 1562
4 1270 1274 1273 1554
4 1258 1254 1546 1257
4 1246 1540 1245 1242
4 1246 1249 1542 1250
4 1286 1285 1282 1560
4 1254 1250 1544 1253
4 1270 1269 1266 1552
4 1298 1302 1301 1568
4 1234 1230 1534 1233
4 1536 1238 1234 1237
4 1202 1205 1580 1326
4 1329 1322 1578 1326
4 1570 1302 1305 1306
4 1310 1518 1202 1313
4 1318 1574 1314 1321
4 1206 1522 1210 1209
4 1524 1210 1213 1214
4 1528 1222 1218 1221
4 1218 1214 1526 1217
4 1322 1576 1318 1325
4 1530 1225 1226 1222
4 1310 1306 1572 1309
4 1405 1601 1408 1404
4 1389 1385 1386 1596
4 1482 1463 1464 1617
4 1350 1346 1347 1587
4 1281 1278 1282 1558
4 1266 1262 1550 1265
4 1298 1297 1294 1566
4 1260 1548 1261 1263
4 1276 1556 1277 1279
4 1292 1564 1293 1295
4 1216 1526 1217 1219
4 1224 1530 1225 1227
4 1320 1574 1321 1315
4 1208 1522 1209 1211
4 1308 1572 1309 1311
4 1228 1532 1229 1231
4 1240 1538 1241 1243
4 1236 1536 1237 1239
4 1232 1534 1233 1235
4 1300 1568 1301 1303
4 1304 1570 1305 1307
4 1244 1540 1245 1247
4 1248 1542 1249 1251
4 1252 1544 1253 1255
4 1272 1554 1273 1275
4 1256 1546 1257 1259
4 1284 1560 1285 1287
4 1552 1268 1271 1269
4 1288 1562 1289 1291
4 1220 1528 1221 1223
4 1312 1518 1313 1203
4 1204 1580 1205 1327
4 1324 1576 1325 1319
4 1578 1328 1323 1329
4 1212 1524 1213 1215
4 1296 1566 1297 1299
4 1264 1550 1265 1267
4 1280 1558 1281 1283
4 2 732 714 736
4 94 238 240 1577
4 129 131 128 1529
4 152 131 156 1527
4 148 149 144 1523
4 100 236 238 1579
4 140 144 145 1521
4 153 148 152 1525
4 226 83 1573 230
4 230 233 1519 232
4 232 105 1581 236
4 222 227 1571 226
4 128 125 126 1531
4 223 1569 218 222
4 210 214 215 1565
4 159 138 163 1535
4 214 218 219 1567
4 125 159 160 1533
4 206 210 211 1563
4 186 190 191 1553
4 136 138 135 1537
4 186 187 182 1551
4 179 174 178 1547
4 195 190 194 1555
4 183 178 182 1549
4 167 132 166 1541
4 135 132 133 1539
4 175 170 174 1545
4 166 170 171 1543
4 1559 198 203 202
4 202 206 207 1561
4 194 198 199 1557
4 1351 1588 1354 1353
4 1332 1334 1583 1335
4 1390 1392 1597 1393
4 1411 1409 1412 1602
4 1477 1483 1618 1476
4 1342 1585 1345 1344
4 1454 1456 1611 1457
4 1459 1612 1462 1461
4 1592 1374 1371 1373
4 1591 1368 1369 1366
4 1449 1452 1451 1610
4 1384 1594 1383 1381
4 1376 1593 1379 1378
4 1446 1444 1447 1609
4 1416 1414 1417 1603
4 1421 1419 1422 1604
4 1429 1432 1431 1606
4 1605 1427 1424 1426
4 1339 1340 1584 1337
4 1356 1359 1358 1589
4 1395 1398 1397 1598
4 1479 1472 1471 1616
4 1434 1437 1436 1607
4 1467 1474 1615 1466
4 1364 1590 1363 1361
4 1439 1442 1441 1608
4 1400 1402 1599 1403
4 683 28 693 692
4 709 694 15 710
4 1279 1278 1556 1277
4 1262 1263 1261 1548
4 1295 1294 1564 1293
4 151 147 307 1583
4 299 1588 295 298
4 158 1586 301 298
4 235 231 251 1612
4 155 158 1585 303
4 247 1616 241 239
4 155 151 305 1584
4 246 1615 242 241
4 249 237 235 1613
4 231 229 253 1611
4 239 237 248 1618
4 1589 162 296 295
4 229 255 1610 225
4 1591 291 165 288
4 173 177 1595 281
4 1600 189 193 273
4 1602 193 197 271
4 225 257 1609 221
4 275 189 185 1599
4 221 259 1608 217
4 185 181 277 1598
4 177 181 1597 279
4 288 1592 289 285
4 217 261 1607 213
4 1603 197 201 269
4 173 169 283 1594
4 1593 169 286 285
4 1604 201 205 267
4 213 263 1606 209
4 1605 205 209 265
4 293 165 162 1590
4 1291 1290 1562 1289
4 1251 1250 1542 1249
4 1247 1246 1540 1245
4 1254 1255 1253 1544
4 1259 1258 1546 1257
4 1275 1274 1554 1273
4 1287 1286 1560 1285
4 1271 1270 1552 1269
4 1243 1242 1538 1241
4 1239 1238 1536 1237
4 1235 1234 1534 1233
4 1303 1302 1568 1301
4 1307 1306 1570 1305
4 1230 1231 1229 1532
4 1323 1322 1578 1329
4 1327 1326 1580 1205
4 1203 1202 1518 1313
4 1215 1214 1524 1213
4 1319 1318 1576 1325
4 1223 1222 1528 1221
4 1311 1310 1572 1309
4 1315 1314 1574 1321
4 1210 1211 1209 1522
4 1218 1219 1217 1526
4 1226 1227 1225 1530
4 1282 1283 1281 1558
4 1266 1267 1265 1550
4 1298 1299 1297 1566
4 1407 1408 1405 1601
4 1389 1388 1596 1386
4 1481 1482 1464 1617
4 1349 1350 1347 1587
4 1117 1469 1614 1470
4 731 6 0 737
4 732 714 736 721
4 378 376 1601 380
4 245 702 704 696
4 316 668 667 654
4 1316 1115 1317 1575
4 1353 1351 1588 1352
4 1333 1334 1583 1332
4 1483 1484 1618 1476
4 1392 1597 1391 1390
4 1409 1411 1410 1602
4 1585 1342 1343 1344
4 1358 1356 1589 1357
4 1465 1481 1613 1464
4 1460 1461 1612 1459
4 1349 1347 1586 1348
4 1471 1479 1616 1480
4 1339 1584 1338 1337
4 1456 1611 1455 1454
4 1373 1592 1372 1371
4 1368 1591 1367 1366
4 1419 1421 1420 1604
4 1377 1378 1593 1376
4 1388 1595 1387 1386
4 1600 1406 1407 1405
4 1383 1594 1382 1381
4 1397 1598 1396 1395
4 1414 1416 1415 1603
4 1431 1430 1429 1606
4 1426 1425 1424 1605
4 1444 1446 1445 1609
4 1436 1435 1434 1607
4 1449 1451 1450 1610
4 1466 1474 1615 1475
4 1590 1362 1363 1361
4 1439 1441 1440 1608
4 1402 1599 1401 1400
4 1228 1231 1229 1531
4 1327 1205 1204 1519
4 1320 1315 1321 1577
4 1313 1312 1203 1573
4 1323 1329 1328 1581
4 1209 1208 1211 1521
4 1225 1224 1227 1529
4 1220 1223 1221 1527
4 1213 1212 1215 1523
4 1288 1561 1291 1289
4 1275 1553 1273 1272
4 1279 1555 1277 1276
4 1256 1259 1257 1545
4 1303 1300 1567 1301
4 1240 1243 1241 1537
4 1248 1251 1249 1541
4 1245 1244 1247 1539
4 1252 1255 1253 1543
4 1287 1559 1285 1284
4 1260 1263 1261 1547
4 1271 1551 1269 1268
4 1217 1216 1219 1525
4 1236 1239 1237 1535
4 1232 1235 1233 1533
4 1292 1563 1295 1293
4 1324 1319 1325 1579
4 1307 1569 1305 1304
4 1308 1311 1309 1571
4 507 1546 506 503
4 489 493 492 1554
4 476 473 477 1562
4 1283 1557 1281 1280
4 1264 1267 1265 1549
4 1299 1296 1565 1297
4 1548 52 502 503
4 485 489 488 1556
4 469 473 472 1564
4 511 1544 510 507
4 493 51 496 1552
4 527 1536 526 523
4 51 52 499 1550
4 705 1620 707 1625
4 515 1542 514 511
4 530 1534 527 531
4 26 678 24 672
4 649 646 35 645
4 716 730 8 729
4 4 6 5 731
4 34 37 31 647
4 712 14 13 698
4 1596 393 397 395
4 430 434 1587 432
4 323 123 321 1617
4 20 21 701 700
4 3 714 2 1491
4 460 461 1570 457
4 523 1538 522 519
4 687 690 669 689
4 78 1572 457 456
4 518 1540 515 519
4 551 550 547 1524
4 531 535 534 1532
4 95 90 96 1576
4 551 555 554 1522
4 477 481 480 1560
4 461 465 464 1568
4 26 25 678 27
4 543 546 1526 547
4 77 79 78 1518
4 481 485 484 1558
4 89 68 90 1574
4 468 465 469 1566
4 688 680 689 669
4 42 735 725 733
4 651 655 664 1626
4 312 685 673 686
4 699 640 694 711
4 538 1530 535 539
4 101 96 72 1578
4 691 30 693 682
4 1620 700 20 701
4 542 539 543 1528
4 1580 79 72 453
4 714 3 2 736
4 726 730 1 716
4 42 733 725 723
4 725 735 43 724
4 734 714 732 728
4 700 1620 703 701
4 673 686 674 314
4 691 682 681 643
4 694 641 710 711
4 14 11 1102 712
4 312 685 670 673
4 708 14 1102 1625
4 699 713 640 711
4 30 683 693 682
4 26 672 686 674
4 684 28 692 669
4 0 5 6 731
4 35 36 649 645
4 696 245 19 244
4 684 690 689 669
4 692 690 684 669
4 709 11 13 712
4 659 36 649 35
4 11 14 13 712
4 644 30 691 643
4 1489 1108 1109 1490
4 1620 707 20 22
4 682 691 30 643
4 20 1620 701 707
4 1620 695 697 703
4 1620 703 701 707
4 732 714 721 728
4 5 0 47 731
4 31 38 642 647
4 9 16 11 10
4 658 39 36 663
4 714 3 736 722
4 720 728 714 734
4 661 648 660 1623
4 660 648 645 1623
4 680 684 689 669
4 722 721 736 714
4 1104 660 645 1623
4 14 11 708 1102
4 3 0 1493 1491
4 1104 645 315 1623
4 1493 44 3 1491
4 695 14 708 1625
4 221 1444 1609 1443
4 165 1366 1591 1365
4 33 24 672 671
4 1489 683 30 1490
4 31 33 32 642
4 707 706 705 1625
4 706 728 726 42
4 714 5 1491 1492
4 1487 643 1486 669
4 640 14 713 698
4 229 1454 1611 1453
4 231 1459 1612 1458
4 21 245 700 19
4 17 19 21 700
4 318 1470 1119 1614
4 563 323 1199 1019
4 79 583 1200 1026
4 700 18 9 17
4 641 15 710 709
4 653 40 651 1626
4 315 645 648 1623
4 723 1495 1496 1621
4 727 706 726 47
4 217 1439 1608 1438
4 181 1395 1598 1394
4 1193 333 561 1016
4 197 1414 1603 1413
4 209 1429 1606 1428
4 225 1449 1610 1448
4 205 1424 1605 1423
4 201 1419 1604 1418
4 193 1409 1602 1408
4 177 1390 1597 1389
4 285 1376 1593 1375
4 169 1381 1594 1380
4 288 1371 1592 1370
4 643 680 688 669
4 155 1342 1585 1341
4 707 706 1625 1627
4 26 314 313 1486
4 1486 677 672 669
4 1487 1486 314 669
4 311 1098 29 312
4 298 1351 1588 1350
4 295 1356 1589 1355
4 644 687 669 688
4 24 28 675 25
4 669 1486 314 672
4 26 314 1486 672
4 151 1337 1584 1336
4 29 28 33 24
4 706 726 47 739
4 30 33 29 28
4 692 693 683 690
4 30 33 1098 29
4 680 643 688 681
4 1486 643 644 669
4 643 688 644 669
4 59 1154 1153 1050
4 597 397 1511 1048
4 461 1194 1023 1193
4 706 42 740 1621
4 591 361 1178 1044
4 651 40 655 1626
4 465 575 1505 1023
4 14 705 695 244
4 614 481 1061 1179
4 1496 741 740 1621
4 705 14 695 1625
4 1200 583 582 1199
4 1143 608 1144 1141
4 1139 631 632 1138
4 543 631 1139 1073
4 637 551 1133 1078
4 511 1159 1160 1066
4 31 656 37 659
4 771 311 143 1624
4 665 316 41 668
4 317 1485 657 41
4 657 38 41 1485
4 41 316 657 317
4 707 703 706 1627
4 457 578 1025 1194
4 1179 614 615 1178
4 1495 706 711 1622
4 705 695 1620 1625
4 728 42 723 732
4 722 43 3 724
4 714 5 8 1491
4 43 1491 1492 714
4 8 706 729 715
4 5 706 7 47
4 706 729 727 726
4 711 706 713 1622
4 42 726 706 739
4 706 1495 723 1621
4 713 706 1102 1622
4 88 1316 1575 754
4 687 313 1486 27
4 604 434 1138 1055
4 27 313 1486 26
4 38 39 658 40
4 17 23 697 1620
4 725 1496 42 723
4 42 1496 740 1621
4 705 695 244 23
4 21 245 702 701
4 16 9 18 17
4 42 706 723 1621
4 147 1332 1583 1331
4 3 0 1491 2
4 1098 311 29 33
4 143 311 312 1624
4 237 1483 1618 1482
4 1193 561 559 1194
4 626 519 1508 1072
4 17 23 1620 22
4 666 33 311 1628
4 1144 425 605 1053
4 430 1144 425 1141
4 430 425 1144 1053
4 1139 1144 430 1141
4 26 686 314 674
4 314 686 26 313
4 31 1490 1109 1110
4 31 1109 1490 1489
4 659 650 31 656
4 38 31 650 656
4 829 706 1101 1494
4 1101 706 829 828
4 829 243 1101 828
4 1132 555 1133 551
4 1132 1133 555 1500
4 1077 1133 555 551
4 1077 555 1133 1500
4 1100 111 1629 1468
4 1131 773 1336 1331
4 1131 1336 773 772
4 147 1336 773 1331
4 147 773 1336 772
4 773 140 1210 772
4 1210 140 773 1206
4 1210 1131 773 772
4 773 1131 1210 1206
4 1491 8 0 5
4 6 0 8 5
4 6 8 0 737
4 694 15 641 18
4 694 641 15 710
4 1262 1633 503 1258
4 503 1633 1262 1162
4 1633 1246 511 1250
4 1633 511 1246 1152
4 1631 1278 489 1171
4 1631 489 1278 1274
4 1242 1152 833 1246
4 1242 833 1152 1630
4 1306 1192 814 1310
4 814 1192 1306 1632
4 1634 1294 473 1121
4 1634 473 1294 1290
4 1634 1278 481 1282
4 1634 481 1278 1171
4 1631 1262 51 1266
4 1631 51 1262 1162
4 1630 1230 527 1234
4 1630 527 1230 1142
4 1632 1294 465 1298
4 1632 465 1294 1121
4 507 1160 1163 1512
4 507 1163 1160 1161
4 1127 575 1024 1505
4 1127 1024 575 1126
4 1188 65 1501 1516
4 1188 1501 65 1187
4 1107 1132 555 1500
4 555 1132 1107 1130
4 1508 523 1149 1071
4 1173 1039 376 1038
4 1173 376 1039 1513
4 1132 444 56 1130
4 1067 1159 1512 1164
4 626 1072 1156 625
4 1071 1156 1072 625
4 1131 775 1214 774
4 1131 1214 775 1210
4 144 1214 775 774
4 144 775 1214 1210
4 775 1131 1341 774
4 1341 1131 775 1336
4 1341 151 775 774
4 775 151 1341 1336
4 1155 1148 1071 1508
4 1149 1148 1071 1070
4 1149 1071 1148 1508
4 1109 31 33 1489
4 1109 33 31 642
4 1047 1164 1165 1046
4 1165 1164 1047 1511
4 1047 1158 1165 1511
4 58 1155 1049 1509
4 58 1049 1155 1154
4 623 1158 1065 1510
4 623 1065 1158 1159
4 507 1067 1160 1512
4 507 1160 1067 1066
4 1159 1160 1067 1512
4 1159 1067 1160 1066
4 1051 410 1153 1050
4 1153 410 1051 1507
4 1153 1154 1051 1050
4 1051 1154 1153 1507
4 74 747 1127 1504
4 568 1020 1188 1515
4 1113 1188 1020 1515
4 568 1189 1020 1517
4 568 1020 1189 1188
4 1113 1020 1189 1517
4 1113 1189 1020 1188
4 74 1128 747 1506
4 74 747 1128 1127
4 1360 837 1142 781
4 1360 1142 837 1635
4 1230 1142 837 781
4 1230 837 1142 1635
4 425 1635 420 1355
4 425 420 1635 1142
4 1360 420 1635 1355
4 1360 1635 420 1142
4 117 1636 110 1478
4 117 110 1636 1182
4 1473 110 1636 1478
4 1473 1636 110 1182
4 1635 1341 434 1131
4 1635 434 1341 1346
4 1636 1458 323 1192
4 1636 323 1458 1463
4 1635 777 1218 776
4 1635 1218 777 1214
4 148 1218 777 776
4 148 777 1218 1214
4 1636 817 1202 816
4 1636 1202 817 1310
4 226 1202 817 816
4 226 817 1202 1310
4 1380 833 1152 785
4 1380 1152 833 1630
4 1458 814 1192 817
4 1458 1192 814 1632
4 1418 798 1171 801
4 1418 1171 798 1631
4 1399 790 1162 793
4 1399 1162 790 1633
4 1438 806 1121 809
4 1438 1121 806 1634
4 1634 801 1423 1418
4 1634 1423 801 800
4 201 1423 801 1418
4 201 801 1423 800
4 1631 793 1404 1399
4 1631 1404 793 792
4 185 1404 793 1399
4 185 793 1404 792
4 785 1633 1385 784
4 1385 1633 785 1380
4 1385 169 785 784
4 785 169 1385 1380
4 809 1632 1443 808
4 1443 1632 809 1438
4 1443 217 809 808
4 809 217 1443 1438
4 781 1630 1365 780
4 1365 1630 781 1360
4 1365 162 781 780
4 781 162 1365 1360
4 1112 1132 56 1107
4 1129 1505 1193 1023
4 1129 1193 1505 1128
4 1194 1193 1505 1023
4 1194 1505 1193 1128
4 72 1200 79 1201
4 79 1200 72 1026
4 539 1139 543 1140
4 539 543 1139 1073
4 706 1622 1101 1102
4 1630 1230 781 1142
4 1632 1294 809 1121
4 1631 1262 793 1162
4 1112 56 55 1107
4 1112 55 56 743
4 801 1634 1278 1171
4 744 1499 1112 743
4 1112 1499 744 1134
4 1633 1246 785 1152
4 817 1636 1463 816
4 1463 1636 817 1458
4 1463 231 817 816
4 817 231 1463 1458
4 1635 777 1346 1341
4 1635 1346 777 776
4 155 1346 777 1341
4 155 777 1346 776
4 1631 1172 489 493
4 1631 489 1172 1171
4 1042 1178 356 1043
4 1042 356 1178 1123
4 1051 1154 1155 1050
4 1051 1155 1154 1148
4 1067 1159 1158 1066
4 1067 1158 1159 1165
4 1015 1128 1127 1194
4 1015 1127 1128 748
4 1133 444 610 1056
4 56 1133 444 1132
4 56 444 1133 1056
4 1112 1133 56 1132
4 1112 56 1133 1056
4 614 1179 1062 1178
4 614 1062 1179 1061
4 1123 1062 1179 1178
4 1123 1179 1062 1061
4 583 1200 746 1199
4 583 746 1200 1026
4 1184 746 1200 1199
4 1184 1200 746 1026
4 561 1193 1015 1194
4 561 1015 1193 1016
4 1128 1015 1193 1194
4 1128 1193 1015 1016
4 631 1139 1074 1138
4 631 1074 1139 1073
4 1144 1074 1139 1138
4 1144 1139 1074 1073
4 1158 1157 1047 1166
4 64 380 1170 1513
4 64 1170 380 1162
4 1071 1155 1156 1147
4 1048 1047 1158 1157
4 1158 1047 1048 1511
4 1158 597 1048 1157
4 1048 597 1158 1511
4 1162 1633 507 503
4 1634 477 1121 473
4 1172 489 485 1171
4 485 489 1172 1514
4 1200 1183 123 1181
4 117 123 1183 1181
4 616 1123 1064 1503
4 616 1064 1123 1124
4 1063 1064 1123 1503
4 1063 1123 1064 1124
4 333 1193 76 1016
4 333 76 1193 1191
4 1506 76 1193 1016
4 1506 1193 76 1191
4 1633 511 1161 507
4 1633 1161 511 1152
4 1503 1179 477 1180
4 1503 477 1179 1061
4 481 477 1179 1180
4 481 1179 477 1061
4 1174 1173 1513 1169
4 1513 1173 1174 1039
4 1629 96 1636 1182
4 1629 1636 96 1322
4 1067 1164 1068 1165
4 1067 1068 1164 1512
4 621 1068 1164 1165
4 621 1164 1068 1512
4 1175 1058 611 1059
4 611 1058 1175 1080
4 1018 1184 565 1017
4 565 1184 1018 1185
4 1054 1144 605 1053
4 605 1144 1054 1145
4 535 1141 1144 539
4 1047 1166 1165 1158
4 1165 1166 1047 1046
4 243 1100 832 826
4 75 1129 346 1506
4 75 346 1129 1121
4 1629 823 1318 822
4 1629 1318 823 1322
4 236 1318 823 822
4 236 823 1318 1322
4 1071 1147 1148 1155
4 1071 1148 1147 1070
4 706 828 1100 832
4 706 1100 828 1101
4 243 1100 828 832
4 243 828 1100 1101
4 1071 1147 624 1070
4 1071 624 1147 1156
4 53 744 1135 610
4 53 1135 744 1499
4 1178 1063 1177 1125
4 1178 1177 1063 1062
4 1176 1177 1063 1125
4 1176 1063 1177 1062
4 1629 822 238 825
4 1629 238 822 1318
4 311 33 1624 771
4 642 1105 33 1104
4 33 1105 642 1109
4 143 1099 1624 1097
4 457 1632 1191 461
4 1191 1632 457 1192
4 519 1630 1151 523
4 1151 1630 519 1152
4 1102 1622 640 713
4 711 640 1622 713
4 1632 465 1129 461
4 1632 1129 465 1121
4 481 1634 1180 1171
4 1180 1634 481 477
4 640 711 45 641
4 706 1622 1100 1101
4 46 1113 1516 1103
4 1516 1113 46 745
4 640 1101 1622 1102
4 1141 630 1144 1143
4 1141 1144 630 535
4 570 640 1622 1619
4 1622 640 570 1101
4 1622 1100 570 1619
4 570 1100 1622 1101
4 33 30 55 1489
4 55 30 33 1097
4 55 1108 33 1489
4 1206 141 1114 140
4 1206 1114 141 1106
4 829 244 1101 243
4 829 1101 244 1494
4 919 1343 303 920
4 1352 299 913 914
4 764 1475 246 846
4 1333 307 925 926
4 850 1455 253 851
4 1357 296 910 911
4 289 901 1372 902
4 907 1362 293 908
4 259 859 1440 860
4 1367 291 904 905
4 898 1377 286 899
4 895 1382 283 896
4 1445 257 856 857
4 255 853 1450 854
4 281 892 1387 893
4 263 865 1430 866
4 261 862 1435 863
4 1396 277 886 887
4 1415 269 874 875
4 889 1391 279 890
4 1420 267 871 872
4 883 1401 275 884
4 271 877 1410 878
4 265 868 1425 869
4 273 880 1406 881
4 249 841 1465 842
4 1460 251 847 848
4 1348 301 916 917
4 766 1480 247 845
4 1484 248 768 844
4 1338 305 922 923
4 651 315 666 652
4 1331 143 1118 1099
4 1331 1118 143 147
4 1004 153 1216 1003
4 1004 1216 153 1525
4 998 129 1224 997
4 998 1224 129 1529
4 756 94 1320 757
4 1320 94 756 1577
4 1010 145 1208 1009
4 1010 1208 145 1521
4 227 935 1308 1571
4 227 1308 935 934
4 995 126 1228 994
4 1228 126 995 1531
4 986 136 1240 985
4 986 1240 136 1537
4 992 160 1232 991
4 992 1232 160 1533
4 989 163 1236 988
4 1236 163 989 1535
4 944 215 1296 943
4 944 1296 215 1565
4 977 171 1252 976
4 977 1252 171 1543
4 980 167 1248 979
4 980 1248 167 1541
4 983 133 1244 982
4 983 1244 133 1539
4 974 175 1256 973
4 1256 175 974 1545
4 971 179 1260 970
4 971 1260 179 1547
4 941 219 1300 940
4 941 1300 219 1567
4 203 953 1284 1559
4 1284 953 203 952
4 195 959 1276 1555
4 1276 959 195 958
4 199 956 1280 1557
4 199 1280 956 955
4 968 183 1264 967
4 968 1264 183 1549
4 187 965 1268 1551
4 1268 965 187 964
4 950 207 1288 949
4 950 1288 207 1561
4 211 947 1292 1563
4 211 1292 947 946
4 191 962 1272 1553
4 1272 962 191 961
4 223 938 1304 1569
4 223 1304 938 937
4 932 233 1204 931
4 1204 233 932 1519
4 750 83 1312 751
4 1312 83 750 1573
4 1001 156 1220 1000
4 1220 156 1001 1527
4 759 100 1324 760
4 1324 100 759 1579
4 762 105 1328 763
4 762 1328 105 1581
4 1007 149 1212 1006
4 1212 149 1007 1523
4 1035 1187 569 1036
4 572 1120 1117 573
4 319 1120 1117 1614
4 319 1117 1120 1116
4 85 1115 753 86
4 753 87 1115 1575
4 753 1115 87 752
4 21 245 696 702
4 21 696 245 19
4 1501 1035 1113 1034
4 1501 1113 1035 1187
4 688 643 691 681
4 688 691 643 644
4 1035 66 1187 1036
4 1035 1187 66 1501
4 1343 438 1342 436
4 1342 438 1343 1344
4 1353 427 428 429
4 1475 109 1474 106
4 1475 1474 109 1466
4 1334 446 447 448
4 1357 424 1356 422
4 1356 424 1357 1358
4 332 1455 1454 1456
4 332 1454 1455 330
4 1372 409 1371 407
4 1371 409 1372 1373
4 419 1362 1361 1363
4 419 1361 1362 417
4 1440 345 1439 343
4 1440 1439 345 1441
4 1367 414 1366 412
4 1366 414 1367 1368
4 405 1377 1376 1378
4 405 1376 1377 403
4 1382 401 1381 399
4 1381 401 1382 1383
4 390 391 1392 392
4 341 1445 1444 1446
4 1444 1445 341 339
4 388 1396 1395 1397
4 388 1395 1396 386
4 349 1436 348 350
4 354 1431 353 355
4 369 1416 368 370
4 364 1421 363 365
4 1411 373 374 375
4 382 383 1402 384
4 1426 358 359 360
4 335 336 1451 337
4 1460 327 1459 325
4 1459 327 1460 1461
4 119 121 1476 122
4 1480 116 1479 113
4 1480 1479 116 1471
4 1339 441 442 443
4 662 658 39 40
4 662 39 658 663
4 12 9 16 17
4 12 16 9 10
4 1426 359 868 870
4 1421 364 871 873
4 1392 391 889 891
4 1339 442 922 924
4 1411 374 877 879
4 387 886 1397 888
4 387 1397 886 1396
4 1402 383 883 885
4 408 901 1373 903
4 408 1373 901 1372
4 369 874 1416 876
4 404 898 1378 900
4 404 1378 898 1377
4 400 895 1383 897
4 400 1383 895 1382
4 850 331 1456 1455
4 1456 331 850 852
4 354 865 1431 867
4 1476 121 768 769
4 413 904 1368 906
4 413 1368 904 1367
4 349 862 1436 864
4 907 418 1363 1362
4 1363 418 907 909
4 344 859 1441 861
4 344 1441 859 1440
4 340 1446 856 1445
4 340 856 1446 858
4 115 766 1471 767
4 115 1471 766 1480
4 336 853 1451 855
4 847 326 1461 1460
4 1461 326 847 849
4 1334 447 925 927
4 428 913 1353 915
4 1466 108 764 765
4 764 108 1466 1475
4 910 423 1358 1357
4 1358 423 910 912
4 437 919 1344 921
4 437 1344 919 1343
4 1113 1035 574 1034
4 659 36 650 649
4 645 650 36 649
4 754 1575 1115 1316
4 1115 1575 754 753
4 1115 85 754 1316
4 754 85 1115 753
4 666 664 648 651
4 648 315 666 651
4 1119 572 1117 1470
4 1117 572 1119 1120
4 1117 1614 1119 1470
4 1119 1614 1117 1120
4 644 687 1486 669
4 644 1486 687 1488
4 868 357 1426 1425
4 868 1426 357 359
4 358 1426 357 1425
4 358 357 1426 359
4 362 871 1421 364
4 1421 871 362 1420
4 1421 363 362 364
4 362 363 1421 1420
4 389 390 1392 1391
4 1392 390 389 391
4 1392 889 389 1391
4 389 889 1392 391
4 877 372 1411 1410
4 877 1411 372 374
4 373 1411 372 1410
4 373 372 1411 374
4 382 381 1402 383
4 382 1402 381 1401
4 883 1402 381 383
4 883 381 1402 1401
4 874 367 1416 1415
4 874 1416 367 369
4 368 1416 367 1415
4 368 367 1416 369
4 352 865 1431 354
4 1431 865 352 1430
4 1431 353 352 354
4 352 353 1431 1430
4 862 347 1436 1435
4 862 1436 347 349
4 348 1436 347 1435
4 348 347 1436 349
4 441 440 1339 442
4 441 1339 440 1338
4 922 1339 440 442
4 922 440 1339 1338
4 853 334 1451 1450
4 853 1451 334 336
4 335 1451 334 1450
4 335 334 1451 336
4 120 768 1476 121
4 1476 768 120 1484
4 1476 119 120 121
4 120 119 1476 1484
4 446 445 1334 447
4 446 1334 445 1333
4 925 1334 445 447
4 925 445 1334 1333
4 913 426 1353 1352
4 913 1353 426 428
4 427 1353 426 1352
4 427 426 1353 428
4 734 719 714 720
4 1113 1021 574 1515
4 1113 574 1021 1022
4 245 705 23 704
4 23 705 245 244
4 23 696 245 704
4 245 696 23 244
4 1629 832 1100 826
4 1629 1100 832 706
4 1633 393 1394 63
4 1633 1394 393 1389
4 1393 1394 393 63
4 1393 393 1394 1389
4 111 1100 1469 1468
4 111 1469 1100 570
4 33 771 1106 770
4 141 1106 771 770
4 316 41 654 317
4 316 654 41 668
4 43 3 735 44
4 43 735 3 724
4 711 1622 1496 1495
4 1636 123 1478 117
4 1636 1478 123 1482
4 1477 1478 123 117
4 1477 123 1478 1482
4 32 31 647 34
4 647 31 32 642
4 7 5 731 4
4 7 731 5 47
4 1523 1007 1215 1008
4 1215 1007 1523 1212
4 1527 1001 1223 1002
4 1223 1001 1527 1220
4 932 1519 1327 1204
4 932 1327 1519 933
4 1573 750 1203 749
4 1203 750 1573 1312
4 762 1581 1323 1328
4 762 1323 1581 761
4 759 1579 1319 1324
4 759 1319 1579 758
4 998 1529 1227 1224
4 998 1227 1529 999
4 1521 1010 1211 1011
4 1211 1010 1521 1208
4 756 1577 1315 1320
4 756 1315 1577 755
4 995 1531 1231 1228
4 995 1231 1531 996
4 1004 1525 1219 1216
4 1004 1219 1525 1005
4 935 1571 1311 1308
4 935 1311 1571 936
4 938 1569 1307 1304
4 938 1307 1569 939
4 1567 941 1303 942
4 1303 941 1567 1300
4 950 1561 1291 1288
4 950 1291 1561 951
4 944 1565 1299 1296
4 944 1299 1565 945
4 947 1563 1295 1292
4 947 1295 1563 948
4 965 1551 1271 1268
4 965 1271 1551 966
4 962 1553 1275 1272
4 962 1275 1553 963
4 1549 968 1267 969
4 1267 968 1549 1264
4 959 1555 1279 1276
4 959 1279 1555 960
4 974 1545 1259 1256
4 974 1259 1545 975
4 971 1547 1263 1260
4 971 1263 1547 972
4 992 1533 1235 1232
4 992 1235 1533 993
4 1535 989 1239 990
4 1239 989 1535 1236
4 1559 953 1287 954
4 1287 953 1559 1284
4 1557 956 1283 957
4 1283 956 1557 1280
4 977 1543 1255 1252
4 977 1255 1543 978
4 1539 983 1247 984
4 1247 983 1539 1244
4 1541 980 1251 981
4 1251 980 1541 1248
4 1537 986 1243 987
4 1243 986 1537 1240
4 677 669 692 676
4 741 68 1317 1314
4 741 1317 68 46
4 677 687 669 1486
4 677 669 687 692
4 664 1626 665 661
4 664 665 1626 655
4 657 665 1626 661
4 17 1620 12 700
4 17 12 1620 697
4 703 12 1620 700
4 703 1620 12 697
4 2 719 714 734
4 656 31 647 38
4 656 647 31 37
4 654 315 316 317
4 27 677 1486 687
4 679 678 26 672
4 26 678 679 27
4 661 1626 662 653
4 661 662 1626 657
4 40 662 1626 653
4 36 39 650 645
4 43 735 42 44
4 43 42 735 725
4 314 686 312 673
4 314 312 686 313
4 694 641 640 18
4 640 641 694 711
4 1482 237 1464 1463
4 235 237 1464 1613
4 235 1464 237 1463
4 596 1159 397 1160
4 596 397 1159 1511
4 565 1184 117 1017
4 1200 1184 123 1183
4 1184 117 123 1183
4 1184 123 117 1017
4 1213 144 1214 1210
4 1213 1214 144 1523
4 433 916 1349 918
4 1389 177 1386 1385
4 173 177 1386 1595
4 173 1386 177 1385
4 1626 655 41 40
4 1321 238 1314 1318
4 1321 1314 238 1577
4 43 1491 3 44
4 43 3 1491 714
4 1479 239 1473 1616
4 1479 1473 239 1478
4 91 1315 756 755
4 47 829 706 740
4 1474 241 1468 1615
4 1474 1468 241 1473
4 1100 243 1469 1468
4 242 243 1469 1614
4 242 1469 243 1468
4 477 1122 473 1503
4 477 473 1122 1121
4 469 473 1122 1503
4 469 1122 473 1121
4 322 841 1481 843
4 1100 570 1629 111
4 1103 1629 570 111
4 379 880 1407 882
4 1434 213 1438 1607
4 1434 1438 213 1433
4 396 892 1388 894
4 1408 193 1405 1404
4 189 193 1405 1600
4 189 1405 193 1404
4 1350 298 1347 1346
4 158 298 1347 1586
4 158 1347 298 1346
4 533 1231 995 996
4 677 672 26 1486
4 26 672 677 679
4 26 27 677 1486
4 677 27 26 679
4 1199 123 1184 1017
4 1199 1184 123 1200
4 450 1330 928 1582
4 450 928 1330 930
4 662 40 657 658
4 38 40 657 41
4 38 657 40 658
4 1133 609 444 1132
4 1133 444 609 610
4 600 1149 1052 1507
4 600 1052 1149 1148
4 1052 1149 1051 1507
4 1052 1051 1149 1148
4 1051 1149 1154 1507
4 1051 1154 1149 1148
4 1184 564 117 1183
4 1184 117 564 565
4 1289 202 1290 1286
4 1289 1290 202 1561
4 73 1126 1029 1504
4 73 1029 1126 1028
4 1173 613 1060 1174
4 1173 1060 613 1514
4 1059 1173 1060 1174
4 1059 1060 1173 1514
4 1058 1173 1059 1174
4 1058 1059 1173 1514
4 1184 72 1200 1026
4 1184 1200 72 1183
4 1157 619 1086 1510
4 1157 1086 619 1085
4 1138 430 1144 1053
4 1138 1144 430 1139
4 608 1144 425 605
4 608 425 1144 1141
4 1154 627 519 1508
4 1154 519 627 1153
4 523 1154 519 1508
4 523 519 1154 1153
4 1149 1154 523 1508
4 1149 523 1154 1153
4 513 1251 980 981
4 1257 170 1258 1254
4 1257 1258 170 1545
4 525 1239 989 990
4 521 1243 986 987
4 420 1150 415 1142
4 420 415 1150 1507
4 38 39 31 658
4 38 31 39 650
4 31 39 659 658
4 31 659 39 650
4 659 39 36 658
4 659 36 39 650
4 1221 152 1222 1218
4 1221 1222 152 1527
4 1217 148 1218 1214
4 1217 1218 148 1525
4 645 32 642 646
4 695 703 1625 708
4 706 1625 703 708
4 706 703 1625 1627
4 557 1207 1013 1014
4 557 1013 1207 1520
4 553 1211 1010 1011
4 545 1219 1004 1005
4 537 1227 998 999
4 1245 135 1246 1242
4 1245 1246 135 1539
4 1229 128 1230 1226
4 1229 1230 128 1531
4 1225 131 1226 1222
4 1225 1226 131 1529
4 1209 140 1210 1206
4 1209 1210 140 1521
4 1233 125 1234 1230
4 1233 1234 125 1533
4 483 1283 956 957
4 1241 138 1242 1238
4 1241 1242 138 1537
4 1265 178 1266 1262
4 1265 1266 178 1549
4 501 1263 971 972
4 1273 186 1274 1270
4 1273 1274 186 1553
4 509 1255 977 978
4 505 1259 974 975
4 1262 1261 178 1258
4 174 178 1261 1258
4 174 1261 178 1547
4 517 1247 983 984
4 529 1235 992 993
4 1237 159 1238 1234
4 1237 1238 159 1535
4 1269 182 1270 1266
4 1269 1270 182 1551
4 1285 198 1286 1282
4 1285 1286 198 1559
4 1305 218 1306 1302
4 1305 1306 218 1569
4 467 1299 944 945
4 459 1307 938 939
4 1297 210 1298 1294
4 1297 1298 210 1565
4 471 1295 947 948
4 1313 226 1202 1310
4 1313 1202 226 1573
4 1294 1293 210 1290
4 206 210 1293 1290
4 206 1293 210 1563
4 1281 194 1282 1278
4 1281 1282 194 1557
4 498 1267 968 969
4 1278 1277 194 1274
4 190 194 1277 1274
4 190 1277 194 1555
4 495 1271 965 966
4 455 1311 935 936
4 1325 236 1318 1322
4 1325 1318 236 1579
4 97 1319 759 758
4 110 1190 111 1182
4 110 111 1190 1517
4 1502 111 1190 1182
4 1502 1190 111 1517
4 1309 222 1310 1306
4 1309 1310 222 1571
4 80 1203 750 749
4 1205 230 1326 1202
4 1205 1326 230 1519
4 741 1317 48 1314
4 240 48 1317 1314
4 240 1317 48 1575
4 452 1327 932 933
4 1249 132 1250 1246
4 1249 1250 132 1541
4 1253 166 1254 1250
4 1253 1254 166 1543
4 30 28 683 33
4 30 683 28 693
4 463 1303 941 942
4 601 1156 1089 1090
4 601 1089 1156 1509
4 549 1215 1007 1008
4 491 1275 962 963
4 1329 232 1322 1326
4 1329 1322 232 1581
4 185 1400 1404 1399
4 185 1404 1400 1599
4 585 1169 1040 1513
4 585 1040 1169 1168
4 1040 1169 1039 1513
4 1040 1039 1169 1168
4 1039 1169 1174 1513
4 1039 1174 1169 1168
4 507 1163 503 1512
4 507 503 1163 1162
4 52 503 1163 1512
4 52 1163 503 1162
4 162 1361 1365 1360
4 162 1365 1361 1590
4 730 0 8 737
4 479 1287 953 954
4 487 1279 959 960
4 541 1223 1001 1002
4 102 1323 762 761
4 1301 214 1302 1298
4 1301 1302 214 1567
4 475 1291 950 951
4 1071 1155 1072 1156
4 1071 1072 1155 1508
4 626 1072 1155 1156
4 626 1155 1072 1508
4 1496 640 1622 711
4 1622 640 1496 1619
4 1497 45 640 711
4 1496 1497 640 711
4 640 1497 1496 1619
4 829 5 706 1494
4 829 706 5 47
4 1496 1629 1621 1495
4 1496 1622 1629 1495
4 1623 315 666 648
4 1623 666 315 1628
4 664 1623 666 648
4 661 1623 664 648
4 351 1121 356 1122
4 351 356 1121 1634
4 356 1121 1180 1122
4 356 1180 1121 1634
4 1180 1121 477 1122
4 1180 477 1121 1634
4 63 1162 393 1163
4 393 1162 63 1633
4 1162 1161 393 1163
4 393 1161 1162 1633
4 1162 507 1161 1163
4 1161 507 1162 1633
4 33 55 1107 1108
4 1632 328 1191 333
4 1632 1191 328 1192
4 919 304 1344 921
4 913 300 1353 915
4 764 112 1466 765
4 925 308 1334 927
4 850 254 1456 852
4 910 297 1358 912
4 290 1373 901 903
4 907 294 1363 909
4 260 1441 859 861
4 904 292 1368 906
4 898 287 1378 900
4 1383 895 284 897
4 856 258 1446 858
4 264 1431 865 867
4 862 262 1436 864
4 270 1416 874 876
4 280 1392 889 891
4 278 1397 886 888
4 282 1388 892 894
4 268 1421 871 873
4 853 256 1451 855
4 877 272 1411 879
4 1402 883 276 885
4 868 266 1426 870
4 274 1407 880 882
4 841 250 1481 843
4 847 252 1461 849
4 768 124 1476 769
4 1349 916 302 918
4 118 1471 766 767
4 1339 922 306 924
4 652 654 316 667
4 316 654 652 315
4 316 666 652 667
4 652 666 316 315
4 1496 741 1629 1103
4 1496 1629 741 1621
4 1104 660 36 645
4 36 660 1104 33
4 642 1104 32 645
4 32 1104 642 33
4 1104 35 32 645
4 32 35 1104 33
4 1104 36 35 645
4 35 36 1104 33
4 664 1626 648 651
4 664 648 1626 661
4 653 648 1626 651
4 653 1626 648 661
4 539 1144 1139 1141
4 1139 1144 539 1073
4 1620 1625 703 1627
4 1620 703 1625 695
4 781 1630 1234 1230
4 1234 1630 781 780
4 1234 125 781 1230
4 781 125 1234 780
4 809 1632 1298 1294
4 1298 1632 809 808
4 1298 210 809 1294
4 809 210 1298 808
4 793 1631 1266 1262
4 1266 1631 793 792
4 1266 178 793 1262
4 793 178 1266 792
4 194 801 1282 1278
4 194 1282 801 800
4 1634 1282 801 1278
4 1634 801 1282 800
4 785 1633 1250 1246
4 1250 1633 785 784
4 1250 132 785 1246
4 785 132 1250 784
4 380 376 1170 1513
4 1172 1170 376 1513
4 1042 1178 1177 1125
4 1042 1177 1178 1043
4 1176 1042 1177 1125
4 1176 1177 1042 1043
4 592 1042 1176 1125
4 592 1176 1042 1043
4 1629 1473 823 822
4 239 1473 823 1478
4 239 823 1473 822
4 1473 1636 823 1478
4 823 1636 1473 1629
4 770 143 1624 771
4 1624 33 770 771
4 1624 1107 770 33
4 1097 55 1107 33
4 1107 55 1097 1099
4 1624 1097 1107 33
4 1107 1097 1624 1099
4 706 1622 1629 1100
4 1629 1622 706 1495
4 1344 1343 304 919
4 1344 304 1343 1585
4 303 304 1343 919
4 303 1343 304 1585
4 1353 1352 300 913
4 1353 300 1352 1588
4 299 300 1352 913
4 299 1352 300 1588
4 1466 1475 112 764
4 1466 112 1475 1615
4 246 112 1475 764
4 246 1475 112 1615
4 1334 1333 308 925
4 1334 308 1333 1583
4 307 308 1333 925
4 307 1333 308 1583
4 1456 1455 254 850
4 1456 254 1455 1611
4 253 254 1455 850
4 253 1455 254 1611
4 1358 1357 297 910
4 1358 297 1357 1589
4 296 297 1357 910
4 296 1357 297 1589
4 1372 289 290 901
4 290 289 1372 1592
4 290 1373 1372 901
4 1372 1373 290 1592
4 1363 1362 294 907
4 1363 294 1362 1590
4 293 294 1362 907
4 293 1362 294 1590
4 1440 259 260 859
4 260 259 1440 1608
4 260 1441 1440 859
4 1440 1441 260 1608
4 1368 1367 292 904
4 1368 292 1367 1591
4 291 292 1367 904
4 291 1367 292 1591
4 1378 1377 287 898
4 1378 287 1377 1593
4 286 287 1377 898
4 286 1377 287 1593
4 1383 1382 284 895
4 1383 284 1382 1594
4 283 284 1382 895
4 283 1382 284 1594
4 1446 1445 258 856
4 1446 258 1445 1609
4 257 258 1445 856
4 257 1445 258 1609
4 1450 255 256 853
4 256 255 1450 1610
4 256 1451 1450 853
4 1450 1451 256 1610
4 1387 281 282 892
4 282 281 1387 1595
4 282 1388 1387 892
4 1387 1388 282 1595
4 1430 263 264 865
4 264 263 1430 1606
4 264 1431 1430 865
4 1430 1431 264 1606
4 1435 261 262 862
4 262 261 1435 1607
4 262 1436 1435 862
4 1435 1436 262 1607
4 1397 1396 278 886
4 1397 278 1396 1598
4 277 278 1396 886
4 277 1396 278 1598
4 1416 1415 270 874
4 1416 270 1415 1603
4 269 270 1415 874
4 269 1415 270 1603
4 1392 1391 280 889
4 1392 280 1391 1597
4 279 280 1391 889
4 279 1391 280 1597
4 1421 1420 268 871
4 1421 268 1420 1604
4 267 268 1420 871
4 267 1420 268 1604
4 1402 1401 276 883
4 1402 276 1401 1599
4 275 276 1401 883
4 275 1401 276 1599
4 1410 271 272 877
4 272 271 1410 1602
4 272 1411 1410 877
4 1410 1411 272 1602
4 1425 265 266 868
4 266 265 1425 1605
4 266 1426 1425 868
4 1425 1426 266 1605
4 1406 273 274 880
4 274 273 1406 1600
4 274 1407 1406 880
4 1406 1407 274 1600
4 1465 249 250 841
4 250 249 1465 1613
4 250 1481 1465 841
4 1465 1481 250 1613
4 1461 1460 252 847
4 1461 252 1460 1612
4 251 252 1460 847
4 251 1460 252 1612
4 1349 1348 302 916
4 1349 302 1348 1586
4 301 302 1348 916
4 301 1348 302 1586
4 1471 1480 118 766
4 1471 118 1480 1616
4 247 118 1480 766
4 247 1480 118 1616
4 1476 1484 124 768
4 1476 124 1484 1618
4 248 124 1484 768
4 248 1484 124 1618
4 1339 1338 306 922
4 1339 306 1338 1584
4 305 306 1338 922
4 305 1338 306 1584
4 1113 1187 574 1035
4 1113 574 1187 1515
4 569 574 1187 1035
4 569 1187 574 1515
4 1587 432 431 433
4 431 432 1587 1348
4 321 1617 320 1465
4 321 320 1617 322
4 1601 378 377 379
4 377 378 1601 1406
4 1596 395 394 396
4 394 395 1596 1387
4 15 709 11 13
4 11 14 15 13
4 11 16 15 14
4 665 1626 41 657
4 665 41 1626 655
4 237 1464 1481 1482
4 237 1481 1464 1613
4 393 397 1159 1160
4 1159 1164 393 1160
4 1511 397 393 1047
4 393 397 1511 1159
4 393 1164 1511 1047
4 1511 1164 393 1159
4 1349 433 431 916
4 431 433 1349 1587
4 431 1348 1349 916
4 1349 1348 431 1587
4 177 1386 1388 1389
4 177 1388 1386 1595
4 1626 40 657 662
4 657 40 1626 41
4 1315 1320 92 756
4 92 1320 1315 1574
4 92 91 1315 756
4 1315 91 92 1574
4 243 1469 1117 1100
4 243 1117 1469 1614
4 1481 322 320 841
4 320 322 1481 1617
4 320 1465 1481 841
4 1481 1465 320 1617
4 1407 379 377 880
4 377 379 1407 1601
4 377 1406 1407 880
4 1407 1406 377 1601
4 1388 396 394 892
4 394 396 1388 1596
4 394 1387 1388 892
4 1388 1387 394 1596
4 193 1405 1407 1408
4 193 1407 1405 1600
4 298 1347 1349 1350
4 298 1349 1347 1586
4 1231 1228 532 995
4 532 1228 1231 1532
4 532 533 1231 995
4 1231 533 532 1532
4 1251 1248 512 980
4 512 1248 1251 1542
4 512 513 1251 980
4 1251 513 512 1542
4 1239 1236 524 989
4 524 1236 1239 1536
4 524 525 1239 989
4 1239 525 524 1536
4 1243 1240 520 986
4 520 1240 1243 1538
4 520 521 1243 986
4 1243 521 520 1538
4 415 410 1150 1507
4 1211 1208 552 1010
4 552 1208 1211 1522
4 552 553 1211 1010
4 1211 553 552 1522
4 1219 1216 544 1004
4 544 1216 1219 1526
4 544 545 1219 1004
4 1219 545 544 1526
4 1227 1224 536 998
4 536 1224 1227 1530
4 536 537 1227 998
4 1227 537 536 1530
4 1283 1280 482 956
4 482 1280 1283 1558
4 482 483 1283 956
4 1283 483 482 1558
4 1263 1260 500 971
4 500 1260 1263 1548
4 500 501 1263 971
4 1263 501 500 1548
4 1255 1252 508 977
4 508 1252 1255 1544
4 508 509 1255 977
4 1255 509 508 1544
4 1259 1256 504 974
4 504 1256 1259 1546
4 504 505 1259 974
4 1259 505 504 1546
4 1261 178 1263 1262
4 1261 1263 178 1547
4 1247 1244 516 983
4 516 1244 1247 1540
4 516 517 1247 983
4 1247 517 516 1540
4 1235 1232 528 992
4 528 1232 1235 1534
4 528 529 1235 992
4 1235 529 528 1534
4 1299 1296 466 944
4 466 1296 1299 1566
4 466 467 1299 944
4 1299 467 466 1566
4 1307 1304 458 938
4 458 1304 1307 1570
4 458 459 1307 938
4 1307 459 458 1570
4 1295 1292 470 947
4 470 1292 1295 1564
4 470 471 1295 947
4 1295 471 470 1564
4 1293 210 1295 1294
4 1293 1295 210 1563
4 1267 1264 497 968
4 497 1264 1267 1550
4 497 498 1267 968
4 1267 498 497 1550
4 1277 194 1279 1278
4 1277 1279 194 1555
4 1271 1268 494 965
4 494 1268 1271 1552
4 494 495 1271 965
4 1271 495 494 1552
4 1311 1308 454 935
4 454 1308 1311 1572
4 454 455 1311 935
4 1311 455 454 1572
4 1319 1324 98 759
4 98 1324 1319 1576
4 98 97 1319 759
4 1319 97 98 1576
4 1203 1312 81 750
4 81 1312 1203 1518
4 81 80 1203 750
4 1203 80 81 1518
4 1317 48 1115 741
4 1317 1115 48 1575
4 1327 1204 451 932
4 451 1204 1327 1580
4 451 452 1327 932
4 1327 452 451 1580
4 1303 1300 462 941
4 462 1300 1303 1568
4 462 463 1303 941
4 1303 463 462 1568
4 1215 1212 548 1007
4 548 1212 1215 1524
4 548 549 1215 1007
4 1215 549 548 1524
4 1275 1272 490 962
4 490 1272 1275 1554
4 490 491 1275 962
4 1275 491 490 1554
4 1287 1284 478 953
4 478 1284 1287 1560
4 478 479 1287 953
4 1287 479 478 1560
4 1279 1276 486 959
4 486 1276 1279 1556
4 486 487 1279 959
4 1279 487 486 1556
4 1223 1220 540 1001
4 540 1220 1223 1528
4 540 541 1223 1001
4 1223 541 540 1528
4 1323 1328 103 762
4 103 1328 1323 1578
4 103 102 1323 762
4 1323 102 103 1578
4 1291 1288 474 950
4 474 1288 1291 1562
4 474 475 1291 950
4 1291 475 474 1562
4 570 640 1497 45
4 1497 640 570 1619
4 1497 1103 570 45
4 570 1103 1497 1619
4 18 16 641 9
4 18 641 16 15
4 641 16 709 9
4 641 709 16 15
4 709 16 11 9
4 709 11 16 15
4 311 666 315 316
4 311 315 666 1628
4 1153 410 1150 1151
4 1150 410 1153 1507
4 380 1162 376 1631
4 380 376 1162 1170
4 1162 51 493 1631
4 1162 493 51 1170
4 1172 1162 493 1631
4 1172 493 1162 1170
4 376 1162 1172 1631
4 376 1172 1162 1170
4 415 1142 410 1630
4 415 410 1142 1150
4 1142 527 523 1630
4 1142 523 527 1150
4 1151 1142 523 1630
4 1151 523 1142 1150
4 410 1142 1151 1630
4 410 1151 1142 1150
4 33 1097 311 1624
4 33 311 1097 1098
4 312 311 1097 1624
4 312 1097 311 1098
4 661 1628 664 1623
4 664 1628 661 33
4 1628 666 664 1623
4 664 666 1628 33
4 141 1628 771 1106
4 141 771 1628 311
4 33 771 1628 1106
4 33 1628 771 311
4 143 1624 773 770
4 143 773 1624 1099
4 1107 773 1624 770
4 1107 1624 773 1099
4 1619 570 1629 1100
4 1629 570 1619 1103
4 1629 1622 1619 1100
4 1 0 8 730
4 1 716 8 718
4 8 716 1 730
4 719 1 8 718
4 0 2 8 1491
4 0 8 2 1
4 719 2 8 1
4 8 714 2 719
4 8 2 714 1491
4 1619 1496 1629 1103
4 1619 1629 1496 1622
4 1104 1623 33 660
4 1104 33 1623 1628
4 661 33 1623 660
4 661 1623 33 1628

CELL_TYPES 11385
1
1
1
1
1
1
1
1
1
1
1
1
1
1
1
1
1
1
1
1
1
1
1
1
1
1
1
1
1
1
1
1
1
1
1
1
1
1
1
1
1
1
1
1
1
1
1
1
1
1
1
1
1
1
1
1
1
1
1
1
1
1
1
1
1
1
1
1
1
1
1
1
1
1
1
1
1
1
1
1
1
1
1
1
1
1
1
1
1
1
1
1
1
1
1
1
1
1
1
1
1
1
1
1
1
1
1
1
1
1
1
1
1
1
1
1
1
1
1
1
1
1
1
1
1
1
1
1
1
1
1
1
1
1
1
1
1
1
1
1
1
1
1
1
1
1
1
1
1
1
1
1
1
1
1
1
1
1
1
1
1
1
1
1
1
1
1
1
1
1
1
1
1
1
1
1
1
1
1
1
1
1
1
1
1
1
1
1
1
1
1
1
1
1
1
1
1
1
1
1
1
1
1
1
1
1
1
1
1
1
1
1
1
1
1
1
1
1
1
1
1
1
1
1
1
1
1
1
1
1
1
1
1
1
1
1
1
1
1
1
1
1
1
1
1
1
1
1
1
1
1
1
1
1
1
1
1
1
1
1
1
1
1
1
1
1
1
1
1
1
1
1
1
1
1
1
1
1
1
1
1
1
1
1
1
1
1
1
1
1
1
1
1
1
1
1
1
1
1
1
1
1
1
1
1
1
1
1
1
1
1
1
1
1
1
1
1
1
1
1
1
1
1
1
1
1
1
1
1
1
1
1
1
1
1
1
1
1
1
1
1
1
1
1
1
1
1
1
1
1
1
1
1
1
1
1
1
1
1
1
1
1
1
1
1
1
1
1
1
1
1
1
1
1
1
1
1
1
1
1
1
1
1
1
1
1
1
1
1
1
1
1
1
1
1
1
1
1
1
1
1
1
1
1
1
1
1
1
1
1
1
1
1
1
1
1
1
1
1
1
1
1
1
1
1
1
1
1
1
1
1
1
1
1
1
1
1
1
1
1
1
1
1
1
1
1
1
1
1
1
1
1
1
1
1
1
1
1
1
1
1
1
1
1
1
1
1
1
1
1
1
1
1
1
1
1
1
1
1
1
1
1
1
1
1
1
1
1
1
1
1
1
1
1
1
1
1
1
1
1
1
1
1
1
1
1
1
1
1
1
1
1
1
1
1
1
1
1
1
1
1
1
1
1
1
1
1
1
1
1
1
1
1
1
1
1
1
1
1
1
1
1
1
1
1
1
1
1
1
1
1
1
1
1
1
1
1
1
1
1
1
1
1
1
1
1
1
1
1
1
1
1
1
1
1
1
1
1
1
1
1
1
1
1
1
1
1
1
1
1
1
1
1
1
1
1
1
1
1
1
1
1
1
1
1
1
1
1
1
1
1
1
1
1
1
1
1
1
1
1
1
1
1
1
1
1
1
1
1
1
1
1
1
1
1
1
1
1
1
1
1
1
1
1
1
1
1
1
1
1
1
1
1
1
1
1
1
1
1
1
1
1
1
1
1
1
1
1
1
1
1
1
1
1
1
1
1
1
1
1
1
1
1
1
1
1
1
1
1
1
1
1
1
1
1
1
1
1
1
1
1
1
1
1
1
1
1
1
1
1
1
1
1
1
1
1
1
1
1
1
1
1
1
1
1
1
1
1
1
1
1
1
1
1
1
1
1
1
3
3
3
3
3
3
3
3
3
3
3
3
3
3
3
3
3
3
3
3
3
3
3
3
3
3
3
3
3
3
3
3
3
3
3
3
3
3
3
3
3
3
3
3
3
3
3
3
3
3
3
3
3
3
3
3
3
3
3
3
3
3
3
3
3
3
3
3
3
3
3
3
3
3
3
3
3
3
3
3
3
3
3
3
3
3
3
3
3
3
3
3
3
3
3
3
3
3
3
3
3
3
3
3
3
3
3
3
3
3
3
3
3
3
3
3
3
3
3
3
3
3
3
3
3
3
3
3
3
3
3
3
3
3
3
3
3
3
3
3
3
3
3
3
3
3
3
3
3
3
3
3
3
3
3
3
3
3
3
3
3
3
3
3
3
3
3
3
3
3
3
3
3
3
3
3
3
3
3
3
3
3
3
3
3
3
3
3
3
3
3
3
3
3
3
3
3
3
3
3
3
3
3
3
3
3
3
3
3
3
3
3
3
3
3
3
3
3
3
3
3
3
3
3
3
3
3
3
3
3
3
3
3
3
3
3
3
3
3
3
3
3
3
3
3
3
3
3
3
3
3
3
3
3
3
3
3
3
3
3
3
3
3
3
3
3
3
3
3
3
3
3
3
3
3
3
3
3
3
3
3
3
3
3
3
3
3
3
3
3
3
3
3
3
3
3
3
3
3
3
3
3
3
3
3
3
3
3
3
3
3
3
3
3
3
3
3
3
3
3
3
3
3
3
3
3
3
3
3
3
3
3
3
3
3
3
3
3
3
3
3
3
3
3
3
3
3
3
3
3
3
3
3
3
3
3
3
3
3
3
3
3
3
3
3
3
3
3
3
3
3
3
3
3
3
3
3
3
3
3
3
3
3
3
3
3
3
3
3
3
3
3
3
3
3
3
3
3
3
3
3
3
3
3
3
3
3
3
3
3
3
3
3
3
3
3
3
3
3
3
3
3
3
3
3
3
3
3
3
3
3
3
3
3
3
3
3
3
3
3
3
3
3
3
3
3
3
3
3
3
3
3
3
3
3
3
3
3
3
3
3
3
3
3
3
3
3
3
3
3
3
3
3
3
3
3
3
3
3
3
3
3
3
3
3
3
3
3
3
3
3
3
3
3
3
3
3
3
3
3
3
3
3
3
3
3
3
3
3
3
3
3
3
3
3
3
3
3
3
3
3
3
3
3
3
3
3
3
3
3
3
3
3
3
3
3
3
3
3
3
3
3
3
3
3
3
3
3
3
3
3
3
3
3
3
3
3
3
3
3
3
3
3
3
3
3
3
3
3
3
3
3
3
3
3
3
3
3
3
3
3
3
3
3
3
3
3
3
3
3
3
3
3
3
3
3
3
3
3
3
3
3
3
3
3
3
3
3
3
3
3
3
3
3
3
3
3
3
3
3
3
3
3
3
3
3
3
3
3
3
3
3
3
3
3
3
3
3
3
3
3
3
3
3
3
3
3
3
3
3
3
3
3
3
3
3
3
3
3
3
3
3
3
3
3
3
3
3
3
3
3
3
3
3
3
3
3
3
3
3
3
3
3
3
3
3
3
3
3
3
3
3
3
3
3
3
3
3
3
3
3
3
3
3
3
3
3
3
3
3
3
3
3
3
3
3
3
3
3
3
3
3
3
3
3
3
3
3
3
3
3
3
3
3
3
3
3
3
3
3
3
3
3
3
3
3
3
3
3
3
3
3
3
3
3
3
3
3
3
3
3
3
3
3
3
3
3
3
3
3
3
3
3
3
3
3
3
3
3
3
3
3
3
3
3
3
3
3
3
3
3
3
3
3
3
3
3
3
3
3
3
3
3
3
3
3
3
3
3
3
3
3
3
3
3
3
3
3
3
3
3
3
3
3
3
3
3
3
3
3
3
3
3
3
3
3
3
3
3
3
3
3
3
3
3
3
3
3
3
3
3
3
3
3
3
3
3
3
3
3
3
3
3
3
3
3
3
3
3
3
3
3
3
3
3
3
3
3
3
3
3
3
3
3
3
3
3
3
3
3
3
3
3
3
3
3
3
3
3
3
3
3
3
3
3
3
3
3
3
3
3
3
3
3
3
3
3
3
3
3
3
3
3
3
3
3
3
3
3
3
3
3
3
3
3
3
3
3
3
3
3
3
3
3
3
3
3
3
3
3
3
3
3
3
3
3
3
3
3
3
3
3
3
3
3
3
3
3
3
3
3
3
3
3
3
3
3
3
3
3
3
3
3
3
3
3
3
3
3
3
3
3
3
3
3
3
3
3
3
3
3
3
3
3
3
3
3
3
3
3
3
3
3
3
3
3
3
3
3
3
3
3
3
3
3
3
3
3
3
3
3
3
3
3
3
3
3
3
3
3
3
3
3
3
3
3
3
3
3
3
3
3
3
3
3
3
3
3
3
3
3
3
3
3
3
3
3
3
3
3
3
3
3
3
3
3
3
3
3
3
3
3
3
3
3
3
3
3
3
3
3
3
3
3
3
3
3
3
3
3
3
3
3
3
3
3
3
3
3
3
3
3
3
3
3
3
3
3
3
3
3
3
3
3
3
3
3
3
3
3
3
3
3
3
3
3
3
3
3
3
3
3
3
3
3
3
3
3
3
3
3
3
3
3
3
3
3
3
3
3
3
3
3
3
3
3
3
3
3
3
3
3
3
3
3
3
3
3
3
3
3
3
3
3
3
3
3
3
3
3
3
3
3
3
3
3
3
3
3
3
3
3
3
3
3
3
3
3
3
3
3
3
3
3
3
3
3
3
3
3
3
3
3
3
3
3
3
3
3
3
3
3
3
3
3
3
3
3
3
3
3
3
3
3
3
3
3
3
3
3
3
3
3
3
3
3
3
3
3
3
3
3
3
3
3
3
3
3
3
3
3
3
3
3
3
3
3
3
3
3
3
3
3
3
3
3
3
3
3
3
3
3
3
3
3
3
3
3
3
3
3
3
3
3
3
3
3
3
3
3
3
3
3
3
3
3
3
3
3
3
3
3
3
3
3
3
3
3
3
3
3
3
3
3
3
3
3
3
3
3
3
3
3
3
3
3
3
3
3
3
3
3
3
3
3
3
3
3
3
3
3
3
3
3
3
3
3
3
3
3
3
3
3
3
3
3
3
3
3
3
3
3
3
3
3
3
3
3
3
3
3
3
3
3
3
3
3
3
3
3
3
3
3
3
3
3
3
3
3
3
3
3
3
3
3
3
3
3
3
3
3
3
3
3
3
3
3
3
3
3
3
3
3
3
3
3
3
3
3
3
3
3
3
3
3
3
3
3
3
3
3
3
3
3
3
3
3
3
3
3
3
3
3
3
3
3
3
3
3
3
3
3
3
3
3
3
3
3
3
3
3
3
3
3
3
3
3
3
3
3
3
3
3
3
3
3
3
3
3
3
3
3
3
3
3
3
3
3
3
3
3
3
3
3
3
3
3
3
3
3
3
3
3
3
3
3
3
3
3
3
3
3
3
3
3
3
3
3
3
3
3
3
3
3
3
3
3
3
3
3
3
3
3
3
3
3
3
3
3
3
3
3
3
3
3
3
3
3
3
3
3
3
3
3
3
3
3
3
3
3
3
3
3
3
3
3
3
3
3
3
3
3
3
3
3
3
3
3
3
3
3
3
3
3
3
3
3
3
3
3
3
3
3
3
3
3
3
3
3
3
3
3
3
3
3
3
3
3
3
3
3
3
3
3
3
3
3
3
3
3
3
3
3
3
3
3
3
3
3
3
3
3
3
3
3
3
3
3
3
3
3
3
3
3
3
3
3
3
3
3
3
3
3
3
3
3
3
3
3
3
3
3
3
3
3
3
3
3
3
3
3
3
3
3
3
3
3
3
3
3
3
3
3
3
3
3
3
3
3
3
3
3
3
3
3
3
3
3
3
3
3
3
3
3
3
3
3
3
3
3
3
3
3
3
3
3
3
3
3
3
3
3
3
3
3
3
3
3
3
3
3
3
3
3
3
3
3
3
3
3
3
3
3
3
3
3
3
3
3
3
3
3
3
3
3
3
3
3
3
3
3
3
3
3
3
3
3
3
3
3
3
3
3
3
3
3
3
3
3
3
3
3
3
3
3
3
3
3
3
3
3
3
3
3
3
3
3
3
3
3
3
3
3
3
3
3
3
3
3
3
3
3
3
3
3
3
3
3
3
3
3
3
3
3
3
3
3
3
3
3
3
3
3
3
3
3
3
3
3
3
3
3
3
3
3
3
3
3
3
3
3
3
3
3
3
3
3
3
3
3
3
3
3
3
3
3
3
3
3
3
3
3
3
3
3
3
3
3
3
3
3
3
3
3
3
3
3
3
3
3
3
3
3
3
3
3
3
3
3
3
3
3
3
3
3
3
3
3
3
3
3
3
3
3
3
3
3
3
3
3
3
3
3
3
3
3
3
3
3
3
3
3
3
3
3
3
3
3
3
3
3
3
3
3
3
3
3
3
3
3
3
3
3
3
3
3
3
3
3
3
3
3
3
3
3
3
3
3
3
3
3
3
3
3
3
3
3
3
3
3
3
3
3
3
3
3
3
3
3
3
3
3
3
3
3
3
3
3
3
3
3
3
3
3
3
3
3
3
3
3
3
3
3
3
3
3
3
3
3
3
3
3
3
3
3
3
3
3
3
3
3
3
3
3
3
3
3
3
3
3
3
3
3
3
3
3
3
3
3
3
3
3
3
3
3
3
3
3
3
3
3
3
3
3
3
3
3
3
3
3
3
3
3
3
3
3
3
3
3
3
3
3
3
3
3
3
3
3
3
3
3
3
3
3
3
3
3
3
3
3
3
3
3
3
3
3
3
3
3
3
3
3
3
3
3
3
3
3
3
3
3
3
3
3
3
3
3
3
3
3
3
3
3
3
3
3
3
3
3
3
3
3
3
3
3
3
3
3
3
3
3
3
3
3
3
3
3
3
3
3
3
3
3
3
3
3
3
3
3
3
3
3
3
3
3
3
3
3
3
3
3
3
3
3
3
3
3
3
3
3
3
3
3
3
3
3
3
3
3
3
3
3
3
3
3
3
3
3
3
3
3
3
3
3
3
3
3
3
3
3
3
3
3
3
3
3
3
3
3
3
3
3
3
3
3
3
3
3
3
3
3
3
3
3
3
3
3
3
3
3
3
3
3
3
3
3
3
3
3
3
3
3
3
3
3
3
3
3
3
3
3
3
3
3
3
3
3
3
3
3
3
3
3
3
3
3
3
3
3
3
3
3
3
3
3
3
3
3
3
3
3
3
3
3
3
3
3
3
3
3
3
3
3
3
3
3
3
3
3
3
3
3
3
3
3
3
3
3
3
3
3
3
3
3
3
3
3
3
3
3
3
3
3
3
3
3
3
3
3
3
3
3
3
3
3
3
3
3
3
3
3
3
3
3
3
3
3
3
3
3
3
3
3
3
3
3
3
3
3
3
3
3
3
3
3
3
3
3
3
3
3
3
3
3
3
3
3
3
3
3
3
3
3
3
3
3
3
3
3
3
3
3
3
3
3
3
3
3
3
3
3
3
3
3
3
3
3
3
3
3
3
3
3
3
3
3
3
3
3
3
3
3
3
3
3
3
3
3
3
3
3
3
3
3
3
3
3
3
3
3
3
3
3
3
3
3
3
3
3
3
3
3
3
3
3
3
3
3
3
3
3
3
3
3
3
3
3
3
3
3
3
3
3
3
3
3
3
3
3
3
3
3
3
3
3
3
3
3
3
3
3
3
3
3
3
3
3
3
3
3
3
3
3
3
3
3
3
3
3
3
3
3
3
3
3
3
3
3
3
3
3
3
3
3
3
3
3
3
3
3
3
3
3
3
3
3
3
3
3
3
3
3
3
3
3
3
3
3
3
3
3
3
3
3
3
3
3
3
3
3
3
3
3
3
3
3
3
3
3
3
3
3
3
3
3
3
3
3
3
3
3
3
3
3
3
3
3
3
3
3
3
3
3
3
3
3
3
3
3
3
3
3
3
3
3
3
3
3
3
3
3
3
3
3
3
3
3
3
3
3
3
3
3
3
3
3
3
3
3
3
3
3
3
3
3
3
3
3
3
3
3
3
3
3
3
3
3
3
3
3
3
3
3
3
3
3
3
3
3
3
3
3
3
3
3
3
3
3
3
3
3
3
3
3
3
3
3
3
3
3
3
3
3
3
3
3
3
3
3
3
3
3
3
3
3
3
3
3
3
3
3
3
3
3
3
3
3
3
3
3
3
3
3
3
3
3
3
3
3
3
3
3
3
3
3
3
3
3
3
3
3
3
3
3
3
3
3
3
3
3
3
3
3
3
3
3
3
3
3
3
3
3
3
3
3
3
3
3
3
3
3
3
3
3
3
3
3
3
3
3
3
3
3
3
3
3
3
3
3
3
3
3
3
3
3
3
3
3
3
3
3
3
3
3
3
3
3
3
3
3
3
3
3
3
3
3
3
3
3
3
3
3
3
3
3
3
3
3
3
3
3
3
3
3
3
3
3
3
3
3
3
3
3
3
3
3
3
3
3
3
3
3
3
3
3
3
3
3
3
3
3
3
3
3
3
3
3
3
3
3
3
3
3
3
3
3
3
3
3
3
3
3
3
3
3
3
3
3
3
3
3
3
3
3
3
3
3
3
3
3
3
3
3
3
3
3
3
3
3
3
3
3
3
3
3
3
3
3
3
3
3
3
3
3
3
3
3
3
3
3
3
3
3
3
3
3
3
3
3
3
3
3
3
3
3
3
3
3
3
3
3
3
3
3
3
3
3
3
3
3
3
3
3
3
3
3
3
3
3
3
3
3
3
3
3
3
3
3
3
3
3
3
3
3
3
3
3
3
3
3
3
3
3
3
3
3
3
3
3
3
3
3
3
3
3
3
3
3
3
3
5
5
5
5
5
5
5
5
5
5
5
5
5
5
5
5
5
5
5
5
5
5
5
5
5
5
5
5
5
5
5
5
5
5
5
5
5
5
5
5
5
5
5
5
5
5
5
5
5
5
5
5
5
5
5
5
5
5
5
5
5
5
5
5
5
5
5
5
5
5
5
5
5
5
5
5
5
5
5
5
5
5
5
5
5
5
5
5
5
5
5
5
5
5
5
5
5
5
5
5
5
5
5
5
5
5
5
5
5
5
5
5
5
5
5
5
5
5
5
5
5
5
5
5
5
5
5
5
5
5
5
5
5
5
5
5
5
5
5
5
5
5
5
5
5
5
5
5
5
5
5
5
5
5
5
5
5
5
5
5
5
5
5
5
5
5
5
5
5
5
5
5
5
5
5
5
5
5
5
5
5
5
5
5
5
5
5
5
5
5
5
5
5
5
5
5
5
5
5
5
5
5
5
5
5
5
5
5
5
5
5
5
5
5
5
5
5
5
5
5
5
5
5
5
5
5
5
5
5
5
5
5
5
5
5
5
5
5
5
5
5
5
5
5
5
5
5
5
5
5
5
5
5
5
5
5
5
5
5
5
5
5
5
5
5
5
5
5
5
5
5
5
5
5
5
5
5
5
5
5
5
5
5
5
5
5
5
5
5
5
5
5
5
5
5
5
5
5
5
5
5
5
5
5
5
5
5
5
5
5
5
5
5
5
5
5
5
5
5
5
5
5
5
5
5
5
5
5
5
5
5
5
5
5
5
5
5
5
5
5
5
5
5
5
5
5
5
5
5
5
5
5
5
5
5
5
5
5
5
5
5
5
5
5
5
5
5
5
5
5
5
5
5
5
5
5
5
5
5
5
5
5
5
5
5
5
5
5
5
5
5
5
5
5
5
5
5
5
5
5
5
5
5
5
5
5
5
5
5
5
5
5
5
5
5
5
5
5
5
5
5
5
5
5
5
5
5
5
5
5
5
5
5
5
5
5
5
5
5
5
5
5
5
5
5
5
5
5
5
5
5
5
5
5
5
5
5
5
5
5
5
5
5
5
5
5
5
5
5
5
5
5
5
5
5
5
5
5
5
5
5
5
5
5
5
5
5
5
5
5
5
5
5
5
5
5
5
5
5
5
5
5
5
5
5
5
5
5
5
5
5
5
5
5
5
5
5
5
5
5
5
5
5
5
5
5
5
5
5
5
5
5
5
5
5
5
5
5
5
5
5
5
5
5
5
5
5
5
5
5
5
5
5
5
5
5
5
5
5
5
5
5
5
5
5
5
5
5
5
5
5
5
5
5
5
5
5
5
5
5
5
5
5
5
5
5
5
5
5
5
5
5
5
5
5
5
5
5
5
5
5
5
5
5
5
5
5
5
5
5
5
5
5
5
5
5
5
5
5
5
5
5
5
5
5
5
5
5
5
5
5
5
5
5
5
5
5
5
5
5
5
5
5
5
5
5
5
5
5
5
5
5
5
5
5
5
5
5
5
5
5
5
5
5
5
5
5
5
5
5
5
5
5
5
5
5
5
5
5
5
5
5
5
5
5
5
5
5
5
5
5
5
5
5
5
5
5
5
5
5
5
5
5
5
5
5
5
5
5
5
5
5
5
5
5
5
5
5
5
5
5
5
5
5
5
5
5
5
5
5
5
5
5
5
5
5
5
5
5
5
5
5
5
5
5
5
5
5
5
5
5
5
5
5
5
5
5
5
5
5
5
5
5
5
5
5
5
5
5
5
5
5
5
5
5
5
5
5
5
5
5
5
5
5
5
5
5
5
5
5
5
5
5
5
5
5
5
5
5
5
5
5
5
5
5
5
5
5
5
5
5
5
5
5
5
5
5
5
5
5
5
5
5
5
5
5
5
5
5
5
5
5
5
5
5
5
5
5
5
5
5
5
5
5
5
5
5
5
5
5
5
5
5
5
5
5
5
5
5
5
5
5
5
5
5
5
5
5
5
5
5
5
5
5
5
5
5
5
5
5
5
5
5
5
5
5
5
5
5
5
5
5
5
5
5
5
5
5
5
5
5
5
5
5
5
5
5
5
5
5
5
5
5
5
5
5
5
5
5
5
5
5
5
5
5
5
5
5
5
5
5
5
5
5
5
5
5
5
5
5
5
5
5
5
5
5
5
5
5
5
5
5
5
5
5
5
5
5
5
5
5
5
5
5
5
5
5
5
5
5
5
5
5
5
5
5
5
5
5
5
5
5
5
5
5
5
5
5
5
5
5
5
5
5
5
5
5
5
5
5
5
5
5
5
5
5
5
5
5
5
5
5
5
5
5
5
5
5
5
5
5
5
5
5
5
5
5
5
5
5
5
5
5
5
5
5
5
5
5
5
5
5
5
5
5
5
5
5
5
5
5
5
5
5
5
5
5
5
5
5
5
5
5
5
5
5
5
5
5
5
5
5
5
5
5
5
5
5
5
5
5
5
5
5
5
5
5
5
5
5
5
5
5
5
5
5
5
5
5
5
5
5
5
5
5
5
5
5
5
5
5
5
5
5
5
5
5
5
5
5
5
5
5
5
5
5
5
5
5
5
5
5
5
5
5
5
5
5
5
5
5
5
5
5
5
5
5
5
5
5
5
5
5
5
5
5
5
5
5
5
5
5
5
5
5
5
5
5
5
5
5
5
5
5
5
5
5
5
5
5
5
5
5
5
5
5
5
5
5
5
5
5
5
5
5
5
5
5
5
5
5
5
5
5
5
5
5
5
5
5
5
5
5
5
5
5
5
5
5
5
5
5
5
5
5
5
5
5
5
5
5
5
5
5
5
5
5
5
5
5
5
5
5
5
5
5
5
5
5
5
5
5
5
5
5
5
5
5
5
5
5
5
5
5
5
5
5
5
5
5
5
5
5
5
5
5
5
5
5
5
5
5
5
5
5
5
5
5
5
5
5
5
5
5
5
5
5
5
5
5
5
5
5
5
5
5
5
5
5
5
5
5
5
5
5
5
5
5
5
5
5
5
5
5
5
5
5
5
5
5
5
5
5
5
5
5
5
5
5
5
5
5
5
5
5
5
5
5
5
5
5
5
5
5
5
5
5
5
5
5
5
5
5
5
5
5
5
5
5
5
5
5
5
5
5
5
5
5
5
5
5
5
5
5
5
5
5
5
5
5
5
5
5
5
5
5
5
5
5
5
5
5
5
5
5
5
5
5
5
5
5
5
5
5
5
5
5
5
5
5
5
5
5
5
5
5
5
5
5
5
5
5
5
5
5
5
5
5
5
5
5
5
5
5
5
5
5
5
5
5
5
5
5
5
5
5
5
5
5
5
5
5
5
5
5
5
5
5
5
5
5
5
5
5
5
5
5
5
5
5
5
5
5
5
5
5
5
5
5
5
5
5
5
5
5
5
5
5
5
5
5
5
5
5
5
5
5
5
5
5
5
5
5
5
5
5
5
5
5
5
5
5
5
5
5
5
5
5
5
5
5
5
5
5
5
5
5
5
5
5
5
5
5
5
5
5
5
5
5
5
5
5
5
5
5
5
5
5
5
5
5
5
5
5
5
5
5
5
5
5
5
5
5
5
5
5
5
5
5
5
5
5
5
5
5
5
5
5
5
5
5
5
5
5
5
5
5
5
5
5
5
5
5
5
5
5
5
5
5
5
5
5
5
5
5
5
5
5
5
5
5
5
5
5
5
5
5
5
5
5
5
5
5
5
5
5
5
5
5
5
5
5
5
5
5
5
5
5
5
5
5
5
5
5
5
5
5
5
5
5
5
5
5
5
5
5
5
5
5
5
5
5
5
5
5
5
5
5
5
5
5
5
5
5
5
5
5
5
5
5
5
5
5
5
5
5
5
5
5
5
5
5
5
5
5
5
5
5
5
5
5
5
5
5
5
5
5
5
5
5
5
5
5
5
5
5
5
5
5
5
5
5
5
5
5
5
5
5
5
5
5
5
5
5
5
5
5
5
5
5
5
5
5
5
5
5
5
5
5
5
5
5
5
5
5
5
5
5
5
5
5
5
5
5
5
5
5
5
5
5
5
5
5
5
5
5
5
5
5
5
5
5
5
5
5
5
5
5
5
5
5
5
5
5
5
5
5
5
5
5
5
5
5
5
5
5
5
5
5
5
5
5
5
5
5
5
5
5
5
5
5
5
5
5
5
5
5
5
5
5
5
5
5
5
5
5
5
5
5
5
5
5
5
5
5
5
5
5
5
5
5
5
5
5
5
5
5
5
5
5
5
5
5
5
5
5
5
5
5
5
5
5
5
5
5
5
5
5
5
5
5
5
5
5
5
5
5
5
5
5
5
5
5
5
5
5
5
5
5
5
5
5
5
5
5
5
5
5
5
5
5
5
5
5
5
5
5
5
5
5
5
5
5
5
5
5
5
5
5
5
5
5
5
5
5
5
5
5
5
5
5
5
5
5
5
5
5
5
5
5
5
5
5
5
5
5
5
5
5
5
5
5
5
5
5
5
5
5
5
5
5
5
5
5
5
5
5
5
5
5
5
5
5
5
5
5
5
5
5
5
5
5
5
5
5
5
5
5
5
5
5
5
5
5
5
5
5
5
5
5
5
5
5
5
5
5
5
5
5
5
5
5
5
5
5
5
5
5
5
5
5
5
5
5
5
5
5
5
5
5
5
5
5
5
5
5
5
5
5
5
5
5
5
5
5
5
5
5
5
5
5
5
5
5
5
5
5
5
5
5
5
5
5
5
5
5
5
5
5
5
5
5
5
5
5
5
5
5
5
5
5
5
5
5
5
5
5
5
5
5
5
5
5
5
5
5
5
5
5
5
5
5
5
5
5
5
5
5
5
5
5
5
5
5
5
5
5
5
5
5
5
5
5
5
5
5
5
5
5
5
5
5
5
5
5
5
5
5
5
5
5
5
5
5
5
5
5
5
5
5
5
5
5
5
5
5
5
5
5
5
5
5
5
5
5
5
5
5
5
5
5
5
5
5
5
5
5
5
5
5
5
5
5
5
5
5
5
5
5
5
5
5
5
5
5
5
5
5
5
5
5
5
5
5
5
5
5
5
5
5
5
5
5
5
5
5
5
5
5
5
5
5
5
5
5
5
5
5
5
5
5
5
5
5
5
5
5
5
5
5
5
5
5
5
5
5
5
5
5
5
5
5
5
5
5
5
5
5
5
5
5
5
5
5
5
5
5
5
5
5
5
5
5
5
5
5
5
5
5
5
5
5
5
5
5
5
5
5
5
5
5
5
5
5
5
5
5
5
5
5
5
5
5
5
5
5
5
5
5
5
5
5
5
5
5
5
5
5
5
5
5
5
5
5
5
5
5
5
5
5
5
5
5
5
5
5
5
5
5
5
5
5
5
5
5
5
5
5
5
5
5
5
5
5
5
5
5
5
5
5
5
5
5
5
5
5
5
5
5
5
5
5
5
5
5
5
5
5
5
5
5
5
5
5
5
5
5
5
5
5
5
5
5
5
5
5
5
5
5
5
5
5
5
5
5
5
5
5
5
5
5
5
5
5
5
5
5
5
5
5
5
5
5
5
5
5
5
5
5
5
5
5
5
5
5
5
5
5
5
5
5
5
5
5
5
5
5
5
5
5
5
5
5
5
5
5
5
5
5
5
5
5
5
5
5
5
5
5
5
5
5
5
5
5
5
5
5
5
5
5
5
5
5
5
5
5
5
5
5
5
5
5
5
5
5
5
5
5
5
5
5
5
5
5
5
5
5
5
5
5
5
5
5
5
5
5
5
5
5
5
5
5
5
5
5
5
5
5
5
5
5
5
5
5
5
5
5
5
5
5
5
5
5
5
5
5
5
5
5
5
5
5
5
5
5
5
5
5
5
5
5
5
5
5
5
5
5
5
5
5
5
5
5
5
5
5
5
5
5
5
5
5
5
5
5
5
5
5
5
5
5
5
5
5
5
5
5
5
5
5
5
5
5
5
5
5
5
5
5
5
5
5
5
5
5
5
5
5
5
5
5
5
5
5
5
5
5
5
5
5
5
5
5
5
5
5
5
5
5
5
5
5
5
5
5
5
5
5
5
5
5
5
5
5
5
5
5
5
5
5
5
5
5
5
5
5
5
5
5
5
5
5
5
5
5
5
5
5
5
5
5
5
5
5
5
5
5
5
5
5
5
5
5
5
5
5
5
5
5
5
5
5
5
5
5
5
5
5
5
5
5
5
5
5
5
5
5
5
5
5
5
5
5
5
5
5
5
5
5
5
5
5
5
5
5
5
5
5
5
5
5
5
5
5
5
5
5
5
5
5
5
5
5
5
5
5
5
5
5
5
5
5
5
5
5
5
5
5
5
5
5
5
5
5
5
5
5
5
5
5
5
5
5
5
5
5
5
5
5
5
5
5
5
5
5
5
5
5
5
5
5
5
5
5
5
5
5
5
5
5
5
5
5
5
5
5
5
5
5
5
5
5
5
5
5
5
5
5
5
5
5
5
5
5
5
5
5
5
5
5
5
5
5
5
5
5
5
5
5
5
5
5
5
5
5
5
5
5
5
5
5
5
5
5
5
5
5
5
5
5
5
5
5
5
5
5
5
5
5
5
5
5
5
5
5
5
5
5
5
5
5
5
5
5
5
5
5
5
5
5
5
5
5
5
5
5
5
5
5
5
5
5
5
5
5
5
5
5
5
5
5
5
5
5
5
5
5
5
5
5
5
5
5
5
5
5
5
5
5
5
5
5
5
5
5
5
5
5
5
5
5
5
5
5
5
5
5
5
5
5
5
5
5
5
5
5
5
5
5
5
5
5
5
5
5
5
5
5
5
5
5
5
5
5
5
5
5
5
5
5
5
5
5
5
5
5
5
5
5
5
5
5
5
5
5
5
5
5
5
5
5
5
5
5
5
5
5
5
5
5
5
5
5
5
5
5
5
5
5
5
5
5
5
5
5
5
5
5
5
5
5
5
5
5
5
5
5
5
5
5
5
5
5
5
5
5
5
5
5
5
5
5
5
5
5
5
5
5
5
5
5
5
5
5
5
5
5
5
5
5
5
5
5
5
5
5
5
5
5
5
5
5
5
5
5
5
5
5
5
5
5
5
5
5
5
5
5
5
5
5
5
5
5
5
5
5
5
5
5
5
5
5
5
5
5
5
5
5
5
5
5
5
5
5
5
5
5
5
5
5
5
5
5
5
5
5
5
5
5
5
5
5
5
5
5
5
5
5
5
5
5
5
5
5
5
5
5
5
5
5
5
5
5
5
5
5
5
5
5
5
5
5
5
5
5
5
5
5
5
5
5
5
5
5
5
5
5
5
5
5
5
5
5
5
5
5
5
5
5
5
5
5
5
5
5
5
5
5
5
5
5
5
5
5
5
5
5
5
5
5
5
5
5
5
5
5
5
5
5
5
5
5
5
5
5
5
5
5
5
5
5
5
5
5
5
5
5
5
5
5
5
5
10
10
10
10
10
10
10
10
10
10
10
10
10
10
10
10
10
10
10
10
10
10
10
10
10
10
10
10
10
10
10
10
10
10
10
10
10
10
10
10
10
10
10
10
10
10
10
10
10
10
10
10
10
10
10
10
10
10
10
10
10
10
10
10
10
10
10
10
10
10
10
10
10
10
10
10
10
10
10
10
10
10
10
10
10
10
10
10
10
10
10
10
10
10
10
10
10
10
10
10
10
10
10
10
10
10
10
10
10
10
10
10
10
10
10
10
10
10
10
10
10
10
10
10
10
10
10
10
10
10
10
10
10
10
10
10
10
10
10
10
10
10
10
10
10
10
10
10
10
10
10
10
10
10
10
10
10
10
10
10
10
10
10
10
10
10
10
10
10
10
10
10
10
10
10
10
10
10
10
10
10
10
10
10
10
10
10
10
10
10
10
10
10
10
10
10
10
10
10
10
10
10
10
10
10
10
10
10
10
10
10
10
10
10
10
10
10
10
10
10
10
10
10
10
10
10
10
10
10
10
10
10
10
10
10
10
10
10
10
10
10
10
10
10
10
10
10
10
10
10
10
10
10
10
10
10
10
10
10
10
10
10
10
10
10
10
10
10
10
10
10
10
10
10
10
10
10
10
10
10
10
10
10
10
10
10
10
10
10
10
10
10
10
10
10
10
10
10
10
10
10
10
10
10
10
10
10
10
10
10
10
10
10
10
10
10
10
10
10
10
10
10
10
10
10
10
10
10
10
10
10
10
10
10
10
10
10
10
10
10
10
10
10
10
10
10
10
10
10
10
10
10
10
10
10
10
10
10
10
10
10
10
10
10
10
10
10
10
10
10
10
10
10
10
10
10
10
10
10
10
10
10
10
10
10
10
10
10
10
10
10
10
10
10
10
10
10
10
10
10
10
10
10
10
10
10
10
10
10
10
10
10
10
10
10
10
10
10
10
10
10
10
10
10
10
10
10
10
10
10
10
10
10
10
10
10
10
10
10
10
10
10
10
10
10
10
10
10
10
10
10
10
10
10
10
10
10
10
10
10
10
10
10
10
10
10
10
10
10
10
10
10
10
10
10
10
10
10
10
10
10
10
10
10
10
10
10
10
10
10
10
10
10
10
10
10
10
10
10
10
10
10
10
10
10
10
10
10
10
10
10
10
10
10
10
10
10
10
10
10
10
10
10
10
10
10
10
10
10
10
10
10
10
10
10
10
10
10
10
10
10
10
10
10
10
10
10
10
10
10
10
10
10
10
10
10
10
10
10
10
10
10
10
10
10
10
10
10
10
10
10
10
10
10
10
10
10
10
10
10
10
10
10
10
10
10
10
10
10
10
10
10
10
10
10
10
10
10
10
10
10
10
10
10
10
10
10
10
10
10
10
10
10
10
10
10
10
10
10
10
10
10
10
10
10
10
10
10
10
10
10
10
10
10
10
10
10
10
10
10
10
10
10
10
10
10
10
10
10
10
10
10
10
10
10
10
10
10
10
10
10
10
10
10
10
10
10
10
10
10
10
10
10
10
10
10
10
10
10
10
10
10
10
10
10
10
10
10
10
10
10
10
10
10
10
10
10
10
10
10
10
10
10
10
10
10
10
10
10
10
10
10
10
10
10
10
10
10
10
10
10
10
10
10
10
10
10
10
10
10
10
10
10
10
10
10
10
10
10
10
10
10
10
10
10
10
10
10
10
10
10
10
10
10
10
10
10
10
10
10
10
10
10
10
10
10
10
10
10
10
10
10
10
10
10
10
10
10
10
10
10
10
10
10
10
10
10
10
10
10
10
10
10
10
10
10
10
10
10
10
10
10
10
10
10
10
10
10
10
10
10
10
10
10
10
10
10
10
10
10
10
10
10
10
10
10
10
10
10
10
10
10
10
10
10
10
10
10
10
10
10
10
10
10
10
10
10
10
10
10
10
10
10
10
10
10
10
10
10
10
10
10
10
10
10
10
10
10
10
10
10
10
10
10
10
10
10
10
10
10
10
10
10
10
10
10
10
10
10
10
10
10
10
10
10
10
10
10
10
10
10
10
10
10
10
10
10
10
10
10
10
10
10
10
10
10
10
10
10
10
10
10
10
10
10
10
10
10
10
10
10
10
10
10
10
10
10
10
10
10
10
10
10
10
10
10
10
10
10
10
10
10
10
10
10
10
10
10
10
10
10
10
10
10
10
10
10
10
10
10
10
10
10
10
10
10
10
10
10
10
10
10
10
10
10
10
10
10
10
10
10
10
10
10
10
10
10
10
10
10
10
10
10
10
10
10
10
10
10
10
10
10
10
10
10
10
10
10
10
10
10
10
10
10
10
10
10
10
10
10
10
10
10
10
10
10
10
10
10
10
10
10
10
10
10
10
10
10
10
10
10
10
10
10
10
10
10
10
10
10
10
10
10
10
10
10
10
10
10
10
10
10
10
10
10
10
10
10
10
10
10
10
10
10
10
10
10
10
10
10
10
10
10
10
10
10
10
10
10
10
10
10
10
10
10
10
10
10
10
10
10
10
10
10
10
10
10
10
10
10
10
10
10
10
10
10
10
10
10
10
10
10
10
10
10
10
10
10
10
10
10
10
10
10
10
10
10
10
10
10
10
10
10
10
10
10
10
10
10
10
10
10
10
10
10
10
10
10
10
10
10
10
10
10
10
10
10
10
10
10
10
10
10
10
10
10
10
10
10
10
10
10
10
10
10
10
10
10
10
10
10
10
10
10
10
10
10
10
10
10
10
10
10
10
10
10
10
10
10
10
10
10
10
10
10
10
10
10
10
10
10
10
10
10
10
10
10
10
10
10
10
10
10
10
10
10
10
10
10
10
10
10
10
10
10
10
10
10
10
10
10
10
10
10
10
10
10
10
10
10
10
10
10
10
10
10
10
10
10
10
10
10
10
10
10
10
10
10
10
10
10
10
10
10
10
10
10
10
10
10
10
10
10
10
10
10
10
10
10
10
10
10
10
10
10
10
10
10
10
10
10
10
10
10
10
10
10
10
10
10
10
10
10
10
10
10
10
10
10
10
10
10
10
10
10
10
10
10
10
10
10
10
10
10
10
10
10
10
10
10
10
10
10
10
10
10
10
10
10
10
10
10
10
10
10
10
10
10
10
10
10
10
10
10
10
10
10
10
10
10
10
10
10
10
10
10
10
10
10
10
10
10
10
10
10
10
10
10
10
10
10
10
10
10
10
10
10
10
10
10
10
10
10
10
10
10
10
10
10
10
10
10
10
10
10
10
10
10
10
10
10
10
10
10
10
10
10
10
10
10
10
10
10
10
10
10
10
10
10
10
10
10
10
10
10
10
10
10
10
10
10
10
10
10
10
10
10
10
10
10
10
10
10
10
10
10
10
10
10
10
10
10
10
10
10
10
10
10
10
10
10
10
10
10
10
10
10
10
10
10
10
10
10
10
10
10
10
10
10
10
10
10
10
10
10
10
10
10
10
10
10
10
10
10
10
10
10
10
10
10
10
10
10
10
10
10
10
10
10
10
10
10
10
10
10
10
10
10
10
10
10
10
10
10
10
10
10
10
10
10
10
10
10
10
10
10
10
10
10
10
10
10
10
10
10
10
10
10
10
10
10
10
10
10
10
10
10
10
10
10
10
10
10
10
10
10
10
10
10
10
10
10
10
10
10
10
10
10
10
10
10
10
10
10
10
10
10
10
10
10
10
10
10
10
10
10
10
10
10
10
10
10
10
10
10
10
10
10
10
10
10
10
10
10
10
10
10
10
10
10
10
10
10
10
10
10
10
10
10
10
10
10
10
10
10
10
10
10
10
10
10
10
10
10
10
10
10
10
10
10
10
10
10
10
10
10
10
10
10
10
10
10
10
10
10
10
10
10
10
10
10
10
10
10
10
10
10
10
10
10
10
10
10
10
10
10
10
10
10
10
10
10
10
10
10
10
10
10
10
10
10
10
10
10
10
10
10
10
10
10
10
10
10
10
10
10
10
10
10
10
10
10
10
10
10
10
10
10
10
10
10
10
10
10
10
10
10
10
10
10
10
10
10
10
10
10
10
10
10
10
10
10
10
10
10
10
10
10
10
10
10
10
10
10
10
10
10
10
10
10
10
10
10
10
10
10
10
10
10
10
10
10
10
10
10
10
10
10
10
10
10
10
10
10
10
10
10
10
10
10
10
10
10
10
10
10
10
10
10
10
10
10
10
10
10
10
10
10
10
10
10
10
10
10
10
10
10
10
10
10
10
10
10
10
10
10
10
10
10
10
10
10
10
10
10
10
10
10
10
10
10
10
10
10
10
10
10
10
10
10
10
10
10
10
10
10
10
10
10
10
10
10
10
10
10
10
10
10
10
10
10
10
10
10
10
10
10
10
10
10
10
10
10
10
10
10
10
10
10
10
10
10
10
10
10
10
10
10
10
10
10
10
10
10
10
10
10
10
10
10
10
10
10
10
10
10
10
10
10
10
10
10
10
10
10
10
10
10
10
10
10
10
10
10
10
10
10
10
10
10
10
10
10
10
10
10
10
10
10
10
10
10
10
10
10
10
10
10
10
10
10
10
10
10
10
10
10
10
10
10
10
10
10
10
10
10
10
10
10
10
10
10
10
10
10
10
10
10
10
10
10
10
10
10
10
10
10
10
10
10
10
10
10
10
10
10
10
10
10
10
10
10
10
10
10
10
10
10
10
10
10
10
10
10
10
10
10
10
10
10
10
10
10
10
10
10
10
10
10
10
10
10
10
10
10
10
10
10
10
10
10
10
10
10
10
10
10
10
10
10
10
10
10
10
10
10
10
10
10
10
10
10
10
10
10
10
10
10
10
10
10
10
10
10
10
10
10
10
10
10
10
10
10
10
10
10
10
10
10
10
10
10
10
10
10
10
10
10
10
10
10
10
10
10
10
10
10
10
10
10
10
10
10
10
10
10
10
10
10
10
10
10
10
10
10
10
10
10
10
10
10
10
10
10
10
10
10
10
10
10
10
10
10
10
10
10
10
10
10
10
10
10
10
10
10
10
10
10
10
10
10
10
10
10
10
10
10
10
10
10
10
10
10
10
10
10
10
10
10
10
10
10
10
10
10
10
10
10
10
10
10
10
10
10
10
10
10
10
10
10
10
10
10
10
10
10
10
10
10
10
10
10
10
10
10
10
10
10
10
10
10
10
10
10
10
10
10
10
10
10
10
10
10
10
10
10
10
10
10
10
10
10
10
10
10
10
10
10
10
10
10
10
10
10
10
10
10
10
10
10
10
10
10
10
10
10
10
10
10
10
10
10
10
10
10
10
10
10
10
10
10
10
10
10
10
10
10
10
10
10
10
10
10
10
10
10
10
10
10
10
10
10
10
10
10
10
10
10
10
10
10
10
10
10
10
10
10
10
10
10
10
10
10
10
10
10
10
10
10
10
10
10
10
10
10
10
10
10
10
10
10
10
10
10
10
10
10
10
10
10
10
10
10
10
10
10
10
10
10
10
10
10
10
10
10
10
10
10
10
10
10
10
10
10
10
10
10
10
10
10
10
10
10
10
10
10
10
10
10
10
10
10
10
10
10
10
10
10
10
10
10
10
10
10
10
10
10
10
10
10
10
10
10
10
10
10
10
10
10
10
10
10
10
10
10
10
10
10
10
10
10
10
10
10
10
10
10
10
10
10
10
10
10
10
10
10
10
10
10
10
10
10
10
10
10
10
10
10
10
10
10
10
10
10
10
10
10
10
10
10
10
10
10
10
10
10
10
10
10
10
10
10
10
10
10
10
10
10
10
10
10
10
10
10
10
10
10
10
10
10
10
10
10
10
10
10
10
10
10
10
10
10
10
10
10
10
10
10
10
10
10
10
10
10
10
10
10
10
10
10
10
10
10
10
10
10
10
10
10
10
10
10
10
10
10
10
10
10
10
10
10
10
10
10
10
10
10
10
10
10
10
10
10
10
10
10
10
10
10
10
10
10
10
10
10
10
10
10
10
10
10
10
10
10
10
10
10
10
10
10
10
10
10
10
10
10
10
10
10
10
10
10
10
10
10
10
10
10
10
10
10
10
10
10
10
10
10
10
10
10
10
10
10
10
10
10
10
10
10
10
10
10
10
10
10
10
10
10
10
10
10
10
10
10
10
10
10
10
10
10
10
10
10
10
10
10
10
10
10
10
10
10
10
10
10
10
10
10
10
10
10
10
10
10
10
10
10
10
10
10
10
10
10
10
10
10
10
10
10
10
10
10
10
10
10
10
10
10
10
10
10
10
10
10
10
10
10
10
10
10
10
10
10
10
10
10
10
10
10
10
10
10
10
10
10
10
10
10
10
10
10
10
10
10
10
10
10
10
10
10
10
10
10
10
10
10
10
10
10
10
10
10
10
10
10
10
10
10
10
10
10
10
10
10
10
10
10
10
10
10
10
10
10
10
10
10
10
10
10
10
10
10
10
10
10
10
10
10
10
10
10
10
10
10
10
10
10
10
10
10
10
10
10
10
10
10
10
10
10
10
10
10
10
10
10
10
10
10
10
10
10
10
10
10
10
10
10
10
10
10
10
10
10
10
10
10
10
10
10
10
10
10
10
10
10
10
10
10
10
10
10
10
10
10
10
10
10
10
10
10
10
10
10
10
10
10
10
10
10
10
10
10
10
10
10
10
10
10
10
10
10
10
10
10
10
10
10
10
10
10
10
10
10
10
10
10
10
10
10
10
10
10
10
10
10
10
10
10
10
10
10
10
10
10
10
10
10
10
10
10
10
10
10
10
10
10
10
10
10
10
10
10
10
10
10
10
10
10
10
10
10
10
10
10
10
10
10
10
10
10
10
10
10
10
10
10
10
10
10
10
10
10
10
10
10
10
10
10
10
10
10
10
10
10
10
10
10
10
10
10
10
10
10
10
10
10
10
10
10
10
10
10
10
10
10
10
10
10
10
10
10
10
10
10
10
10
10
10
10
10
10
10
10
10
10
10
10
10
10
10
10
10
10
10
10
10
10
10
10
10
10
10
10
10
10
10
10
10
10
10
10
10
10
10
10
10
10
10
10
10
10
10
10
10
10
10
10
10
10
10
10
10
10
10
10
10
10
10
10
10
10
10
10
10
10
10
10
10
10
10
10
10
10
10
10
10
10
10
10
10
10
10
10
10
10
10
10
10
10
10
10
10
10
10
10
10
10
10
10
10
10
10
10
10
10
10
10
10
10
10
10
10
10
10
10
10
10
10
10
10
10
10
10
10
10
10
10
10
10
10
10
10
10
10
10
10
10
10
10
10
10
10
10
10
10
10
10
10
10
10
10
10
10
10
10
10
10
10
10
10
10
10
10
10
10
10
10
10
10
10
10
10
10
10
10
10
10
10
10
10
10
10
10
10
10
10
10
10
10
10
10
10
10
10
10
10
10
10
10
10
10
10
10
10
10
10
10
10
10
10
10
10
10
10
10
10
10
10
10
10
10
10
10
10
10
10
10
10
10
10
10
10
10
10
10
10
10
10
10
10
10
10
10
10
10
10
10
10
10
10
10
10
10
10
10
10
10
10
10
10
10
10
10
10
10
10
10
10
10
10
10
10
10
10
10
10
10
10
10
10
10
10
10
10
10
10
10
10
10
10
10
10
10
10
10
10
10
10
10
10
10
10
10
10
10
10
10
10
10
10
10
10
10
10
10
10
10
10
10
10
10
10
10
10
10
10
10
10
10
10
10
10
10
10
10
10
10
10
10
10
10
10
10
10
10
10
10
10
10
10
10
10
10
10
10
10
10
10
10
10
10
10
10
10
10
10
10
10
10
10
10
10
10
10
10
10
10
10
10
10
10
10
10
10
10
10
10
10
10
10
10
10
10
10
10
10
10
10
10
10
10
10
10
10
10
10
10
10
10
10
10
10
10
10
10
10
10
10
10
10
10
10
10
10
10
10
10
10
10
10
10
10
10
10
10
10
10
10
10
10
10
10
10
10
10
10
10
10
10
10
10
10
10
10
10
10
10
10
10
10
10
10
10
10
10
10
10
10
10
10
10
10
10
10
10
10
10
10
10
10
10
10
10
10
10
10
10
10
10
10
10
10
10
10
10
10
10
10
10
10
10
10
10
10
10
10
10
10
10
10
10
10
10
10
10
10
10
10
10
10
10
10
10
10
10
10
10
10
10
10
10
10
10
10
10
10
10
10
10
10
10
10
10
10
10
10
10
10
10
10
10
10
10
10
10
10
10
10
10
10
10
10
10
10
10
10
10
10
10
10
10
10
10
10
10
10
10
10
10
10
10
10
10
10
10
10
10
10
10
10
10
10
10
10
10
10
10
10
10
10
10
10
10
10
10
10
10
10
10
10
10
10
10
10
10
10
10
10
10
10
10
10
10
10
10
10
10
10
10
10
10
10
10
10
10
10
10
10
10
10
10
10
10
10
10
10
10
10
10
10
10
10
10
10
10
10
10
10
10
10
10
10
10
10
10
10
10
10
10
10
10
10
10
10
10
10
10
10
10
10
10
10
10
10
10
10
10
10
10
10
10
10
10
10
10
10
10
10
10
10
10
10
10
10
10
10
10
10
10
10
10
10
10
10
10
10
10
10
10
10
10
10
10
10
10
10
10
10
10
10
10
10
10
10
10
10
10
10
10
10
10
10
10
10
10
10
10
10
10
10
10
10
10
10
10
10
10
10
10
10
10
10
10
10
10
10
10
10
10
10
10
10
10
10
10
10
10
10
10
10
10
10
10
10
10
10
10
10
10
10
10
10
10
10
10
10
10
10
10
10
10
10
10
10
10
10
10
10
10
10
10
10
10
10
10
10
10
10
10
10
10
10
10
10
10
10
10
10
10
10
10
10
10
10
10
10
10
10
10
10
10
10
10
10
10
10
10
10
10
10
10
10
10
10
10
10
10
10
10
10
10
10
10
10
10
10
10
10
10
10
10
10
10
10
10
10
10
10
10
10
10
10
10
10
10
10
10
10
10
10
10
10
10
10
10
10
10
10
10
10
10
10
10
10
10
10
10
10
10
10
10
10
10
10
10
10
10
10
10
10
10
10
10
10
10
10
10
10
10
10
10
10
10
10
10
10
10
10
10
10
10
10
10
10
10
10
10
10
10
10
10
10
10
10
10
10
10
10
10
10
10
10
10
10
10
10
10
10
10
10
10
10
10
10
10
10
10
10
10
10
10
10
10
10
10
10
10
10
10
10
10
10
10
10
10
10
10
10
10
10
10
10
10
10
10
10
10
10
10
10
10
10
10
10
10
10
10
10
10
10
10
10
10
10
10
10
10
10
10
10
10
10
10
10
10
10
10
10
10
10
10
10
10
10
10
10
10
10
10
10
10
10
10
10
10
10
10
10
10
10
10
10
10
10
10
10
10
10
10
10
10
10
10
10
10
10
10
10
10
10
10
10
10
10
10
10
10
10
10
10
10
10
10
10
10
10
10
10
10
10
10
10
10
10
10
10
10
10
10
10
10
10
10
10
10
10
10
10
10
10
10
10
10
10
10
10
10
10
10
10
10
10
10
10
10
10
10
10
10
10
10
10
10
10
10
10
10
10
10
10
10
10
10
10
10
10
10
10
10
10
10
10
10
10
10
10
10
10
10
10
10
10
10
10
10
10
10
10
10
10
10
10
10
10
10
10
10
10
10
10
10
10
10
10
10
10
10
10
10
10
10
10
10
10
10
10
10
10
10
10
10
10
10
10
10
10
10
10
10
10
10
10
10
10
10
10
10
10
10
10
10
10
10
10
10
10
10
10
10
10
10
10
10
10
10
10
10
10
10
10
10
10
10
10
10
