# vtk DataFile Version 2.0
tdcr_trunk_reduced, Created by Gmsh 4.12.1 
ASCII
DATASET UNSTRUCTURED_GRID
POINTS 1868 double
11.949125289917 48.098583221436 30.654172897339
12.147423744202 55.39136505127 30.334428787231
14.240859031677 54.796272277832 32.633541107178
15.052138328552 47.039009094238 33.746620178223
17.114938735962 54.06995010376 34.590999603271
18.153726577759 46.512783050537 35.361713409424
21.161659240723 53.512722015381 35.749900817871
22.195907592773 39.25133895874 36.553924560547
30.657934188843 47.176624298096 33.366710662842
26.741275787354 46.518589019775 35.381126403809
27.596055984497 54.020389556885 34.720279693604
30.759433746338 54.797142028809 32.602214813232
32.824172973633 55.393737792969 30.334228515625
34.204360961914 48.66414642334 28.54504776001
34.342834472656 55.789520263672 27.159114837646
35.174388885498 49.234683990479 25.054183959961
34.784908294678 63.276187896729 22.877973556519
29.895999908447 25.494747161865 34.980442047119
26.746482849121 25.046304702759 36.407554626465
26.482057571411 34.038696289062 36.089992523193
30.431760787964 34.868881225586 34.151947021484
34.246604919434 26.941476821899 30.757394790649
33.868495941162 35.886157989502 30.376916885376
35.269886016846 36.225540161133 27.236356735229
36.214473724365 28.073335647583 24.974586486816
25.564277648926 17.003894805908 37.122127532959
20.739719390869 244.59768676757 26.622161865234
23.607852935791 244.49548339843 26.925457000732
21.301349639893 237.59536743164 27.187856674194
20.646524429321 240.98706054687 26.738939285278
23.288974761963 152.07012939453 31.219884872437
26.450283050537 152.47021484375 30.268848419189
25.847320556641 147.20550537109 30.799087524414
22.30898475647 141.86766052246 31.791496276855
30.336767196655 140.06408691406 26.955965042114
31.485460281372 134.35403442382 23.300624847412
30.638780593872 133.88734436035 26.855133056641
28.376955032349 132.98233032226 30.015535354614
26.753528594971 139.06077575683 30.813140869141
26.496263504028 132.46980285644 31.285255432129
23.490690231323 138.62715148925 31.814151763916
22.307056427002 126.89691925048 32.480812072754
8.844599723816 28.016427993774 25.509971618652
8.749542236328001 28.073289871216 21.286785125732
9.39252281189 44.237087249756 21.847032546997
9.858735084534 44.462833404541 26.565273284912
9.696013450622999 36.225986480713 27.24174118042
10.71116065979 26.935596466064 30.748092651367
11.093721389771 35.886417388916 30.373832702637
14.531913757324 34.875164031982 34.147457122803
11.904027938843 36.950923919678 31.609716415405
11.644344329834 45.212299346924 30.442031860352
15.049272537231 46.131916046143 33.820915222168
17.157716751099 38.56420135498 35.399318695068
9.695714950562 36.22594833374 19.019786834717
19.021663665771 244.96879577636 24.836088180542
18.397832870483 241.66207885742 23.136587142944
18.856117248535 248.20495605468 24.206098556519
19.418140411377 241.26531982421 25.786317825317
19.972909927368 245.22985839843 26.077816009521
20.786117553711 248.64993286132 26.410888671875
22.146625518799 245.57426452636 26.976535797119
19.448722839355 248.95718383789 20.949554443359
20.572570800781 248.63896179199 19.937311172485
21.249507904053 252.00006103515 19.762405395508
19.220546722412 252.00016784668 21.667379379272
18.824516296387 249.2061920166 23.051000595093
19.050996780396 252 24.054088592529
19.416851043701 248.96479797363 25.277967453003
20.733003616333 252.00019836425 26.296915054321
19.034656524658 248.26130676269 21.785144805908
19.037588119507 244.96423339843 21.379800796509
18.491012573242 228.99546813964 25.493759155273
17.701728820801 225.27236938476 22.264114379883
17.973838806152 232.6862335205 23.12385559082
18.123523712158 225.08720397949 25.048238754272
19.426692962646 228.71008300781 26.62652015686
20.016387939453 224.47053527832 27.306520462036
19.121088027954 233.06423950195 26.032321929932
21.200624465942 229.68342590332 27.543163299561
20.896551132202 233.31593322753 27.20659828186
18.214406967163 228.978515625 21.484663009644
19.704084396362 236.7269744873 19.887758255005
18.916736602783 236.99917602539 20.717376708984
18.262378692627 233.98304748535 21.903676986694
20.217638015747 233.33084106445 19.316139221191
22.488527297974 236.36764526367 18.796586990356
18.81981086731 240.59126281738 21.315752029419
19.523548126221 211.40156555175 27.637075424194
19.812826156616 215.60581970214 27.667490005493
22.03231048584 211.80892944335 28.548763275146
18.467321395874 215.24732971191 26.559900283813
17.722024917603 210.83114624023 25.841201782227
17.331464767456 214.851272583 24.1048412323
16.821472167969 206.71168518066 22.684825897217
17.599714279175 214.96177673339 21.038858413696
17.332490921021 206.46185302734 25.388069152832
18.831176757812 205.92840576171 27.47936630249
20.280113220215 210.19909667968 28.116807937622
17.738018035889 210.84272766113 20.37610244751
20.104700088501 201.34051513671 28.484603881836
19.900812149048 205.6604309082 28.209466934204
22.408065795898 201.59928894043 29.006868362427
18.249240875244 200.8650817871 27.215400695801
17.730123519897 205.16520690918 26.236112594604
17.01880645752 200.51867675781 25.446296691895
16.769010543823 204.80618286132 23.757856369019
16.268106460571 185.37376403808 25.427206039429
15.909049034119 185.56730651855 22.540670394897
16.266590118408 194.78239440918 22.991035461426
16.612783432007 190.18063354492 25.633047103882
18.170413970947 189.76383972168 28.051912307739
18.168037414551 184.65246582031 28.207471847534
16.911054611206 195.03733825683 25.751668930054
18.735740661621 190.85249328613 28.342325210571
19.544187545776 195.75772094726 28.56130027771
22.494028091431 191.41230773925 29.50897026062
16.691230773926 190.19091796875 20.404056549072
16.312915802002 173.79551696777 19.522375106812
15.978512763977 178.45124816894 20.839361190796
15.387223243713 174.25573730468 22.503602981567
17.062887191772 178.19247436523 18.778482437134
19.312566757202 172.89701843261 16.661226272583
19.794185638428 177.56269836425 16.681392669678
15.728393554688 183.23326110839 22.978601455688
14.571367263794 118.87160491943 17.527666091919
13.919679641724 124.93708801269 19.180559158325
12.894248008728 119.72240447998 21.764389038086
15.640753746033 124.39865112304 16.49116897583
18.383981704712 117.74919128418 14.268548965454
20.232955932617 123.40573883056 13.879754066467
13.525075912476 130.9945526123 21.563934326172
32.572509765625 103.16873931884 26.035779953003
32.06116104126 116.1397857666 20.801776885986
32.558933258057 103.16857147216 20.420169830322
32.115745544434 116.1079711914 24.814178466797
31.641860961914 109.76305389404 27.491310119629
30.834114074707 116.6662826538 28.250118255615
30.947868347168 110.09981536865 28.571594238281
27.841157913208 111.11598968505 31.692302703857
28.141429901123 117.42776489257 31.040874481201
26.586357116699 117.74966430664 31.987789154053
23.453367233276 111.88356781005 33.100616455078
28.970945358276 101.64488983154 31.398868560791
31.679786682129 109.79615783691 18.878957748413
25.736511230469 154.6468963623 30.454032897949
22.323343276978 155.03530883789 31.170902252197
25.085996627808 160.0489654541 30.422382354736
27.379467010498 159.75018310546 29.206506729126
28.625070571899 153.84078979492 28.40357208252
30.082481384277 158.87255859375 25.464929580688
30.207361221313 153.39585876464 25.465711593628
25.470857620239 167.8603515625 29.906221389771
22.322387695312 168.20919799804 30.559223175049
25.660448074341 172.8949432373 29.595495223999
28.161373138428 167.12411499023 27.996675491333
28.428045272827 172.2799835205 27.300848007202
29.49949836731 166.72398376464 25.590602874756
29.8180809021 171.73278808593 22.818235397339
30.216625213623 161.60673522949 23.285739898682
29.527584075928 161.23638916015 26.259843826294
28.331893920898 166.43955993652 27.813482284546
27.550682067871 160.46878051757 29.043163299561
25.735218048096 165.814453125 29.90552520752
22.311153411865 165.47555541992 30.711574554443
29.255931854248 166.7368774414 19.93775177002
25.49231338501 184.32545471191 29.100814819336
22.336700439453 189.15908813476 29.607912063599
25.232164382935 189.43235778808 28.930917739868
27.470640182495 189.94581604003 27.148523330688
28.193658828735 185.14486694335 26.479543685913
28.25403213501 190.19366455078 25.90256690979
29.05509185791 185.56742858886 23.720163345337
28.34354019165 194.9306640625 25.21298789978
25.79524230957 190.9496307373 28.564727783203
25.441028594971 195.759475708 28.551137924194
28.984844207764 178.45118713378 25.424123764038
27.765453338623 178.81295776367 27.620441436768
28.738128662109 183.4536743164 25.786636352539
29.57696723938 174.25575256347 23.756982803345
28.549119949341 194.84678649902 21.998344421387
28.696050643921 185.37380981445 20.833566665649
28.256843566895 190.19552612304 20.377346038818
26.758647918701 184.64216613769 18.015542984009
25.845615386963 189.56130981445 17.664867401123
25.760713577271 184.29034423828 17.258262634277
20.088689804077 179.57112121582 16.665857315063
23.113143920898 179.77546691894 16.29054069519
22.627542495728 189.15908813476 16.652816772461
19.630701065063 184.32844543457 17.103469848633
17.157255172729 178.80151367187 18.681312561035
16.783561706543 183.65734863281 19.622928619385
28.70521736145 178.46513366699 20.014089584351
28.932367324829 183.36749267578 21.039569854736
25.979496002197 179.32751464843 17.19402885437
28.999786376953 173.93962097168 20.031635284424
25.700992584229 172.89952087402 16.678758621216
26.557306289673 177.87417602539 17.518161773682
23.706857681274 177.36167907714 16.18955039978
22.641885757446 168.20922851562 15.701516151428
24.875560760498 179.57106018066 29.594879150391
27.017845153809 195.39595031738 18.833829879761
26.443685531616 190.79455566406 18.037000656128
25.118547439575 195.74807739257 17.58028793335
22.470073699951 191.41230773925 16.751762390137
24.858428955078 201.34075927734 17.775634765625
24.914836883545 205.66235351562 17.998888015747
22.519706726074 201.60098266601 17.252201080322
26.834070205688 205.29460144043 19.381139755249
26.696557998657 200.86987304687 19.029479980469
28.031461715698 200.48986816406 21.07043838501
28.263761520386 204.78016662597 23.021978378296
28.540740966797 196.88323974609 23.607931137085
28.016725540161 196.60493469238 20.443706512451
27.075784683228 200.28932189941 19.384962081909
24.481229782104 199.71928405761 17.47772026062
21.390176773071 199.63980102539 17.281661987305
25.709342956543 199.97305297851 28.086713790894
22.738552093506 199.56376647949 29.161249160767
27.782316207886 200.4914855957 25.809270858765
27.759197235107 196.5044555664 26.182790756226
27.207880020142 205.17497253418 26.296770095825
27.088697433472 200.75444030761 26.857131958008
24.94744682312 205.67630004882 28.243867874146
24.877161026001 201.33761596679 28.479242324829
26.262479782104 167.6962890625 16.680383682251
28.464492797852 172.25938415527 19.119354248047
28.652729034424 173.79861450195 26.735666275024
27.903919219971 178.19323730468 27.478433609009
25.175773620605 177.56330871582 29.577398300171
29.535152435303 161.24017333984 20.014543533325
28.313636779785 166.44308471679 18.423948287964
27.505519866943 160.45364379882 17.169301986694
25.982345581055 165.87577819824 16.50918006897
25.033567428589 160.04580688476 15.819007873535
19.883708953857 160.04905700683 15.836669921875
22.640937805176 155.03533935546 15.089835166931
22.653093338013 165.47555541992 15.549151420593
19.227369308472 154.64688110351 15.80685043335
17.580488204956 159.74937438964 17.057140350342
16.282978057861 153.82441711425 17.910953521729
14.880553245544 158.87197875976 20.802972793579
28.629510879517 153.84086608886 17.862512588501
30.209909439087 153.39881896972 20.79634475708
29.849555969238 158.96633911132 20.318626403809
27.35920715332 159.74562072753 17.037952423096
25.755554199219 154.64170837402 15.817131996155
30.775451660156 148.83345031738 23.287355422974
27.654367446899 147.55061340332 16.501722335815
24.522556304932 152.16203308105 15.2442445755
25.22852897644 147.20863342285 15.264817237854
27.141574859619 152.66232299804 16.500215530396
30.077192306519 148.46185302734 19.747550964355
29.077028274536 153.16729736328 18.466884613037
22.655323028564 141.86767578125 14.469254493713
26.051168441772 141.42169189453 15.282884597778
27.775177001953 146.88790893554 16.606674194336
29.105596542358 140.5537109375 17.47064781189
30.082653045654 146.16604614257 19.495519638062
30.319284439087 140.06800842285 19.269079208374
30.981149673462 145.77938842773 23.322603225708
30.109786987305 148.47210693359 26.395690917969
29.127296447754 153.16969299316 27.726533889771
27.747724533081 147.57568359375 29.70064163208
30.656471252441 133.89640808105 19.438470840454
28.317384719849 132.96154785156 16.181884765625
27.040222167969 139.14213562011 15.654674530029
25.430688858032 132.47163391113 14.61150932312
22.657197952271 126.89691925048 13.779921531677
23.988203048706 138.66249084472 14.521906852722
20.356050491333 138.69281005859 14.576920509338
28.878871917725 131.97059631347 16.547330856323
31.038541793823 124.94058227539 19.167430877686
31.38817024231 131.02359008789 20.963359832764
27.372869491577 126.1763305664 15.097541809082
32.090137481689 119.7353515625 22.190572738647
24.108678817749 123.37539672851 13.827053070068
21.505466461182 111.88344573974 13.160257339478
25.065490722656 111.69323730468 13.490510940552
26.572578430176 117.74604034423 14.266701698303
27.426490783691 123.90773010253 15.064598083496
30.655731201172 118.97230529785 17.867378234863
30.122303009033 124.63433074951 17.665079116821
31.43909072876 130.99456787109 24.696905136108
28.298627853394 110.97453308105 14.922587394714
29.354642868042 117.18137359619 16.045074462891
31.771940231323 119.55463409423 25.618553161621
31.040370941162 124.93753814697 27.085981369019
29.326623916626 124.39944458007 29.764850616455
24.730571746826 123.40567779541 32.38109588623
30.392320632935 118.87143707275 28.733692169189
30.246635437012 131.50311279296 27.892107009888
27.326053619385 126.1954421997 31.198642730713
30.073163986206 109.27459716796 16.307523727417
30.73412322998 102.2730102539 16.754846572876
18.465927124023 132.46960449218 14.976279258728
17.638193130493 126.1954498291 15.061995506287
14.717252731323 131.50299072265 18.370166778564
13.575930595398 131.02355957031 25.296871185303
13.190054893494 119.55309295654 25.631443023682
13.929255485535 124.9409790039 27.097766876221
12.39142036438 103.16887664794 20.225847244263
12.848425865173 116.10796356201 21.4466381073
12.902915000916 116.13973236084 25.458347320557
12.405439376831 103.16844940185 25.841135025024
13.284779548645 109.79631805419 27.383358001709
14.891122817993 109.27460479736 29.953285217285
14.230438232422 102.27288818359 29.506319046021
15.613980293274 117.18207550048 30.218837738037
16.66602897644 110.97464752197 31.338514328003
18.396541595459 117.74558258056 31.998054504395
19.920906066895 111.69699859619 32.774044036865
13.322393417358 109.76303100585 18.769262313843
15.991939544678 101.6452255249 14.862809181213
14.129746437073 116.66616058349 18.012258529663
14.016081809998 110.09959411621 17.690208435059
17.017587661743 111.08024597168 14.650007247925
16.822910308838 117.42781066894 15.219736099243
16.652770996094 132.96165466308 16.177207946777
14.295906066895 140.06930541992 20.291315078735
13.478717803955 134.35401916503 22.960248947144
14.325497627258 133.88732910156 19.405420303345
16.159202575684 139.59165954589 16.977075576782
16.089426040649 131.97123718261 29.716375350952
17.591259002686 126.17631530761 31.163175582886
19.523561477661 132.47142028808 31.646175384521
13.983038902283 145.77938842773 22.938251495361
15.556360244751 146.43748474121 18.265949249268
19.249845504761 165.81257629394 16.34970664978
17.463035583496 160.45373535156 17.165857315063
15.463216781616 166.72407531738 20.674980163574
14.747556686401 161.60668945312 22.975090026855
15.436790466309 161.23638916015 20.000503540039
16.635093688965 166.43876647949 18.443195343018
14.755493164062 153.3960571289 20.80030632019
19.924705505371 160.04568481445 30.439910888672
19.208465576172 154.64172363281 30.443490982056
17.609575271606 159.74653625488 29.226005554199
16.27924156189 153.82444763183 28.34473991394
15.114979743958 158.9663696289 25.9388256073
14.752924919128 153.39901733398 25.459112167358
14.18909072876 148.83753967285 22.975492477417
17.312995910645 147.5498046875 29.761384963989
20.441402435303 152.16206359863 31.016435623169
19.735422134399 147.20858764648 30.995817184448
17.824523925781 152.66271972656 29.761789321899
14.887003898621 148.46183776855 26.513181686401
15.887208938599 153.16729736328 27.793912887573
15.247386932373 148.27902221679 18.889444351196
15.836784362793 153.16972351074 18.534345626831
18.514291763306 152.46983337402 15.992081642151
18.880685806274 147.2112121582 15.55043888092
21.675151824951 152.07014465332 15.040863990784
15.963254928589 173.94334411621 26.226741790771
16.109474182129 178.45388793945 25.836975097656
17.489896774292 178.0883026123 28.088779449463
15.146101951599 171.73277282714 23.442510604858
16.544578552246 172.28279113769 18.954992294312
16.756128311157 167.11082458496 18.308933258057
19.493103027344 167.86036682128 16.354639053345
19.749599456787 189.43067932128 17.324859619141
17.056161880493 185.01719665527 19.215133666992
17.495555877686 189.945022583 19.109251022339
16.4351978302 183.52177429199 25.994291305542
18.404304504395 179.19512939453 28.773344039917
19.199052810669 184.29553222656 28.999879837036
21.851373672485 179.77536010742 29.97025680542
17.233793258667 195.16366577148 19.898796081543
19.169052124023 190.94964599609 17.695913314819
19.84568977356 195.75460815429 17.585216522217
17.584886550903 196.33103942871 19.339046478271
16.910190582275 200.48849487304 21.138284683228
16.423400878906 196.88314819335 22.653011322021
18.341913223267 200.16757202148 18.756586074829
16.947360992432 196.60485839843 25.816854476929
19.366107940674 199.94264221191 28.195503234863
17.270048141479 205.00257873535 20.825592041016
18.252796173096 200.86965942382 19.043363571167
19.710952758789 205.67428588867 18.132438659668
20.086198806763 201.33747863769 17.781896591187
22.49125289917 209.96569824218 17.542943954468
18.904642105103 210.46984863281 18.95050239563
17.77735710144 206.27815246582 20.042316436768
19.858606338501 215.58573913574 18.575052261353
19.13666343689 219.59869384765 19.323232650757
18.1081199646 219.91978454589 20.585075378418
17.297576904297 216.49548339843 22.178569793701
22.489736557007 219.13407897949 17.979648590088
18.118631362915 223.94856262207 20.982194900513
24.646690368652 211.57487487793 28.062747955322
25.098022460938 215.57098388671 27.700222015381
27.21298789978 210.84765625 25.90386390686
26.059741973877 210.47050476074 27.306560516357
22.956569671631 209.99839782714 28.633270263672
26.770364761353 206.11169433593 26.906480789185
28.142702102661 206.71171569824 23.576101303101
27.468179702759 214.91487121582 24.857715606689
27.553308486938 214.88145446777 21.659566879272
27.368682861328 210.82434082031 20.724540710449
27.434328079224 206.36949157714 20.374984741211
26.304636001587 211.18196105957 19.162752151489
25.195608139038 215.55697631835 18.597816467285
22.932090759277 211.80894470214 17.711990356445
25.940584182739 244.97015380859 21.420555114746
26.566352844238 241.66206359863 23.124105453491
26.108098983765 248.20494079589 22.054689407349
25.546058654785 241.265335083 20.474430084229
24.22452545166 244.59768676757 19.638608932495
24.310808181763 240.98452758789 19.518423080444
21.395088195801 237.59684753418 19.075569152832
23.662900924683 237.59536743164 19.072891235352
21.356409072876 244.49546813964 19.3352394104
20.700647354126 240.9893951416 19.501758575439
26.14128112793 236.98547363281 20.937465667725
26.462266921997 240.48225402832 21.969638824463
26.698722839355 233.98448181152 21.999752044678
23.763690948486 229.68341064453 18.71760559082
21.299661636353 229.68476867675 18.721092224121
24.059679031372 233.31474304199 19.051012039185
25.271589279175 236.72682189941 19.898262023926
25.535512924194 233.5447692871 19.929725646973
26.701780319214 233.98303222656 24.357164382935
26.144338607788 240.59126281738 24.945049285889
26.038816452026 237.00410461425 25.558780670166
24.267902374268 240.99079895019 26.756917953491
23.569198608398 237.5968170166 27.185138702393
24.991313934326 245.22984313964 20.182949066162
24.17972946167 248.64561462402 19.850366592407
22.817523956299 245.57426452636 19.28419303894
25.515556335449 248.9573059082 25.311067581177
24.380475997925 248.64584350585 26.328863143921
23.714666366577 252.00006103515 26.498338699341
25.743659973145 252.00015258789 24.593322753906
26.139675140381 249.2061920166 23.209651947021
25.913187026978 252 22.20664024353
25.547264099121 248.96467590332 20.98267364502
24.231164932251 252.0002746582 19.963808059692
25.929500579834 248.26132202148 24.475652694702
25.923379898071 244.96665954589 24.887453079224
25.558479309082 241.26599121093 25.772792816162
24.745227813721 245.29872131347 26.314392089844
25.260269165039 236.72721862793 26.372806549072
24.760194778442 233.33345031738 26.937614440918
22.475694656372 236.36764526367 27.4641456604
25.843288421631 233.06399536132 20.228601455688
26.127704620361 224.16427612304 26.336614608765
23.288150787354 220.78651428222 28.149854660034
24.964811325073 224.46876525878 27.298105239868
26.845363616943 219.92459106445 25.696430206299
27.09238243103 225.19805908203 21.893821716309
27.096284866333 225.19676208496 24.469350814819
26.990346908569 232.6862335205 23.136911392212
26.465759277344 228.99822998046 20.752464294434
25.823896408081 224.70756530761 19.633003234863
25.537603378296 228.71035766601 19.634353637695
24.198654174805 224.44758605957 18.665803909302
20.055849075317 224.45263671875 18.938953399658
23.385847091675 220.77302551269 18.140916824341
22.488800048828 228.30192565918 18.414579391479
20.48192024231 220.57705688476 18.580253601074
26.138542175293 224.16361999511 19.935775756836
26.835605621338 219.92204284668 20.544359207153
27.413949966431 223.72805786132 23.137180328369
27.666603088379 216.4955291748 24.082244873047
25.839294433594 219.59967041015 19.33423614502
26.639335632324 216.0163116455 19.774114608765
26.746505737305 228.97973632812 24.784433364868
25.526346206665 228.71028137207 26.636810302734
22.475419998169 228.30194091796 27.84614944458
25.832977294922 233.06404113769 26.043348312378
25.826929092407 229.22309875488 26.325813293457
23.664705276489 229.68475341796 27.539596557617
25.827836990356 219.5990447998 26.937204360962
25.880441665649 215.8207244873 27.090316772461
23.662292480469 219.23849487304 28.018136978149
17.671297073364 223.77624511718 23.792783737183
17.976680755615 219.90222167968 25.356634140015
17.749813079834 216.28996276855 25.208566665649
20.714292526245 219.27166748046 27.956565856934
20.317560195923 211.57489013671 18.197959899902
19.438188552856 228.70997619628 19.623628616333
18.825901031494 224.16392517089 26.325214385986
19.231674194336 220.31036376953 27.101146697998
18.501960754395 240.4822692871 24.291166305542
18.265502929688 233.98446655273 24.261138916016
18.816232681274 236.9829711914 25.310220718384
19.428386688232 233.54527282714 26.330745697021
19.69274520874 236.72659301757 26.362621307373
19.131044387817 233.06379699707 20.217552185059
19.136852264404 229.22239685058 19.935367584229
19.405691146851 241.26600646972 20.487962722778
20.218946456909 245.29873657226 19.946355819702
16.773797988892 108.76619720459 14.744055747986
21.361921310425 107.99439239502 12.931304931641
10.782848358154 67.965217590332 25.709474563599
10.493786811829 68.13694763183599 22.013097763062
11.150774002075 82.53768157959 21.586462020874
11.605241775513 82.75357055664099 26.225521087646
11.855606079102 75.401336669922 28.123739242554
12.193965911865 67.16138458252 29.583612442017
12.801403999329 75.01140594482401 29.694192886353
16.691534042358 73.941818237305 33.423866271973
13.110501289368 83.38272857666 29.461418151855
16.275806427002 76.91762542724599 33.036155700684
16.080390930176 84.18987274169901 32.396774291992
18.876991271973 84.53831481933599 33.751495361328
21.406160354614 77.853408813477 34.670566558838
11.414223670959 75.349411010742 19.555665969849
12.950736999512 86.046035766602 17.128261566162
12.212109565735 92.564865112305 19.641862869263
11.361103057861 86.943153381348 22.093059539795
13.516764640808 92.230796813965 16.945550918579
17.583799362183 91.117881774902 13.20644569397
17.745101928711 84.56015014648401 12.865646362305
11.923837661743 99.287803649902 21.689720153809
10.759750366211 48.665554046631 17.715915679932
12.138507843018 55.391723632812 15.928365707397
10.621861457825 55.789726257324 19.100244522095
13.995217323303 47.288906097412 13.211123466492
14.204791069031 54.795249938965 13.658336639404
17.354864120483 54.020603179932 11.549582481384
18.142732620239 46.518367767334 10.899998664856
21.25606918335 53.52027130127 10.515700340271
9.789666175841999 49.234767913818 21.207193374634
10.179262161255 63.276176452637 23.382572174072
14.530415534973 15.967114448547 35.289611816406
18.218479156494 25.046262741089 36.407848358154
21.147903442383 17.214967727661 37.467090606689
13.699395179749 24.475238800049 34.216873168945
10.205471038818 14.465014457703 30.824735641479
9.754593849181999 23.128894805908 29.087659835815
8.721319198608001 13.995136260986 27.557243347168
8.494915962219 22.508096694946 25.007429122925
9.932845115661999 5.526426792145 14.887955665588
8.7194480896 13.994966506958 18.712558746338
7.664946556091 6.798051357269 21.751758575439
10.228210449219 13.623756408691 15.332716941833
13.558218002319 12.622847557068 11.598167419434
14.543159484863 4.024728775024 10.437835693359
18.634750366211 11.521134376526 8.998980522156
17.704118728638 3.593746900558 8.978711128235
8.596155166626 22.558298110962 20.709833145142
29.028833389282 93.78677368164099 14.502028465271
32.406352996826 92.585289001465 18.550622940063
32.044677734375 99.75120544433599 18.412113189697
28.441566467285 100.81643676757 14.491079330444
25.251079559326 94.688270568848 12.697732925415
25.393898010254 101.140625 13.061943054199
21.666128158569 94.85789489746099 12.393132209778
19.507781982422 101.14405822753 13.0801820755
18.179578781128 94.380989074707 13.224377632141
33.207969665527 86.71621704101599 20.11284828186
23.558393478394 77.85337066650401 11.590244293213
23.976488113403 90.633026123047 12.172667503357
18.504179000854 77.48698425293 12.21671962738
26.086763381958 84.53831481933599 12.509108543396
28.540004730225 84.90509033203099 13.677414894104
28.579072952271 91.451095581055 14.050612449646
31.470378875732 85.834953308105 16.435930252075
31.285940170288 92.20207977294901 16.730129241943
33.040390014648 99.287788391113 24.570756912231
33.603000640869 86.94319152832 24.168098449707
28.688119888306 76.917778015137 13.224352836609
28.883665084839 84.189910888672 13.863876342773
31.853273391724 83.38288116455099 16.798789978027
33.106792449951 75.402137756348 18.132795333862
33.358768463135 82.753662109375 20.034578323364
34.181327819824 67.965194702148 20.551136016846
32.741291046143 67.158699035645 16.633754730225
33.813457489014 82.53765869140599 24.673976898193
34.470314025879 68.13698577880901 24.248041152954
33.551166534424 75.349067687988 26.701181411743
31.63451385498 75.965408325195 30.484712600708
31.872596740723 83.38372802734401 29.433856964111
28.980777740479 84.186813354492 32.331348419189
26.459953308105 77.48698425293 34.04402923584
27.219909667969 84.560180664062 33.394775390625
32.751918792725 92.56487274169901 26.619361877441
32.038883209229 86.047332763672 29.093551635742
27.380573272705 91.11789703369099 33.054237365723
31.447351455688 92.230766296387 29.315294265747
31.00728225708 93.129852294922 29.989229202271
31.231269836426 100.07034301757 29.004678726196
28.650100708008 100.7886352539 31.613206863403
26.7702293396 94.381629943848 33.042533874512
25.456756591797 101.14407348632 33.180473327637
33.357383728027 67.48916625976599 28.22579574585
32.25114440918 75.034866333008 29.574918746948
30.095140457153 66.154243469238 32.66552734375
28.320917129517 73.964363098145 33.385757446289
26.167942047119 65.518600463867 34.641063690186
22.69739151001 73.19846343994099 34.9755859375
32.160568237305 75.012245178223 16.563346862793
28.278642654419 73.946884155273 12.840761184692
27.658617019653 65.572860717773 12.091012954712
18.091762542725 58.104991912842 11.394152641296
23.640739440918 58.519351959229 10.698606491089
22.266613006592 73.198455810547 11.285140037537
18.791820526123 65.518989562988 11.621090888977
14.727331161499 65.00755310058599 13.661398887634
12.600070953369 56.446147918701 15.23709487915
11.267721176147 63.813869476318 18.284536361694
32.375839233398 56.445774078369 15.252886772156
34.395755767822 55.787853240967 19.253597259521
33.685523986816 63.814868927002 18.262294769287
30.088180541992 65.03989410400401 13.521809577942
27.780420303345 57.841133117676 11.858300209045
35.301181793213 49.311443328857 22.02571105957
34.618438720703 48.913986206055 18.900114059448
32.815288543701 55.393379211426 15.924483299255
33.016136169434 48.098472595215 15.608010292053
30.723838806152 54.796421051025 13.627640724182
29.756135940552 47.00528717041 12.398361206055
27.84761428833 54.076992034912 11.671431541443
26.800575256348 46.513027191162 10.896007537842
36.11975479126 28.016513824463 20.751346588135
35.571605682373 44.237113952637 24.41383934021
35.105674743652 44.462726593018 19.696228027344
35.269596099854 36.225582122803 19.023578643799
34.223411560059 26.934909820557 15.472239494324
33.868438720703 35.886142730713 15.883732795715
29.786966323853 34.715106964111 11.58348941803
29.983762741089 25.515293121338 11.341647148132
34.411575317383 23.477705001831 15.469413757324
36.244300842285 13.994710922241 18.707984924316
36.469493865967 22.508394241333 21.254261016846
34.761543273926 14.463972091675 15.440814971924
30.394020080566 15.968151092529 10.94201374054
30.003810882568 24.691347122192 11.306274414062
26.743213653564 25.04588508606 9.851645469666
23.816627502441 17.215089797974 8.793750762939
22.795894622803 33.664768218994 9.406778335571
17.476951599121 16.733972549438 9.581184387206999
18.222564697266 25.045896530151 9.851685523986999
14.960275650024 24.691328048706 11.306342124939
11.156212806702 14.794320106506 13.955832481384
10.533645629883 23.475856781006 15.479573249817
36.473957061768 6.304204940796 17.895086288452
31.954725265503 4.350594043732 11.420881271362
28.358806610107 11.896005630493 9.744866371155
27.957565307617 3.606460809708 9.184070587158001
33.813762664795 13.364079475403 13.858830451965
37.299068450928 6.798065185547 24.509504318237
36.367786407471 22.558393478394 25.551807403564
30.416055679321 4.02370595932 35.82580947876
27.260063171387 3.593739509583 37.282032012939
26.312295913696 11.526462554932 37.266887664795
31.404516220093 12.626664161682 34.662841796875
33.432865142822 4.919612407684 33.218006134033
34.734001159668 13.623575210571 30.931091308594
35.87850189209 5.973146438599 29.537237167358
36.246231079102 13.994528770447 27.543397903442
34.462837219238 23.474529266357 30.733463287354
23.582374572754 11.301737785339 8.546226501465
24.104293823242 1.999467134476 8.160705566406
17.794103622437 2.0012114048 8.716931343079001
29.054443359375 2.000037670135 9.589661598206
32.907718658447 3.574588775635 12.375354766846
33.289268493652 2.000037670135 12.654135704041
35.957424163818 3.574588775635 16.589765548706
36.220611572266 2.000056505203 16.982229232788
37.549747467041 3.574684619904 22.798063278198
37.49486541748 2.000032186508 22.051828384399
36.958362579346 2.000056505203 27.251552581787
35.697212219238 3.574684858322 30.376417160034
34.675796508789 2.000025033951 31.954202651978
31.263305664062 3.574588775635 35.265205383301
29.841421127319 1.999173402786 36.358612060547
22.171699523926 1.997757673264 38.290225982666
33.80924987793 14.793974876404 32.302394866943
30.000677108765 24.691595077515 34.956470489502
28.619590759277 16.410802841187 36.121505737305
33.062076568604 36.950511932373 14.654529571533
33.321830749512 45.21155166626 15.821895599365
29.917570114136 46.131351470947 12.441345214844
27.798847198486 38.564765930176 10.858005523682
22.768436431885 39.251399993896 9.706840515136999
24.702085494995 53.595890045166 10.679368972778
8.493783950806 6.307259082794 28.374177932739
11.155303001404 13.360550880432 32.408916473389
13.012017250061 4.350271224976 34.841114044189
16.619691848755 11.897723197937 36.522151947021
17.864835739136 3.587381601334 37.337524414062
14.622553825378 2.000133991241 36.075706481934
14.082433700562 3.574588775635 35.532371520996
10.347264289856 3.574588775635 31.911590576172
10.019919395447 2.000037670135 31.570789337158
8.075728416443001 3.574588775635 27.231658935547
7.513371944427 2.000133991241 25.430700302124
7.585649967194 3.574684619904 20.84114074707
8.005825996399 2.000037670135 19.009183883667
10.080093383789 3.574588775635 14.73070526123
11.098226547241 2.000133991241 13.142288208008
13.700878143311 3.574588775635 10.995532035828
17.058507919312 34.297332763672 10.677620887756
14.981473922729 25.515048980713 11.340915679932
11.804267883301 35.680015563965 14.672094345093
10.745859146118 26.940591812134 15.464732170105
17.606008529663 73.769744873047 12.449327468872
14.882928848267 66.150184631348 13.592768669128
13.233105659485 74.891929626465 15.809198379517
11.627945899963 67.48349761962901 17.991533279419
9.663033485412999 49.311428070068 24.235157012939
17.141418457031 57.835582733154 34.381671905518
17.300819396973 65.573738098145 34.167720794678
21.32382774353 58.519302368164 35.562217712402
14.877551078796 65.041778564453 32.740047454834
12.588375091553 56.445804595947 31.008096694946
11.27105140686 63.810802459717 27.990846633911
10.569066047668 55.788177490234 27.009258270264
10.345594406128 48.914459228516 27.360151290894
16.314136505127 100.78866577148 14.647488594055
13.957142829895 93.129936218262 16.271142959595
13.73344039917 100.07053375244 17.25532913208
11.764101982117 86.717147827148 26.173862457275
12.919461250305 99.751182556152 27.848424911499
12.557600021362 92.58526611328099 27.709392547607
13.493648529053 85.83504486084 29.824602127075
13.329940795898 75.965492248535 15.775626182556
13.092161178589 83.38393402099599 16.826091766357
15.983354568481 84.18682861328099 13.929430007935
15.935340881348 93.786743164062 31.758701324463
16.522535324097 100.81641387939 31.769601821899
19.729955673218 94.68585205078099 33.568389892578
19.570117950439 101.14064025878 33.198768615723
26.328908920288 108.35674285888 13.732417106628
28.429395675659 101.54399871826 14.516816139221
11.294978141785 45.09094619751 16.287256240845
11.496553421021 36.793876647949 15.290994644165
14.945171356201 46.12882232666 12.510541915894
16.373805999756 38.394298553467 11.153364181519
25.52068901062 210.36468505859 18.617235183716
15.800909996033 140.53497314453 17.524936676025
18.932706832886 141.42721557617 15.2720079422
20.855613708496 123.37538909912 32.433704376221
17.539373397827 123.90756988525 31.19652557373
14.569362640381 118.8683013916 28.730346679688
14.8420753479 124.63430023193 28.595897674561
14.318890571594 140.07290649414 26.02889251709
14.882766723633 146.16636657714 26.759712219238
15.796589851379 140.53498840332 28.729963302612
17.19380569458 146.88888549804 29.657485961914
18.912925720215 141.42170715332 30.977779388428
14.307696342468 133.89639282226 26.822290420532
16.168912887573 139.59826660156 29.293123245239
16.580577850342 132.98223876953 30.010427474976
20.209798812866 138.72259521484 31.616207122803
29.418045043945 146.43382263183 27.988210678101
29.100383758545 140.55368041992 28.79640007019
26.031282424927 141.42723083496 30.98882484436
15.478970527649 166.72723388671 25.628160476685
16.506160736084 172.26190185546 27.145984649658
16.752986907959 167.11088562011 27.947803497314
19.255432128906 172.89727783203 29.578100204468
19.491567611694 167.86001586914 29.90517616272
15.428931236267 161.24014282226 26.246025085449
16.653547286987 166.44226074218 27.841041564941
17.408777236938 160.46865844726 29.039556503296
18.979267120361 165.87483215332 29.753974914551
21.257249832153 177.36167907714 30.07119178772
20.629623413086 33.725353240967 36.713012695312
14.986493110657 25.513959884644 34.922824859619
21.381490707397 11.301379203796 37.714477539062
33.670516967773 45.090427398682 29.970977783203
33.471954345703 36.792346954346 30.962484359741
30.021362304688 46.128372192383 33.748821258545
28.577127456665 38.392780303955 35.114910125732
24.404554367065 53.579627990723 35.622772216797
26.875999450684 58.106872558594 34.864974975586
32.364166259766 56.446182250977 31.023643493652
33.704811096191 63.810543060303 27.9674243927
30.231744766235 65.010208129883 32.603164672852
13.67818069458 92.202117919922 29.53052520752
16.384624481201 91.45124053955099 32.209739685059
16.423658370972 84.90518951416 32.583000183105
20.987407684326 90.63304901123 34.088024139404
23.29829788208 94.85791015625 33.867572784424
23.601943969727 107.99436950683 33.329479217529
28.189725875854 108.76599884033 31.517217636108
18.635248184204 108.35673522949 32.528350830078
16.536880493164 101.54304504394 31.7453956604
26.740531921387 252 23.451005935669
16.401248931885 251.99967956543 23.562381744385
16.328128814697 251.02627563476 22.408882141113
17.359575271606 250.00759887695 26.697570800781
17.770498275757 252.00036621093 26.967906951904
19.523599624634 205.64038085937 31.722064971924
19.849420547485 208.11573791503 31.571449279785
18.046518325806 206.11061096191 30.976881027222
22.810657501221 207.68360900878 32.017219543457
24.090154647827 204.17225646972 32.127391815186
23.971342086792 186.51683044433 33.363616943359
19.438369750977 186.99853515625 32.858715057373
19.266033172607 184.34567260742 33.055458068848
24.280626296997 182.77758789062 33.493511199951
22.918943405151 162.38339233398 34.932941436768
18.976938247681 162.99542236328 34.329151153564
20.208982467651 160.04306030273 34.811401367188
24.613288879395 158.44313049316 35.035034179688
17.203731536865 147.58950805664 34.706764221191
14.332650184631 151.35766601562 32.709766387939
13.655877113342 149.11555480957 32.172256469727
19.993133544922 148.96876525878 35.564094543457
19.335683822632 147.21072387695 35.497501373291
21.536922454834 145.65499877929 35.950397491455
14.04688835144 47.255138397217 40.364376068115
9.490504264831999 53.060810089111 36.719493865967
8.814762115479001 49.841423034668 36.305290222168
14.905094146729 50.176052093506 40.558570861816
17.839191436768 46.524101257324 41.772636413574
20.626934051514 48.542774200439 42.112522125244
23.059543609619 44.962989807129 42.389392852783
26.843118667603 49.013355255127 41.704063415527
9.540482521056999 2.000076770782 41.014472961426
16.495887756348 1.999482631683 44.387271881104
13.506090164185 3.574642896652 43.187877655029
7.187352180481 3.574627637863 38.908306121826
4.204235076904 2.000076770782 35.509643554688
3.516804456711 3.574551343918 34.079982757568
1.34748852253 3.574627637863 29.147077560425
1.808855652809 2 30.654809951782
0.463366955519 2.000076770782 24.712205886841
0.564223647118 3.574627637863 21.555772781372
0.816322863102 2 19.310106277466
2.42457818985 3.574627637863 14.154375076294
2.622397899628 2.000076770782 13.490914344788
6.704159736633 3.574627637863 7.835622310638
7.11696767807 2.000076770782 7.279830932617
12.886791229248 3.574627637863 3.361640930176
14.901394844055 2.000217437744 2.302563667297
17.24728012085 3.592740535736 1.807910680771
22.482093811035 2 1.130366683006
38.106273651123 54.596855163574 12.760262489319
36.103084564209 49.800388336182 9.906913757324
33.378242492676 51.831569671631 7.675153255463
32.267295837402 47.776908874512 6.737923622131
27.48549079895 46.533187866211 4.560683727264
26.1263256073 48.782474517822 4.340488433838
34.159008026123 40.933601379395 7.342001438141
37.795169830322 43.0361328125 11.098645210266
39.371692657471 37.590190887451 12.764380455017
33.770687103271 45.075466156006 7.516839027405
20.303712844849 44.903293609619 3.905477523804
18.097398757935 49.017429351807 4.560572624207
3.122248888016 36.216079711914 18.646026611328
4.521738052368 40.868507385254 15.464756965637
5.596549510956 37.584495544434 12.759086608887
3.019549369812 39.385177612305 20.090881347656
7.126094341278 43.004680633545 11.162749290466
9.705112457275 40.236515045166 8.260541915894001
11.637677192688 45.237361907959 7.19148015976
14.172297477722 42.753593444824 5.560167312622
17.428480148315 46.541706085205 4.570175647736
27.042558670044 44.353622436523 4.286809444427
30.373382568359 46.087356567383 5.608863830566
41.51953125 39.869281768799 18.005363464355
41.786312103271 36.232719421387 18.407777786255
40.673999786377 31.809841156006 14.489994049072
40.181701660156 35.489627838135 14.085062026978
42.36799621582 34.012718200684 20.425891876221
37.213939666748 33.756023406982 9.491451263428001
37.877082824707 29.201465606689 9.902827262878001
33.252334594727 26.46600151062 5.644646644592
31.82706451416 30.823759078979 5.197614192963
27.642671585083 25.067367553711 3.165072202682
25.631568908691 28.585374832153 2.982193470001
19.687124252319 23.299089431763 2.559821844101
27.261487960815 22.773569107056 2.91931438446
34.922325134277 19.09733581543 6.166860580444
33.103824615479 23.935070037842 5.465160369873
36.823318481445 22.342914581299 8.125459671021
40.572727203369 15.469552993774 11.999972343445
40.492176055908 19.895198822021 12.536756515503
43.056632995605 17.462678909302 18.379983901978
43.172275543213 14.002510070801 18.066366195679
13.547338485718 21.010192871094 4.311273097992
8.800108909606999 18.302757263184 7.204720497131
11.563393592834 23.887329101562 5.546085357666
5.57787322998 20.843399047852 10.782691955566
1.732312202454 13.984331130981 18.328006744385
1.182928323746 13.037480354309 23.998638153076
1.693118214607 17.224184036255 19.114967346191
1.611111998558 12.419995307922 18.251815795898
41.898216247559 10.615676879883 13.898052215576
40.670112609863 12.792275428772 11.83139705658
43.716499328613 12.938119888306 20.255786895752
38.909725189209 7.878440380096 9.007145881653001
35.936676025391 9.999316215515 6.265524864197
33.949005126953 5.008076667786 4.457401752472
30.4182472229 7.251371860504 2.911980867386
27.72519493103 3.590700149536 1.791483640671
22.458059310913 5.319503307343 1.14031291008
28.468313217163 1.999482631683 1.873465299606
13.883625030518 7.472417831421 3.152804136276
10.986744880676 5.026583194733 4.469767093658
7.542612075806 10.846729278564 7.622836112976
4.974942684174 8.648124694824 10.261617660522
3.439320325851 13.260618209839 13.4459400177
4.388922691345 15.460057258606 12.003870010376
17.588790893555 25.053333282471 3.128847122192
17.86484336853 28.933320999146 3.284662723541
13.220901489258 25.994863510132 4.858045578003
12.759026527405 31.034219741821 5.469563007355
9.437008857726999 27.633871078491 7.454176425934
8.225417137146 33.500591278076 9.026473999023001
6.677081108093 29.520044326782 10.461833000183
4.646107673645 35.568737030029 14.204718589783
3.965157270432 32.157699584961 15.143827438354
2.44387793541 34.234119415283 22.370218276978
12.407328605652 47.838436126709 6.831343173981
11.721370697021 51.799034118652 7.586073875427
34.804660797119 3.574627637863 4.93622636795
35.423694610596 2.000051021576 5.246251583099
39.257877349854 3.574551343918 9.053812980651999
39.335071563721 2 8.989038467406999
42.250812530518 3.574627637863 13.535050392151
42.631904602051 2.000076532364 14.113067626953
44.048625946045 3.574551343918 19.327606201172
44.500823974609 2.000030755997 21.548513412476
44.399963378906 3.574627637863 24.704986572266
44.14786529541 2 26.950626373291
42.539600372314 3.574627637863 32.106380462646
42.341789245605 2.00003528595 32.769824981689
38.260028839111 3.574627637863 38.425113677979
39.335071563721 2 37.27169418335
34.861366271973 2.000076770782 41.408229827881
32.077415466309 3.574627637863 42.899085998535
28.18879699707 2.000065088272 44.428108215332
27.716375350952 3.592709779739 44.452983856201
22.482093811035 2 45.130367279053
22.50563621521 5.319411754608 45.120441436768
43.46752166748 16.98073387146 25.215127944946
43.134929656982 14.017082214355 28.471366882324
43.349960327148 12.416168212891 28.036312103271
39.978786468506 8.678877830505 35.977149963379
39.921089172363 12.366240501404 35.590721130371
35.783634185791 9.955867767334 40.03299331665
33.951564788818 5.017104625702 41.802829742432
31.06466293335 7.486043930054 43.114757537842
39.195350646973 52.453422546387 14.467595100403
28.684259414673 244.97491455078 25.115407943726
28.876914978027 243.37211608886 24.698844909668
28.982175827026 243.48661804199 21.97142791748
27.623455047607 242.22183227539 27.403409957886
26.282545089722 243.70959472656 28.61248588562
24.675260543823 240.99310302734 29.553520202637
21.889345169067 242.70146179199 29.816204071045
28.924365997314 246.45387268066 23.701446533203
29.160047531128 236.97834777832 25.370986938477
29.341672897339 235.95014953613 24.808322906494
29.451257705688 236.0693359375 21.881927490234
27.828067779541 234.53118896484 27.953687667847
26.488124847412 235.57604980468 29.089826583862
24.795454025269 233.32791137695 30.034282684326
22.75253868103 234.54446411132 30.283958435059
29.485227584839 238.57028198242 22.802562713623
29.64959526062 228.98934936523 25.539039611816
29.881196975708 227.29011535644 24.946050643921
30.001312255859 227.42095947265 21.782293319702
28.256387710571 225.76734924316 28.326375961304
27.712762832642 227.9695739746 28.591785430908
25.024003982544 226.72785949707 30.403676986694
24.980010986328 224.46195983886 30.577196121216
20.342573165894 226.58761596679 30.594833374023
29.995964050293 230.7310180664 22.778203964233
24.783761978149 224.4453125 15.650946617126
24.377729415894 222.86526489257 15.456645011902
21.054573059082 223.0020904541 15.332251548767
27.869047164917 221.27813720703 17.136951446533
26.90159034729 223.93624877929 16.689523696899
28.833526611328 223.04953002929 18.415315628052
30.195569992065 219.91500854492 20.516542434692
30.531648635864 221.634765625 22.464202880859
23.499284744263 226.40319824218 15.513589859009
17.125104904175 221.30226135253 17.13098526001
14.724669456482 219.89830017089 20.71884727478
14.799705505371 222.00703430175 20.762542724609
17.462623596191 223.72898864746 17.070644378662
20.456731796265 224.44790649414 15.589148521423
20.682390213013 226.56019592285 15.680368423462
28.262172698975 225.79084777832 17.9631690979
27.026031494141 227.60919189453 16.953741073608
29.651023864746 228.99214172363 20.722057342529
18.669279098511 224.80641174316 16.317083358765
17.181272506714 228.01126098632 17.57901763916
16.270601272583 226.1513671875 18.596736907959
15.283752441406 228.9775390625 20.898555755615
15.088412284851 227.28349304199 21.289649963379
30.550022125244 218.77163696289 21.68384552002
27.846088409424 221.29768371582 29.143772125244
30.207185745239 219.91297912597 25.721652984619
29.725355148315 222.35070800781 26.374172210693
28.104738235474 223.42199707031 28.613361358643
30.423179626465 218.63345336914 25.074375152588
29.191974639893 217.43730163574 27.917659759521
28.116453170776 218.79730224609 29.020540237427
26.607709884644 215.99633789062 30.422555923462
25.167633056641 217.41938781738 30.998315811157
24.701198577881 215.5793762207 31.207401275635
25.219964981079 215.55615234375 15.150297164917
24.513904571533 214.03414916992 14.90503692627
20.947834014893 214.1809387207 14.773878097534
27.446697235107 212.76918029785 16.178564071655
29.012300491333 214.2043762207 17.702777862549
30.047304153442 211.24778747558 18.868997573853
31.041330337524 212.56726074218 21.892990112305
30.854888916016 210.8175201416 20.831237792969
23.751991271973 217.12083435058 14.958375930786
20.577194213867 217.24653625488 15.086454391479
20.263198852539 215.57833862304 15.053768157959
14.856751441956 211.20527648925 18.974750518799
14.340200424194 212.96139526367 20.596712112427
16.466007232666 214.54997253418 17.091176986694
17.425622940063 212.72779846191 16.233064651489
26.490028381348 215.946975708 15.769264221191
29.136753082275 217.39579772949 18.250045776367
27.375 218.40307617187 16.468721389771
18.428085327148 215.9659576416 15.791172981262
17.573278427124 218.44888305664 16.558729171753
15.782989501953 217.42822265625 18.325799942017
15.812265396118 219.35733032226 18.520439147949
14.54692363739 218.62602233886 21.15874671936
14.414859771729 218.77786254882 24.602182388306
31.158727645874 209.17224121093 21.570470809937
23.976556777954 214.1925201416 31.490385055542
27.44672203064 212.76916503906 30.082162857056
28.497575759888 214.54663085937 29.184507369995
30.043354034424 211.24699401855 27.396877288818
30.621953964233 212.95878601074 25.681526184082
30.757637023926 210.79832458496 25.979480743408
31.022607803345 209.01870727539 25.225624084473
29.69845199585 207.69427490234 28.285488128662
28.529453277588 209.62835693359 29.439706802368
26.912195205688 206.11116027832 30.981115341187
26.082195281982 208.44934082031 31.194368362427
24.867500305176 205.66026306152 31.82363319397
31.635776519775 199.42739868164 25.307317733765
31.522384643555 200.50305175781 25.463891983032
30.873014450073 200.2248840332 27.254102706909
30.233114242554 197.9850616455 28.628992080688
28.50471496582 198.93577575683 30.457145690918
27.170854568481 196.20797729492 31.580364227295
24.699657440186 197.37348937988 32.414054870605
25.02032661438 195.7417602539 32.441005706787
31.771062850952 199.58703613281 21.504373550415
31.744192123413 202.36204528808 23.147073745728
31.508186340332 200.51020812988 20.735025405884
28.302013397217 198.86354064941 15.663573265076
30.218036651611 197.94995117187 17.593564987183
27.119617462158 196.19009399414 14.661410331726
23.343162536621 197.02290344238 13.482095718384
25.638051986694 195.71517944335 13.93519115448
20.757331848145 194.14959716796 13.495855331421
24.774787902832 193.97737121582 13.642425537109
28.182168960571 192.49964904785 15.089901924133
29.498697280884 194.41134643554 16.409090042114
31.242929458618 190.66282653808 18.265018463135
31.454906463623 193.09814453125 19.142072677612
32.138118743896 190.18029785156 20.498195648193
32.363269805908 192.23619079589 22.765102386475
19.945878982544 195.74095153808 13.819548606873
12.749274253845 190.17512512207 20.889633178711
13.099557876587 192.72315979003 20.209743499756
14.027537345886 190.84089660644 17.86310005188
14.816828727722 194.07946777343 17.082033157349
16.740379333496 192.46257019043 15.106715202332
17.090463638306 195.12130737304 15.112584114075
18.603328704834 197.91940307617 14.445616722107
17.797826766968 196.20664978027 14.678045272827
15.964021682739 199.20823669433 16.342267990112
14.706773757935 197.98165893554 17.667377471924
14.084513664246 200.22750854492 19.015916824341
13.08641242981 199.7120513916 21.911821365356
13.400441169739 200.49613952636 21.018573760986
32.482154846191 188.45280456543 21.387083053589
26.054262161255 193.54583740234 32.27522277832
29.552043914795 191.70593261718 30.071695327759
27.875438690186 195.11944580078 31.147104263306
21.262983322144 194.27757263183 32.8737449646
30.159055709839 194.07841491699 29.152593612671
32.046985626221 190.21383666992 26.227729797363
31.859909057617 192.72221374511 26.063858032227
32.33060836792 188.27354431152 25.483371734619
31.494094848633 189.89210510253 27.509851455688
30.825784683228 186.72731018066 29.044797897339
28.96968460083 188.51440429687 30.935667037964
27.532360076904 184.81335449218 32.220722198486
25.212713241577 184.31120300293 33.15092086792
30.808860778809 186.689163208 17.173561096191
30.793600082397 189.52542114257 17.531776428223
28.770519256592 188.44551086425 15.192713737488
27.950096130371 184.99932861328 14.358244895935
25.512004852295 186.99946594238 13.396943092346
24.808040618896 184.30560302734 13.030485153198
22.102708816528 186.48243713378 12.878920555115
20.627603530884 182.76441955566 12.771712303162
24.947273254395 182.57618713378 12.92955493927
27.028535842896 184.01080322265 13.778649330139
28.609729766846 180.96858215332 14.483786582947
30.046649932861 182.84805297851 15.908241271973
31.901048660278 178.97570800781 17.894910812378
32.137229919434 181.40347290039 18.826498031616
32.866451263428 178.45266723632 20.302932739258
33.121341705322 180.45472717285 22.736101150513
19.814311981201 184.32144165039 13.099451065063
12.015891075134 178.44732666015 20.721294403076
12.385858535767 180.99388122558 19.971363067627
13.393377304077 179.16972351074 17.461521148682
14.236806869507 182.4991607666 16.613613128662
16.311471939087 180.92938232421 14.50074005127
16.669450759888 183.62809753418 14.506811141968
18.335432052612 187.39056396484 13.826740264893
16.978624343872 185.0151977539 14.371551513672
15.507132530212 188.78202819824 15.852670669556
14.112513542175 186.72357177734 17.253719329834
13.469386100769 189.89248657226 18.751560211182
12.373066902161 188.58181762695 21.807081222534
33.188972473145 177.31532287597 21.222412109375
28.554332733154 180.96820068359 31.815361022949
28.294355392456 183.62821960449 31.75421333313
30.761077880859 182.47889709472 29.594144821167
31.894496917725 178.97610473632 28.374574661255
32.583442687988 180.99507141113 26.275539398193
33.000659942627 178.44955444335 25.2171459198
31.457536697388 175.47326660156 16.85537147522
31.418998718262 177.74238586425 17.106321334839
29.102653503418 176.50251770019 14.473301887512
27.911024093628 173.41970825195 13.410237312317
25.489475250244 174.9330291748 12.593258857727
25.409509658813 172.88903808593 12.397742271423
21.053281784058 174.47375488281 12.112729072571
20.497539520264 171.38128662109 12.047426223755
25.133716583252 171.17370605468 12.219005584717
29.04419708252 169.43475341796 13.882399559021
28.80590057373 172.15782165527 13.961791038513
31.324602127075 170.97567749023 16.176677703857
32.562164306641 167.294921875 17.531997680664
33.846515655518 168.8874053955 21.472501754761
33.593502044678 166.72532653808 20.1003074646
19.499271392822 172.88742065429 12.417663574219
11.343452453613 166.7375793457 20.210775375366
11.675539016724 169.40690612793 19.750186920166
12.758599281311 167.5027770996 17.061634063721
13.635681152344 170.98826599121 16.179746627808
15.875502586365 169.39352416992 13.899840354919
16.235445022583 172.18280029296 13.912690162659
17.059774398804 173.41972351074 13.406135559082
15.5581407547 176.61378479003 14.679844856262
13.524683952332 175.47555541992 16.829259872437
12.814612388611 178.13269042968 18.380596160889
11.937680244446 177.122756958 20.593040466309
11.775085449219 177.31666564941 25.037214279175
30.244716644287 199.89413452148 17.907823562622
31.143869400024 202.9291229248 20.191118240356
30.384878158569 201.11218261718 18.248205184937
29.562255859375 204.1496887207 17.33836555481
29.642919540405 207.65202331543 17.881576538086
29.680236816406 210.25675964355 18.264749526978
27.950689315796 209.3514099121 16.260385513306
26.814336776733 206.07366943359 15.223725318909
25.119287490845 208.11666870117 14.695558547974
25.428674697876 205.63575744628 14.54229259491
21.191537857056 207.7121887207 14.259226799011
20.830966949463 204.15942382812 14.137191772461
24.668828964233 203.99877929687 14.278382301331
28.111131668091 202.48641967773 15.813872337341
20.096837997437 205.6591796875 14.437571525574
16.996044158936 202.54411315918 15.734502792358
14.673247337341 201.16413879394 18.088167190552
16.611944198608 204.78121948242 16.181936264038
18.156814575195 206.07362365722 15.218434333801
16.857189178467 209.39808654785 16.361797332764
15.321249008179 207.65203857421 17.88161277771
14.209966659546 210.79386901855 20.293041229248
13.948285102844 209.01022338867 21.004182815552
13.806065559387 209.179397583 24.716938018799
17.505338668823 230.26371765136 17.567916870117
15.301763534546 231.06196594238 21.077249526978
17.831043243408 232.66294860839 17.513486862183
20.34627532959 233.31700134277 16.194675445557
20.999589920044 231.77896118164 15.933053016663
22.211944580078 234.54438781738 15.976744651794
24.210424423218 231.70765686035 15.998365402222
25.120626449585 235.01033020019 16.494144439697
24.637464523315 233.31457519531 16.208944320679
27.48663520813 230.24076843261 17.5735206604
27.819328308105 232.4021911621 18.007984161377
27.833919525146 234.55406188964 18.334226608276
29.149959564209 236.98057556152 20.870225906372
27.389465332031 236.06224060058 18.086414337158
19.58443069458 235.12741088867 16.627601623535
17.154502868652 234.53460693359 18.300960540771
17.055475234985 236.32377624511 18.614246368408
15.7758436203 236.96798706054 21.05323600769
15.435215950012 236.15409851074 22.182191848755
28.43363571167 232.01557922363 27.493371963501
27.465063095093 230.25888061523 28.705989837646
27.075660705566 244.14399719238 18.488637924194
28.663692474365 244.97198486328 21.033029556274
27.676168441772 242.25160217285 18.924049377441
24.576541900635 240.98219299316 16.691583633423
24.625972747803 243.0645904541 16.849489212036
20.688896179199 242.94525146484 16.683435440063
24.121223449707 239.47036743164 16.49356842041
21.248128890991 239.58476257324 16.385679244995
27.151231765747 238.12707519531 17.958587646484
27.453468322754 240.13041687011 18.355113983154
17.83892250061 238.14897155761 17.953168869019
15.849101066589 238.92582702636 21.084520339966
18.1496925354 240.3720703125 17.894956588745
20.381656646729 240.98355102539 16.691804885864
17.466150283813 244.35900878906 18.921417236328
17.356288909912 242.22557067871 18.839056015015
16.288320541382 244.96276855468 21.108911514282
16.088935852051 243.37030029296 21.551223754883
28.025146484375 239.77085876464 27.199502944946
27.130859375 238.14393615722 28.319889068604
26.524694442749 246.17138671875 18.127305984497
23.333957672119 247.42797851562 16.808238983154
24.632316589355 248.64688110351 17.212047576904
27.88572883606 247.37419128418 19.733406066895
24.445537567139 248.65209960937 29.093231201172
23.379215240479 252.00050354003 29.142015457153
23.596714019775 247.35537719726 29.384737014771
27.134086608887 245.85968017578 27.689544677734
27.131031036377 247.84916687011 27.519184112549
23.500606536865 251.99986267089 17.163080215454
17.879371643066 247.86366271972 18.691902160645
16.03977394104 246.45346069335 22.559110641479
17.953939437866 245.91876220703 18.59959602356
20.062929153442 246.96099853515 17.228399276733
20.525468826294 248.64457702636 17.16473197937
19.886072158813 252.00019836425 17.603797912598
26.514013290405 252.00062561035 18.581117630005
26.393960952759 249.28996276855 18.292388916016
28.071756362915 250.45056152343 20.607194900513
28.565515518188 251.99996948242 22.167030334473
28.594385147095 250.99934387207 22.996580123901
27.653930664062 250.04553222656 26.640235900879
27.218162536621 252.00059509277 27.120222091675
33.02661895752 177.12294006347 25.667407989502
32.149669647217 178.1326599121 27.879835128784
31.442157745361 175.47648620605 29.427446365356
29.430519104004 176.62800598144 31.553470611572
27.965061187744 173.43896484375 32.822555541992
25.041051864624 174.77961730957 33.826267242432
25.461349487305 172.88761901855 33.843860626221
33.97594833374 164.89428710937 21.070291519165
28.984617233276 169.43493652343 32.41968536377
28.728982925415 172.18270874023 32.347854614258
24.465177536011 171.38279724121 34.213428497314
31.369634628296 170.96485900878 30.017433166504
32.55517578125 167.29312133789 28.738697052002
33.29398727417 169.40830993652 26.496076583862
33.743202209473 166.7215270996 25.3209400177
33.801006317139 164.68099975585 25.868741989136
32.849147796631 166.38771057128 28.180053710938
32.077396392822 162.86912536621 29.932838439941
30.48126411438 165.07882690429 31.529981613159
28.292791366577 160.64018249511 33.584503173828
27.247449874878 163.46699523925 33.843276977539
25.624441146851 160.04721069335 34.6565284729
32.060848236084 162.82746887207 16.284111022949
32.040935516357 165.95780944824 16.676525115967
29.690076828003 164.68054199218 13.968940734863
28.779905319214 160.8564453125 13.046084403992
25.970705032349 162.99644470214 11.925504684448
25.15990447998 160.041015625 11.512945175171
20.762855529785 162.44100952148 11.351872444153
20.352365493774 158.44473266601 11.225603103638
25.314289093018 158.22109985351 11.406510353088
27.723033905029 159.69523620605 12.377782821655
29.488258361816 156.34310913085 13.165097236633
31.19850730896 158.33149719238 14.835847854614
33.311500549316 154.0140838623 17.110946655273
33.589683532715 156.64709472656 18.164262771606
34.568447113037 153.39448547363 20.723306655884
34.725868225098 155.5241241455 22.675956726074
19.411931991577 160.0599822998 11.592128753662
12.024075508118 154.23439025878 16.619314193726
10.51763343811 153.41078186035 19.968338012695
10.478998184204 155.79177856445 20.728141784668
12.898135185242 157.87036132812 15.729241371155
15.398777961731 156.29121398925 13.203830718994
15.784989356995 159.24760437011 13.216222763062
16.141122817993 160.87902832031 13.063746452332
15.271249771118 164.6675415039 13.973237991333
12.865978240967 162.87477111816 16.360721588135
12.982755661011 165.92601013183 16.577798843384
11.163019180298 164.68112182617 20.39280128479
10.988119125366 164.89585876464 25.188934326172
34.879241943359 152.46086120605 21.873422622681
29.525485992432 156.3335571289 33.070274353027
29.179132461548 159.24758911132 33.044589996338
32.109317779541 157.84449768066 30.461631774902
33.306747436523 154.01187133789 29.157892227173
34.182464599609 156.0883026123 26.467720031738
34.437408447266 153.39860534668 26.361837387085
34.410594940186 151.86363220214 26.677555084229
33.560363769531 153.01704406738 17.613409042358
33.860935211182 151.22372436523 18.050445556641
31.283294677734 149.10215759277 14.051213264465
30.559717178345 151.31826782226 13.483214378357
27.737054824829 147.57690429687 11.539124488831
24.960695266724 148.95649719238 10.692321777344
24.987686157227 147.20648193359 10.658948898315
23.427124023438 145.65478515625 10.310307502747
27.734029769897 144.42204284668 11.294324874878
28.119398117065 146.83329772949 11.646611213684
31.81884765625 142.11874389648 13.948078155518
31.822099685669 145.36584472656 14.285088539124
34.356990814209 143.57818603515 17.820077896118
34.514404296875 140.46896362304 17.739141464233
35.247848510742 140.07089233398 19.649034500122
35.572368621826 142.37692260742 22.645175933838
19.515325546265 149.10511779785 10.834936141968
19.271348953247 147.20928955078 10.784246444702
11.304394721985 140.97184753418 16.160921096802
9.615268707275 140.06344604492 20.162570953369
9.649097442626999 142.66296386718 20.563634872437
12.216860771179 144.87232971191 15.242429733276
14.955070495605 143.21385192871 12.479325294495
15.368901252747 146.3755493164 12.494876861572
19.559467315674 145.28306579589 10.584808349609
16.238529205322 147.81884765625 11.970303535461
14.808080673218 151.12762451171 13.222416877747
12.132619857788 150.21266174316 15.961916923523
12.192540168762 152.5767211914 16.227621078491
35.67737197876 138.13137817382 20.768102645874
25.690813064575 147.20938110351 35.476951599121
29.967330932617 143.2590637207 33.794551849365
29.595499038696 146.37539672851 33.765727996826
25.424068450928 145.27684020996 35.670539855957
32.791492462158 144.84426879882 30.945751190186
34.054378509521 140.73068237304 29.578807830811
34.991546630859 142.97994995117 26.696697235107
35.271179199219 140.07391357421 26.546613693237
35.477180480957 137.87915039062 26.271495819092
33.536590576172 135.77397155761 30.888162612915
33.403930664062 139.14486694335 30.642606735229
30.683708190918 137.62199401855 33.733757019043
29.16379737854 133.16226196289 35.133144378662
25.607217788696 135.4284210205 36.294605255127
26.091014862061 132.47341918945 36.367977142334
33.497428894043 135.71942138671 15.293221473694
33.459499359131 139.17436218261 15.705835342407
30.664651870728 137.62405395507 12.501244544983
29.712882995605 133.41091918945 11.542375564575
26.176834106445 135.62980651855 10.167263031006
25.560897827148 132.46543884277 9.788526535034
21.978544235229 134.99291992187 9.564932823181
20.040699005127 130.80908203125 9.468523979186999
25.728609085083 130.54692077636 9.675347328186
28.513040542603 132.0613708496 10.786173820496
30.524923324585 128.34413146972 11.691863059998
32.507568359375 130.46864318847 13.61722278595
34.449172973633 125.92915344238 15.582356452942
35.240898132324 128.51008605957 17.421560287476
36.275108337402 124.91912841796 19.869766235352
36.549610137939 127.18762207031 22.607425689697
18.954875946045 132.48797607421 9.879135131836
10.515739440918 125.92153167724 15.579778671265
8.746341705321999 124.9375 19.514305114746
8.691097259520999 127.50253295898 20.372570037842
11.396543502808 129.89094543457 14.744152069092
14.51070022583 128.37216186523 11.645018577576
14.781006813049 131.54029846191 11.748609542847
16.978168487549 136.26152038574 10.826397895813
15.196953773499 133.43867492675 11.568897247314
13.28392124176 138.15293884277 13.479707717896
11.407462120056 135.76889038085 15.404431343079
10.576593399048 139.67532348632 17.316705703735
9.48682975769 137.87944030761 19.990213394165
9.286812782287999 138.1297302246 25.492969512939
36.59264755249 123.78726959228 20.61594581604
30.444953918457 128.37438964843 34.621307373047
30.183143615723 131.54028320312 34.512222290039
24.925218582153 130.8071899414 36.792079925537
33.560852050781 129.89291381835 31.525615692139
34.447750091553 125.92203521728 30.682060241699
35.925495147705 127.85080718994 26.960445404053
36.217803955078 124.93754577636 26.746795654297
36.379802703857 123.51988220214 26.472887039185
34.276920318604 121.2365951538 31.462217330933
34.204364776611 123.92213439941 31.202955245972
31.275405883789 122.27096557617 34.525699615479
30.276620864868 118.7668685913 35.487247467041
25.838531494141 119.90112304687 37.265975952148
26.269559860229 117.74601745605 37.293251037598
35.267425537109 124.5048751831 16.895143508911
34.261981964111 121.20768737793 14.756062507629
31.597305297852 122.4234085083 11.950588226318
30.220508575439 118.73727416992 10.746117591858
26.446115493774 120.11842346191 9.209406852721999
26.217041015625 117.7459487915 8.94741153717
21.940650939941 119.42850494384 8.5634765625
19.874399185181 116.10979461669 8.534266471863001
25.948759078979 115.82762145996 8.754353523254
18.69522857666 117.74597930908 8.967374801636
9.696899414062001 110.84958648681 15.059516906738
7.804099559784 109.79232788085 19.2653465271
7.732398033142 112.33841705322 20.184043884277
10.621434211731 114.93081665039 14.172068595886
13.933067321777 113.4575881958 10.877570152283
14.240148544312 116.72235870361 10.966079711914
16.571636199951 120.80522155761 9.9186668396
14.691432952881 118.76546478271 10.770955085754
11.432891845703 123.49854278564 13.972842216492
10.660544395447 121.23503875732 14.841860771179
8.584180831909 123.52024078369 19.788888931274
8.37148475647 123.78555297851 25.644989013672
31.111261367798 113.4273147583 10.93005657196
30.824338912964 116.687210083 11.029609680176
33.443927764893 115.4229888916 13.249607086182
35.26741027832 110.85778808593 15.061285972595
36.12512588501 113.44005584716 17.023441314697
37.1393699646 109.79237365722 19.211250305176
37.527767181396 111.99404144287 22.571500778198
37.609935760498 107.71707916259 20.41858291626
31.022666931152 113.45927429199 35.388851165771
30.72371673584 116.72245025634 35.294929504395
25.091608047485 116.10774993896 37.726329803467
34.34228515625 114.93106079101 32.089233398438
35.267112731934 110.84983825683 31.201427459717
36.860157012939 112.7184677124 27.222230911255
37.242698669434 109.76794433593 26.542413711548
37.380847930908 107.42190551757 26.734773635864
36.136516571045 109.31783294677 29.811115264893
35.161289215088 104.95858764648 32.00866317749
32.990383148193 107.53610992431 34.232330322266
32.578205108643 103.15621185302 34.950969696045
28.719858169556 105.31578826904 37.305717468262
28.436965942383 101.49026489257 37.64725112915
35.222476959229 104.99730682373 14.347058296204
35.069717407227 108.73518371582 14.600269317627
31.844482421875 106.93701171875 10.938202857971
32.619453430176 103.19022369384 11.347548484802
28.457418441772 101.48582458496 8.616646766662999
26.187036514282 104.39791870117 8.048694610596
26.6279296875 101.12003326416 7.943626403809
21.401298522949 103.94400787353 7.662654876709
6.734036922455 92.581169128418 18.981660842896
6.325866699219 91.66586303710901 25.99676322937
6.484984397888 95.133781433105 21.542835235596
6.566376209259 91.35357666015599 19.323991775513
36.056606292725 88.66870880127 13.705827713013
38.208484649658 92.581253051758 18.925466537476
38.638290405273 91.668045043945 20.264387130737
35.989566802979 91.44109344482401 13.979472160339
32.462509155273 89.456901550293 9.980658531189
31.716773986816 85.842277526855 9.151805877686
27.024480819702 86.977867126465 7.163740634918
26.761035919189 84.554649353027 6.882657051086
21.859727859497 86.171142578125 6.423117160797
19.492364883423 82.70044708252 6.411331176758
26.45573425293 82.371139526367 6.662915229797
32.327381134033 79.58935546875 9.138878822326999
32.06173324585 83.333168029785 9.279558181763001
35.959041595459 81.366592407227 12.730523109436
36.923595428467 76.713577270508 13.547739982605
38.67497253418 79.05999755859401 17.686960220337
39.34672164917 75.355506896973 19.007120132446
39.717918395996 77.96662139892599 22.489566802979
18.617389678955 84.53237915039099 6.816634654999
8.037522315979 76.702919006348 13.55052280426
5.568778038025 75.34112548828099 19.215900421143
5.58548784256 78.361198425293 19.75386428833
8.166761398315 80.711013793945 13.975913047791
10.638459205627 82.28150939941401 11.077610015869
12.700392723083 79.599075317383 9.094586372375
15.094727516174 84.03684997558599 8.011936187744
15.697019577026 87.78488922119099 7.982050895691
14.787908554077 85.345840454102 8.323872566223001
10.99418258667 87.144729614258 11.114950180054
11.514501571655 89.99489593505901 10.960145950317
9.100792884826999 91.367073059082 13.765343666077
8.186379432678001 89.446578979492 15.061166763306
7.857411384583 96.541885375977 16.563341140747
8.12672996521 93.341423034668 15.679175376892
10.918152809143 95.130363464355 11.91418838501
12.370781898499 99.57171630859401 10.860391616821
16.051321029663 98.019256591797 8.557168006896999
18.35521697998 101.14631652832 7.948825359344
20.903255462646 99.518524169922 7.414494037628
26.161359786987 99.116401672363 7.695111274719
31.707807540894 96.507461547852 10.032836914062
31.45832824707 100.0051498413 10.162917137146
35.104713439941 98.169723510742 13.384160041809
36.01940536499 93.832077026367 14.1625623703
38.141044616699 95.517532348633 19.401628494263
17.560247421265 104.83476257324 8.493670463561999
14.022683143616 102.32819366455 9.976050376891999
13.012580871582 106.96887207031 11.023653030396
10.010419845581 104.77898406982 13.86000919342
9.960140228270999 108.69895935058 14.496759414673
7.58306646347 107.42234802246 19.52728843689
7.354249000549 107.71504211425 25.842664718628
39.863773345947 73.266983032227 20.76736831665
34.326286315918 82.281242370605 35.182674407959
36.926620483398 76.70303344726599 32.709999084473
36.927951812744 80.597160339355 32.090347290039
32.274486541748 79.596145629883 37.158798217773
29.86918258667 84.03688812255901 38.248870849609
25.474100112915 82.697914123535 39.849212646484
26.34662437439 84.532363891602 39.444149017334
38.952964782715 78.79638671875 27.818508148193
39.367866516113 75.35439300537099 27.192588806152
39.556274414062 72.828201293945 27.184999465942
37.056720733643 74.246139526367 32.806148529053
37.50728225708 70.476264953613 32.409980773926
34.533065795898 68.137252807617 36.293098449707
32.367523193359 71.563179016113 37.714149475098
30.570417404175 66.34136962890599 39.099308013916
26.498363494873 69.050262451172 40.468276977539
26.755197525024 65.52556610107401 40.608207702637
38.377487182617 71.369010925293 15.570021629333
37.307064056396 74.39105224609401 13.92501449585
35.934150695801 69.119583129883 11.568350791931
34.076404571533 72.48354339599599 10.001738548279
31.885349273682 66.748237609863 7.845634937286
30.644798278809 70.678840637207 7.467324256897
26.540727615356 65.51071929931599 5.602590560913
25.230951309204 68.75445556640599 5.5338306427
21.756099700928 63.924922943115 5.088255882263
30.560956954956 64.928108215332 6.981489181519
35.237075805664 63.076000213623 10.211108207703
31.945728302002 61.000839233398 7.510533332825
26.651391983032 63.381622314453 5.459645748138
36.097553253174 58.504993438721 10.656901359558
38.466678619385 60.85669708252 14.323732376099
39.004863739014 56.640422821045 14.760034561157
40.448181152344 58.972606658936 18.957218170166
40.566379547119 55.794437408447 18.707035064697
41.046363830566 54.781265258789 20.616788864136
18.446380615234 69.053840637207 5.798593044281
18.338249206543 65.515975952148 5.627922534943
4.345639228821 55.778701782227 18.936399459839
3.965492010117 54.679172515869 26.28982925415
4.150190830231 58.554275512695 21.310163497925
4.236444950104 54.327186584473 18.861423492432
7.147930622101 51.055553436279 11.993776321411
8.525671958923001 53.615367889404 10.647902488708
5.867082118988 55.133655548096 14.593636512756
5.886347770691 60.360034942627 15.236436843872
6.667956829071 57.062698364258 13.398733139038
9.62483215332 63.011371612549 10.312044143677
10.520052909851 59.531200408936 9.198188781738001
14.418177604675 64.92709350585901 6.973981380463
15.933468818665 62.559631347656 6.083269119263
13.073299407959 66.75643157959 7.847805500031
13.983655929565 70.862106323242 7.707677364349
10.011657714844 73.008430480957 10.82866191864
8.948260307311999 69.190780639648 11.654101371765
6.899538993835 74.780227661133 15.335486412048
6.298361778259 71.67270660400401 16.149549484253
4.966722011566 73.457878112793 22.466159820557
40.814292907715 58.553592681885 24.948949813843
40.533477783203 55.788223266602 27.798025131226
39.085819244385 60.365859985352 31.008556365967
37.619785308838 57.475105285645 33.827629089355
21.794654846191 64.02630615234401 41.251575469971
29.06591796875 62.528282165527 40.156555175781
30.668830871582 64.857460021973 39.15588760376
34.821815490723 63.310688018799 36.467460632324
33.755771636963 59.904022216797 37.547145843506
40.717395782471 54.313716888428 27.450136184692
38.479480743408 95.132781982422 24.71662902832
38.230113983154 92.581214904785 27.279434204102
38.397388458252 91.352836608887 26.938613891602
36.02417755127 88.660537719727 32.587810516357
35.861145019531 91.36540985107401 32.500358581543
31.854299545288 85.901962280273 37.032154083252
32.511524200439 89.467422485352 36.22912979126
26.331413269043 86.724609375 39.342380523682
37.1116065979 96.551109313965 29.686655044556
36.837600708008 93.341438293457 30.581312179565
28.925798416138 98.029594421387 37.69612121582
26.601421356201 101.12480163574 38.325790405273
24.061466217041 99.518013000488 38.846172332764
32.590450286865 99.573051452637 35.391017913818
34.013805389404 95.155349731445 34.38049697876
38.379810333252 54.739452362061 33.002296447754
37.949016571045 51.173580169678 34.036193847656
41.94429397583 39.386108398438 26.171148300171
41.751823425293 36.246162414551 28.109800338745
33.531669616699 51.956272125244 38.461280822754
35.090324401855 49.150196075439 37.355869293213
31.016881942749 47.274566650391 40.330055236816
27.647331237793 46.521862030029 41.671401977539
27.88059425354 44.028896331787 41.722766876221
34.146667480469 40.937534332275 38.927913665771
33.361568450928 45.22550201416 39.0510597229
36.679161071777 43.655048370361 36.271923065186
39.366989135742 37.585033416748 33.502613067627
39.638187408447 41.620868682861 32.502895355225
42.018009185791 33.503345489502 27.763336181641
39.68083190918 30.776351928711 33.737194061279
38.761631011963 34.714031219482 34.741790771484
36.287899017334 28.07350730896 38.178417205811
33.808040618896 31.900995254517 39.816593170166
31.742595672607 25.994867324829 41.403015136719
27.076484680176 28.929012298584 42.98331451416
27.227457046509 25.04221534729 43.160076141357
42.033046722412 18.507436752319 30.791030883789
41.383666992188 14.978319168091 32.71114730835
29.985397338867 21.804920196533 42.625110626221
21.695512771606 23.523225784302 43.856399536133
31.714763641357 24.362997055054 41.618534088135
35.379425048828 18.75218963623 39.633689880371
36.277126312256 22.627298355103 38.559383392334
38.895084381104 16.54711151123 36.409782409668
39.123760223389 20.940679550171 35.661766052246
17.402473449707 3.581116199493 44.508686065674
14.56472492218 7.209359645844 43.359066009521
10.981725692749 5.020642280579 41.787605285645
9.658938407898001 9.687700271605999 40.456520080566
4.984754562378 8.675441741943001 35.985931396484
6.524997711182 11.485083580017 37.405162811279
3.357060670853 13.286568641663 32.682464599609
1.895581245422 12.054018974304 29.005561828613
1.763320565224 13.991261482239 28.043733596802
2.163524866104 17.756008148193 29.066253662109
4.402809143066 15.478908538818 34.285541534424
5.80375289917 20.916213989258 35.615325927734
8.899913787841999 18.387670516968 39.152297973633
8.772889137268001 22.675022125244 38.632022857666
13.233556747437 24.364082336426 41.610397338867
14.221150398254 21.370088577271 42.284355163574
17.287145614624 25.054084777832 43.092891693115
18.583381652832 28.716678619385 43.181285858154
12.61116027832 31.110311508179 40.703140258789
10.644464492798 26.925765991211 39.867027282715
8.329563140869 33.42924118042 37.343467712402
6.532599925995 29.631261825562 35.604526519775
4.638123989105 35.567665100098 32.040428161621
3.635470628738 32.576629638672 30.384305953979
3.15075969696 36.222023010254 27.710371017456
3.445221185684 39.870025634766 28.257432937622
5.591759204865 37.589477539062 33.495235443115
7.121699810028 43.042175292969 35.099376678467
10.800161361694 40.910400390625 38.934009552002
12.080980300903 45.397094726562 39.393669128418
17.924468994141 44.354637145996 41.97456741333
5.959710597992 56.64049911499 31.501447677612
4.509718894958 58.968841552734 27.283744812012
4.372679233551 55.784702301025 27.42156791687
6.497338294983 60.856548309326 31.936784744263
9.215440750121999 58.732395172119 36.002086639404
9.752828598022001 63.092361450195 36.075397491455
13.221404075623 64.56292724609401 38.577564239502
15.263464927673 62.172058105469 39.874050140381
17.818828582764 65.530792236328 40.548515319824
19.075296401978 68.867462158203 40.641632080078
13.904746055603 70.893852233887 38.509502410889
12.14621925354 67.14527893066401 37.762126922607
10.161079406738 72.904663085938 35.589332580566
8.559886932373001 69.47858428955099 34.0530128479
6.907299041748 74.779815673828 30.941719055176
6.00949716568 72.03384399414099 29.470674514771
5.593732833862 75.346298217773 27.128925323486
5.757185935974 78.535675048828 27.100894927979
8.04052734375 76.71340179443401 32.713047027588
8.954339027405 81.371879577637 33.462429046631
12.642720222473 79.59083557128901 37.125911712646
12.902740478516 83.333290100098 36.981441497803
18.202560424805 84.5546875 39.377967834473
18.508260726929 82.371299743652 39.597858428955
19.214862823486 86.55222320556599 39.510871887207
13.230655670166 85.84446716308599 37.097629547119
12.509139060974 89.455612182617 36.285785675049
8.924244880676 88.649528503418 32.580833435059
8.99273109436 91.4287109375 32.317493438721
6.755641460419 92.581192016602 27.334873199463
6.814739227295 95.50804138183599 26.832969665527
8.128063201904 93.34169769287099 30.583992004395
9.859344482421999 98.16961669921901 32.876487731934
10.831227302551 95.071174621582 34.259422302246
13.529825210571 100.01317596435 36.109851837158
14.654140472412 97.28353881835901 36.985637664795
18.820907592773 99.120658874512 38.571113586426
18.291061401367 101.14916992187 38.294067382812
23.563684463501 103.94346618652 38.598175048828
7.882961273193 112.4914855957 26.597396850586
7.824739456177 109.79231262207 27.049032211304
9.734079360961999 105.00070953369 31.902017593384
13.562531471252 102.49582672119 36.002269744873
13.092348098755 106.95307922363 35.293476104736
9.895034790039 108.73483276367 31.661287307739
9.695512771605999 110.85725402832 31.19753074646
10.706509590149 114.96303558349 32.200721740723
13.846783638 113.4256286621 35.326671600342
14.140183448792 116.68738555908 35.231395721436
18.746505737305 117.74597930908 37.313205718994
19.01496887207 115.82764434814 37.506332397461
19.630823135376 119.75482940673 37.411926269531
14.68646812439 118.75910186767 35.487468719482
13.804559707642 122.23815155029 34.613548278809
10.687690734863 121.25673675537 31.459268569946
10.699689865112 123.95472717285 31.107944488525
8.764953613281 124.9375 26.795045852661
8.828531265259 127.63930511474 26.365238189697
10.514282226562 125.92864227294 30.677228927612
11.481541633606 129.92236328125 31.628614425659
14.43239402771 128.34182739257 34.564472198486
14.689877510071 131.50932312011 34.454444885254
18.93935585022 132.47648620605 36.391735076904
19.234954833984 130.546875 36.585289001465
19.821668624878 135.2957458496 36.428642272949
15.791508674622 133.159866333 35.127948760986
14.388477325439 137.59205627441 33.815677642822
11.456234931946 135.76293945312 30.930171966553
11.504824638367 139.17434692382 30.555034637451
9.703038215636999 140.08503723144 26.532173156738
9.78003692627 142.79039001464 26.150791168213
10.816481590271 140.68955993652 29.17778968811
12.242381095886 144.86924743652 31.037599563599
12.976957321167 142.03962707519 32.14476776123
15.322954177856 146.36810302734 33.740852355957
17.249084472656 144.41729736328 34.975967407227
25.422843933105 149.09747314453 35.433208465576
11.434993743896 153.00381469726 28.72159576416
11.086232185364 151.23712158203 28.171314239502
10.084777832031 152.45884704589 24.387308120728
10.466766357422 153.39543151855 25.965152740479
10.550207138062 151.86351013183 19.592947006226
10.598917007446 155.90840148925 25.949119567871
12.049529075623 154.26026916503 29.693281173706
13.105579376221 157.98358154296 30.836048126221
15.497171401978 156.33438110351 33.109519958496
17.241582870483 159.69522094726 33.883110046387
19.649044036865 158.22096252441 34.854053497314
16.661214828491 160.63832092285 33.577331542969
15.336331367493 164.65640258789 32.331436157227
12.843681335449 162.86946105957 29.870635986328
12.923351287842 165.95777893066 29.584310531616
11.358911514282 166.7377166748 26.090335845947
11.114813804626 168.87257385253 24.782739639282
12.775287628174 167.52424621582 29.24002456665
13.638545036316 170.97503662109 30.082271575928
15.95034122467 169.43951416015 32.397609710693
16.137733459473 172.15139770507 32.288478851318
19.557640075684 172.8892211914 33.863609313965
19.831262588501 171.173828125 34.041881561279
20.313474655151 174.67135620117 33.93924331665
16.994657516479 173.43774414062 32.820129394531
15.835891723633 176.51538085937 31.762340545654
13.502094268799 175.47468566894 29.398464202881
13.545497894287 177.74224853515 29.154823303223
12.087034225464 178.46406555175 25.89391708374
11.861563682556 180.49060058593 24.675867080688
13.406867980957 179.18586730957 28.835336685181
14.393698692322 182.58171081543 29.885177612305
16.379215240479 180.97123718261 31.792892456055
17.934915542603 184.01040649414 32.481334686279
20.032384872437 182.57641601562 33.331733703613
16.251291275024 188.42466735839 31.105947494507
15.27742099762 185.9009399414 30.46484375
14.170813560486 189.52531433105 28.729251861572
12.998514175415 187.81266784668 26.838151931763
12.815895080566 190.19023132324 25.701108932495
12.600953102112 192.23654174804 23.495805740356
13.512915611267 193.09155273437 27.126893997192
14.041125297546 190.85673522949 28.433135986328
15.473353385925 194.41532897949 29.863059997559
16.816976547241 192.49530029296 31.194929122925
18.263330459595 195.46797180175 31.821708679199
19.488079071045 195.77537536621 32.352542877197
20.602094650269 197.28285217285 32.511569976807
16.747976303101 198.82443237304 30.656364440918
15.78985786438 197.21733093261 29.947885513306
14.718544960022 199.89582824707 28.351392745972
13.669783592224 198.99554443359 26.574844360352
13.483485221863 200.50712585449 25.636131286621
14.010962486267 203.11764526367 19.652545928955
13.320264816284 202.45207214355 22.302131652832
13.501599311829 202.63943481445 25.091222763062
15.431307792664 204.16836547851 28.968448638916
14.812005996704 201.25816345214 28.352294921875
17.044496536255 202.56439208984 30.554492950439
20.29380607605 203.99493408203 31.979829788208
28.130214691162 202.46910095214 30.432487487793
28.359203338623 204.77336120605 30.081212997437
30.276941299438 201.17921447753 28.154853820801
30.94881439209 203.10864257812 26.619674682617
16.207969665527 209.75531005859 29.366655349731
15.26570892334 207.69429016113 28.285440444946
14.109625816345 210.81648254394 25.428800582886
13.92502117157 212.57817077636 24.378419876099
14.869745254517 211.22024536132 27.326768875122
15.975403785706 214.22023010253 28.591186523438
17.503118515015 212.761428833 30.073003768921
19.732418060303 215.56048583984 31.113578796387
20.449403762817 214.0308227539 31.353506088257
20.019069671631 217.34417724609 31.108282089233
18.361766815186 215.98947143554 30.420579910278
16.189405441284 219.14593505859 28.3460521698
15.772169113159 217.43733215332 27.917591094971
14.672644615173 219.89672851562 25.27262878418
14.90264415741 222.07667541503 25.709205627441
15.408401489258 220.2720336914 27.085554122925
16.803161621094 223.39141845703 28.552188873291
17.779409408569 221.67620849609 29.574588775635
19.973850250244 224.45889282226 30.575397491455
20.585382461548 222.86225891113 30.802057266235
23.873050689697 223.01261901855 30.931884765625
16.688339233398 225.78620910644 28.30403137207
16.642560958862 228.28810119628 27.967903137207
15.222543716431 228.97874450683 25.080072402954
14.963293075562 227.42677307128 24.500694274902
15.48509311676 231.19357299804 25.574752807617
15.918965339661 229.3235168457 26.80135345459
17.225479125977 232.36029052734 28.161211013794
18.119190216064 230.61163330078 29.11127281189
20.141773223877 233.32514953613 30.020753860474
21.530584335327 231.91285705566 30.450702667236
24.527784347534 231.59951782226 30.164707183838
19.843908309937 235.02101135253 29.772579193115
17.117553710938 234.54901123046 27.932376861572
17.041334152222 236.33245849609 27.635225296021
15.725113868713 236.97517395019 24.941848754883
15.710369110107 235.85095214843 25.101886749268
15.937084197998 238.98332214355 25.356607437134
16.67328453064 237.48481750488 26.970157623291
17.584197998047 240.08985900878 27.818712234497
19.443862915039 239.07431030273 29.429847717285
20.389537811279 240.99523925781 29.572031021118
23.685668945312 239.5931854248 29.877866744995
17.876323699951 244.15312194824 27.908533096313
17.656425476074 241.9408416748 27.891471862793
16.287048339844 244.96286010742 25.142011642456
15.983441352844 243.48495483398 24.313364028931
17.165361404419 247.41139221191 26.715717315674
18.443315505981 246.18461608886 28.135583877563
20.440113067627 248.65461730957 29.081712722778
20.973001480103 247.24598693847 29.283178329468
20.367050170898 251.99998474121 28.79442024231
17.23606300354 252.0002746582 20.103183746338
17.782279968262 249.72846984863 19.092554092407
28.804862976074 147.84881591796 34.247009277344
30.192300796509 151.1473083496 33.005428314209
32.849067687988 150.22587585449 30.262727737427
32.812088012695 152.59906005859 29.9684715271
6.119240760803 52.112823486328 32.406154632568
5.755037784576 55.181995391846 31.435190200806
18.706840515137 104.41677856445 38.193607330322
27.814884185791 252 23.900926589966
28.223657608032 252 22.809732437134
27.149305343628 252 22.359806060791
42.240531921387 2 22.809728622437
43.815814971924 2 23.033292770386
43.028953552246 2 22.349388122559
42.780220031738 2 23.981330871582
28.247129440308 254 22.826988220215
27.461650848389 254 22.358461380005
27.993925094604 254 23.708541870117
27.091054916382 254 23.854526519775
26.740531921387 254 22.809730529785
43.829700469971 0 23.005945205688
43.098175048828 0 23.916168212891
42.866020202637 0 22.344566345215
42.134494781494 0 23.254791259766
37.08249092102042 28.63748645782427 24.04062223434448
37.97353935241625 21.64179706573531 21.89361286163356
39.44425582885765 8.278659105300516 22.49214792251601
22.71967840194701 33.62830734252909 9.258962631225121
21.73964405059851 10.42302274703957 6.944180488586584
22.13966941833501 18.56993007659861 39.39299392700173
17.11699386504963 227.3758759185786 23.05708320324892
CELLS 4079 20395
4 200 167 794 166
4 1174 95 99 1173
4 81 983 73 1867
4 130 277 129 1395
4 1318 326 738 320
4 126 1410 127 131
4 920 918 1849 919
4 1516 593 1518 592
4 397 1028 396 1005
4 1774 372 1072 371
4 122 1130 123 199
4 95 1174 99 94
4 1694 310 734 311
4 16 15 1556 14
4 270 268 295 1350
4 398 1005 397 395
4 1250 229 154 153
4 7 1588 9 767
4 106 372 105 1774
4 1514 591 1513 590
4 106 372 1774 371
4 326 1318 319 320
4 64 428 63 1231
4 1610 671 1608 669
4 1808 72 1867 1807
4 1050 369 204 216
4 356 1140 330 331
4 1591 763 1592 765
4 229 1250 154 1246
4 212 1037 210 211
4 794 167 791 166
4 326 1318 1319 319
4 664 1848 663 661
4 1814 471 443 442
4 827 692 655 693
4 535 881 534 879
4 366 167 365 794
4 485 486 487 1819
4 535 881 879 880
4 1174 95 1173 93
4 830 654 655 829
4 1440 548 547 493
4 18 1606 1601 19
4 90 1026 389 390
4 283 287 1374 1359
4 1012 402 383 479
4 449 451 958 452
4 1024 474 998 390
4 1421 289 141 142
4 971 464 1016 461
4 289 1421 141 1387
4 683 668 682 814
4 1374 272 275 273
4 199 1130 198 196
4 804 343 344 802
4 298 1410 300 1700
4 1163 206 380 207
4 1694 310 311 1692
4 32 804 30 33
4 463 1016 461 1015
4 828 827 655 693
4 1523 594 1521 1522
4 1012 1001 1013 1009
4 817 688 819 686
4 993 448 462 463
4 1374 272 273 1358
4 1250 153 753 759
4 1850 916 915 917
4 923 926 666 925
4 645 927 668 667
4 475 386 476 975
4 908 44 54 847
4 817 688 820 819
4 199 1130 196 1131
4 1328 260 34 1314
4 814 683 813 815
4 86 1180 417 85
4 1281 334 341 1280
4 827 655 829 828
4 387 1000 401 402
4 815 816 684 813
4 35 260 34 1328
4 212 1037 211 219
4 1864 866 900 865
4 1077 173 1079 175
4 96 92 788 97
4 1006 395 1005 398
4 926 927 667 925
4 418 1180 86 1181
4 1720 1722 1723 340
4 993 462 990 988
4 451 958 964 466
4 1087 166 794 791
4 56 1228 1213 1830
4 1204 407 408 1200
4 665 1848 664 922
4 1000 387 401 999
4 1570 577 580 1567
4 446 1802 989 447
4 1299 1291 1276 243
4 165 158 1247 1138
4 159 158 1247 165
4 993 448 990 462
4 210 211 1037 1045
4 1782 223 221 222
4 1035 789 223 790
4 817 819 818 686
4 1814 443 1813 954
4 813 817 816 686
4 404 947 940 942
4 1795 386 476 477
4 387 1000 402 383
4 667 924 666 925
4 41 40 1377 39
4 514 1443 1442 1673
4 746 1377 40 1707
4 993 461 463 462
4 788 92 98 97
4 637 625 642 1863
4 387 1000 1001 999
4 1719 804 32 1329
4 514 1443 509 1442
4 575 775 1504 579
4 81 983 480 73
4 810 809 5 811
4 15 1557 1556 14
4 380 1163 207 378
4 781 1855 1854 1856
4 1852 1856 781 1854
4 1852 1856 1853 781
4 1095 185 1093 1094
4 18 1606 1602 1601
4 631 866 630 632
4 371 1072 1774 1073
4 1802 468 446 77
4 691 689 824 690
4 1072 371 1071 1073
4 387 1001 383 1009
4 1795 1022 1796 1797
4 1835 61 69 431
4 172 1059 1080 1074
4 993 461 462 988
4 1814 442 443 954
4 268 1350 1349 1351
4 1683 302 1496 1401
4 768 591 705 1514
4 1291 151 1297 1277
4 1606 25 527 760
4 692 825 690 691
4 485 486 1819 484
4 295 1364 297 1366
4 268 1364 295 1365
4 1767 116 175 1078
4 1131 196 1132 1129
4 432 433 781 1845
4 1606 25 760 19
4 1281 341 241 340
4 1523 594 1527 1521
4 200 167 366 794
4 35 260 1328 259
4 1184 418 1181 1182
4 343 804 33 30
4 686 688 819 687
4 41 1378 39 1375
4 689 687 822 688
4 864 865 866 629
4 924 923 666 925
4 387 1000 383 1001
4 39 1378 291 1376
4 693 691 826 692
4 753 1741 1742 1250
4 34 1336 1328 1314
4 1005 395 396 397
4 1555 496 507 1466
4 218 116 175 1767
4 335 797 798 795
4 398 1158 731 1157
4 1658 494 499 1656
4 1570 577 578 580
4 1129 1130 196 1128
4 645 930 928 646
4 1351 1350 295 268
4 325 1377 746 1707
4 436 1231 428 64
4 34 1336 1337 1328
4 1381 1374 287 1359
4 218 116 1767 115
4 343 804 30 802
4 798 335 1730 797
4 7 1588 767 6
4 81 1867 985 983
4 1363 298 1700 1410
4 541 535 532 881
4 1410 126 1409 1362
4 509 1441 1442 1443
4 1605 18 1606 1602
4 1381 1374 1382 287
4 117 1760 1062 1061
4 326 1318 738 1319
4 289 1694 1421 1387
4 646 668 645 930
4 1673 714 514 715
4 1387 1421 141 1388
4 215 204 216 1050
4 825 826 824 691
4 1163 206 1164 1161
4 692 826 825 691
4 961 962 468 447
4 924 667 666 665
4 1291 1277 1276 243
4 1808 72 1805 1867
4 892 911 640 656
4 1642 5 809 811
4 1350 1351 295 1360
4 1163 206 1161 380
4 1533 608 603 1532
4 1551 598 698 699
4 1821 483 485 1819
4 1606 1608 25 18
4 931 624 873 885
4 1425 138 1424 136
4 476 1797 1798 475
4 1648 709 708 707
4 685 819 686 818
4 1442 509 1444 1441
4 463 1014 1016 1015
4 210 1045 1037 1044
4 579 1504 576 1571
4 1845 1852 1846 781
4 1845 1852 781 1854
4 442 1814 1815 953
4 90 1027 1026 1025
4 277 129 1395 1396
4 185 1094 1092 1093
4 199 1130 123 198
4 380 1161 1162 1160
4 1313 1328 1314 259
4 975 388 475 386
4 1496 312 1495 1400
4 410 407 1204 411
4 208 210 209 1153
4 158 1138 165 1136
4 993 461 988 463
4 826 828 693 827
4 885 932 931 1863
4 1700 1699 1410 300
4 854 614 675 674
4 383 1000 402 1001
4 788 92 1784 98
4 657 640 911 656
4 1394 277 1395 1396
4 1537 517 1538 1644
4 229 1250 759 153
4 1174 95 93 94
4 473 472 390 997
4 1078 116 175 1043
4 653 655 830 654
4 1566 561 1447 1567
4 814 682 683 815
4 1722 1725 1723 340
4 451 450 449 958
4 249 1316 352 1315
4 442 1814 953 954
4 781 1855 1845 1854
4 395 1159 1158 1156
4 1571 1570 1569 578
4 653 539 830 655
4 1180 418 1182 1181
4 1814 79 443 471
4 158 1138 1136 1137
4 623 626 627 870
4 825 827 826 692
4 299 298 127 1410
4 335 796 797 795
4 54 847 844 908
4 131 1410 127 298
4 781 433 432 434
4 1380 1381 287 1359
4 930 928 668 645
4 899 900 633 866
4 746 1377 41 40
4 32 804 1332 1329
4 1050 369 1060 1052
4 249 248 250 1303
4 911 892 640 890
4 164 1261 1260 795
4 1336 34 1335 1314
4 196 1131 1130 1129
4 645 666 926 667
4 1151 119 1150 1105
4 1460 566 565 1461
4 344 343 342 799
4 1297 1298 151 1291
4 365 793 1754 794
4 286 283 1374 275
4 819 685 686 687
4 1050 369 1052 204
4 86 1180 416 417
4 249 251 248 1303
4 1374 273 275 283
4 1453 552 1454 1452
4 119 118 1150 1149
4 117 1116 1061 1115
4 1665 1666 505 1503
4 343 345 342 799
4 122 1130 199 1131
4 1807 76 1805 72
4 1406 129 128 125
4 126 1410 131 1363
4 1506 571 1505 1462
4 517 1537 1538 1536
4 1377 325 1706 1705
4 56 1213 1214 1830
4 891 889 640 890
4 1694 311 734 142
4 268 1361 1364 1365
4 474 390 997 998
4 404 940 941 942
4 436 1231 64 1226
4 843 852 842 521
4 1226 1233 1234 1219
4 391 1005 1028 1029
4 204 1050 1051 1052
4 668 762 682 930
4 927 668 929 928
4 336 335 1729 1730
4 180 1055 1057 201
4 1186 444 452 982
4 1560 704 1651 1652
4 98 97 101 787
4 372 371 1071 1072
4 928 668 929 930
4 1250 759 753 1743
4 1836 783 65 782
4 787 786 101 789
4 41 1379 1378 1375
4 823 825 824 690
4 1401 315 314 312
4 623 627 628 870
4 1204 408 1203 1200
4 575 1504 1502 576
4 1588 7 9 1589
4 365 1754 366 794
4 926 927 645 667
4 1743 1741 753 1250
4 161 160 157 1256
4 440 1223 1221 430
4 866 867 864 629
4 684 683 682 815
4 1179 488 1176 85
4 1021 476 975 1022
4 1838 31 32 1719
4 312 1496 302 1401
4 21 20 17 1598
4 517 1537 1536 1539
4 1613 1612 682 930
4 1819 486 487 1818
4 287 283 1380 1359
4 466 956 957 958
4 1636 44 1637 45
4 341 1280 334 1724
4 1845 433 781 1237
4 1612 668 682 930
4 369 1050 1060 216
4 1439 1440 547 1438
4 117 108 1116 1115
4 923 922 664 921
4 1296 1297 151 1277
4 925 926 666 667
4 918 916 1850 917
4 783 66 67 782
4 1601 18 19 17
4 928 927 668 645
4 1848 915 917 1850
4 1140 356 330 1141
4 690 825 824 691
4 1095 185 187 1093
4 393 787 101 789
4 129 1395 1396 1398
4 704 1560 1651 705
4 1304 249 250 1303
4 488 81 1177 489
4 817 816 685 818
4 616 1584 1583 1594
4 893 653 539 830
4 1729 335 336 337
4 1725 1722 1281 340
4 956 466 451 964
4 1401 303 1683 302
4 815 813 684 683
4 1410 126 1362 1363
4 1046 210 1045 1153
4 145 1261 147 146
4 109 1759 1761 1760
4 646 668 930 762
4 151 149 1295 1296
4 784 67 66 782
4 137 138 136 1424
4 917 919 661 1848
4 80 1816 1813 443
4 654 656 892 640
4 66 783 784 782
4 1400 315 1401 312
4 1496 312 1400 1401
4 431 1222 1221 1239
4 1154 208 209 1153
4 788 98 787 97
4 1618 678 531 679
4 1363 298 1410 131
4 1767 175 218 1042
4 1612 668 929 814
4 895 894 537 538
4 804 32 1332 33
4 1045 210 1046 1044
4 540 693 828 655
4 18 1608 671 670
4 1844 1680 724 1681
4 1296 151 150 1277
4 65 66 67 783
4 500 1658 498 499
4 928 926 927 645
4 73 456 983 480
4 1102 193 1103 1101
4 1183 418 1181 1184
4 1012 402 1001 383
4 1094 185 1092 188
4 672 673 617 840
4 1787 95 93 1173
4 533 538 895 537
4 34 260 1335 1314
4 431 429 432 1239
4 1389 275 272 281
4 507 1555 1466 1465
4 997 390 473 996
4 819 820 821 688
4 575 1504 1503 1502
4 1571 1570 578 1572
4 118 120 119 1150
4 443 1816 1813 954
4 50 51 45 1638
4 466 956 958 964
4 1588 1591 1590 765
4 1005 391 1028 396
4 1612 929 668 930
4 787 101 98 393
4 68 67 66 784
4 119 1151 1150 120
4 63 64 1231 1232
4 1608 25 18 671
4 1357 273 1358 1359
4 250 1305 1304 1303
4 630 867 866 629
4 65 1232 1837 1836
4 180 1058 1057 1059
4 1298 247 151 1291
4 1021 476 386 975
4 517 1537 1539 523
4 692 827 826 693
4 986 1177 81 489
4 768 1514 1561 590
4 559 1446 1445 1448
4 1699 1700 1701 300
4 1377 325 1705 1707
4 78 79 1810 72
4 149 151 150 1296
4 831 892 890 654
4 250 1306 1305 1307
4 64 1231 1232 1226
4 1422 135 1424 137
4 783 67 65 782
4 1016 465 461 464
4 201 182 202 1057
4 1829 55 1827 1830
4 1386 141 1387 289
4 874 873 624 885
4 1612 682 668 814
4 804 802 344 803
4 494 1658 498 1659
4 1268 1278 1269 235
4 1065 1066 367 369
4 1121 176 177 1122
4 817 816 686 685
4 107 1755 1756 793
4 1154 209 210 1153
4 369 1065 368 367
4 313 312 492 1493
4 192 185 1099 194
4 1252 1254 157 1253
4 1221 440 430 1225
4 183 182 1088 184
4 830 539 893 540
4 1043 1078 116 1075
4 93 1786 92 1788
4 1130 122 1139 1131
4 1867 81 985 987
4 38 34 1338 37
4 1364 296 295 297
4 739 1713 1714 1715
4 474 390 472 997
4 1773 371 1774 1073
4 968 965 457 969
4 378 1162 1166 1170
4 190 189 1109 191
4 1311 1313 1314 259
4 814 1612 682 815
4 108 1116 1758 1759
4 38 34 1339 1338
4 1717 742 741 1718
4 1555 507 1554 1465
4 911 656 892 912
4 1089 182 184 1088
4 1158 399 731 206
4 563 562 555 1456
4 505 504 503 1663
4 1625 530 528 1623
4 126 296 1364 297
4 844 907 54 908
4 171 174 1079 175
4 259 266 1344 265
4 1665 505 1667 1503
4 1158 399 398 731
4 1527 594 1524 1521
4 804 344 1718 803
4 1277 1276 243 1275
4 753 752 1739 751
4 868 629 627 628
4 954 442 952 953
4 61 1223 440 430
4 1134 226 196 1133
4 259 265 1344 264
4 1005 398 1004 1006
4 670 669 1608 671
4 93 1786 1788 1787
4 191 189 1109 1110
4 1199 403 942 1198
4 1638 45 50 1637
4 155 154 1248 156
4 772 1672 1670 1671
4 250 256 255 1307
4 122 358 357 1144
4 470 469 1195 466
4 319 322 1370 1371
4 344 741 742 1718
4 454 453 455 981
4 176 178 177 1122
4 1378 292 39 291
4 1128 196 1129 1127
4 928 938 645 646
4 111 112 365 1755
4 1087 1086 166 791
4 584 585 1576 583
4 1043 116 175 1075
4 1102 193 1101 192
4 752 1738 751 750
4 166 169 1085 170
4 753 752 754 1739
4 626 623 624 872
4 37 34 1338 36
4 117 368 1064 367
4 122 358 1144 359
4 343 344 802 799
4 92 1785 788 1784
4 237 1268 235 328
4 938 928 930 646
4 63 1230 1231 428
4 259 266 1345 1344
4 696 695 904 694
4 892 890 654 640
4 617 618 672 855
4 492 312 1494 1493
4 784 785 67 782
4 1015 461 463 988
4 432 433 1845 1238
4 1035 223 1780 790
4 225 165 1135 226
4 1547 1548 598 599
4 166 169 168 1085
4 229 1246 154 1244
4 1357 273 272 1358
4 287 292 1378 291
4 670 669 652 1608
4 401 464 1016 387
4 1703 323 1704 324
4 185 188 184 1092
4 504 502 503 1663
4 965 973 455 981
4 564 562 563 1456
4 324 300 1702 323
4 378 382 381 1171
4 155 154 152 1248
4 517 1539 1536 1542
4 1701 1700 1702 300
4 466 1195 956 451
4 225 196 226 1133
4 1370 321 319 1371
4 1776 1772 104 1777
4 488 1176 85 489
4 308 1689 305 309
4 753 1739 1740 751
4 372 1771 1772 1072
4 272 1355 274 271
4 103 101 1778 100
4 109 1759 110 1761
4 1177 74 81 488
4 452 453 454 980
4 387 999 1014 401
4 1238 433 1845 1237
4 1785 1786 92 1175
4 797 1729 335 1730
4 223 789 1035 1034
4 372 1771 105 1772
4 488 1179 1176 1178
4 398 1005 1004 397
4 1026 390 391 389
4 1356 1355 274 272
4 1711 1710 743 744
4 285 1413 144 284
4 378 1162 1170 1171
4 1165 206 1161 1164
4 383 99 1012 479
4 1360 318 1367 1368
4 635 878 534 636
4 638 886 641 637
4 344 33 804 1718
4 434 1847 433 435
4 316 315 314 1402
4 378 377 376 1169
4 1188 1206 414 955
4 855 672 617 840
4 1248 156 154 1249
4 1130 122 1146 1139
4 887 640 638 639
4 369 370 373 1069
4 255 257 1310 256
4 1532 1533 608 939
4 363 364 1751 354
4 696 695 697 904
4 462 990 991 448
4 1144 357 122 1145
4 230 165 159 1247
4 842 852 851 521
4 529 528 530 1623
4 1374 272 1389 275
4 272 1374 1389 1358
4 1852 1846 781 1847
4 1709 745 325 1708
4 1238 432 429 1239
4 225 165 1136 1135
4 742 740 1716 741
4 1852 781 1853 1847
4 202 203 201 1054
4 503 498 1662 502
4 180 1058 182 1057
4 32 747 1330 748
4 965 453 981 455
4 557 1445 559 558
4 46 42 1635 1636
4 460 968 457 969
4 290 141 1385 288
4 562 565 1458 564
4 103 101 104 1778
4 788 101 97 787
4 1287 333 332 329
4 1237 781 1845 1846
4 550 549 1481 711
4 333 332 330 1287
4 1029 1031 391 1030
4 732 351 733 1321
4 433 432 429 1238
4 1388 141 1387 1386
4 328 1286 1285 329
4 1702 324 1701 300
4 52 51 50 1640
4 1265 232 1264 1266
4 233 231 232 1264
4 732 351 1321 327
4 321 322 1370 319
4 391 392 394 1031
4 32 748 1330 749
4 685 686 817 818
4 1716 1717 742 741
4 477 1795 89 476
4 5 808 809 810
4 529 528 1623 525
4 302 314 312 1401
4 470 1195 956 466
4 154 228 1243 227
4 107 1755 111 1757
4 413 1206 414 1188
4 137 139 138 1422
4 1114 117 361 362
4 444 416 418 1185
4 213 1047 203 214
4 129 1403 316 317
4 626 623 872 870
4 781 1853 1847 1856
4 672 674 673 838
4 461 462 970 460
4 755 1733 756 750
4 82 1193 1192 1191
4 1301 252 253 248
4 451 1195 956 964
4 756 757 1733 755
4 622 621 863 629
4 583 1577 585 1576
4 1810 78 72 1809
4 454 455 458 981
4 509 1477 1441 1443
4 1532 608 603 939
4 801 346 347 342
4 135 137 136 1424
4 594 568 1518 593
4 503 498 1661 1662
4 382 99 381 1172
4 250 254 1307 255
4 550 712 711 1479
4 481 476 482 1800
4 140 141 139 1419
4 562 565 1459 1458
4 712 713 711 1479
4 344 742 33 1718
4 51 50 1639 1638
4 1121 1123 176 1122
4 1373 320 738 743
4 1016 465 464 401
4 721 722 1677 1678
4 1847 1233 1236 1235
4 729 728 727 849
4 1658 494 498 499
4 1731 797 335 796
4 38 39 37 1340
4 466 469 1195 451
4 1632 47 49 761
4 1461 592 1516 1515
4 213 210 212 1044
4 780 306 307 1686
4 793 112 1755 365
4 997 473 472 995
4 1067 216 369 1060
4 534 541 878 881
4 8 12 11 1582
4 1067 216 1060 1050
4 765 764 763 1592
4 238 1269 235 236
4 1587 8 9 1585
4 1511 590 589 588
4 119 1150 1105 1149
4 589 588 587 1510
4 541 534 878 636
4 1657 1658 498 500
4 1807 76 1806 1805
4 151 1295 1297 1296
4 636 635 876 634
4 293 294 726 1435
4 107 1755 112 111
4 499 500 1655 501
4 413 1206 408 414
4 308 309 310 1690
4 285 284 279 1411
4 69 785 784 1835
4 953 1196 1815 442
4 32 747 1331 1330
4 1012 1001 1009 383
4 479 1012 1010 99
4 840 672 673 839
4 442 954 952 443
4 228 227 176 1242
4 725 293 726 1435
4 315 1401 314 1402
4 89 91 88 1790
4 1071 1070 372 1072
4 932 931 651 1603
4 4 2 3 806
4 1431 1432 1577 585
4 248 253 1301 251
4 171 175 1079 173
4 342 347 801 345
4 521 730 851 676
4 893 540 539 538
4 1177 1176 488 489
4 616 1584 1594 23
4 457 461 968 460
4 437 438 940 1225
4 958 980 452 982
4 192 185 193 1099
4 1031 394 391 395
4 1425 138 1423 1424
4 1477 509 514 1443
4 1719 32 1838 1329
4 699 700 698 1551
4 511 508 509 1476
4 88 91 92 1789
4 281 272 1390 282
4 729 728 849 730
4 1576 776 585 584
4 1322 1321 351 327
4 547 1439 1438 1437
4 470 1196 469 442
4 416 452 1185 444
4 1070 370 373 371
4 1831 1228 57 1829
4 568 1518 593 592
4 1215 422 948 423
4 1586 13 8 1582
4 183 182 181 1088
4 1127 1128 196 1126
4 590 1561 768 771
4 1027 389 1026 391
4 83 412 1207 87
4 1304 1302 249 1303
4 52 50 53 1640
4 1325 351 350 348
4 195 196 197 1126
4 1286 1285 1268 328
4 710 1842 1 709
4 48 47 49 1632
4 8 12 1582 13
4 1365 295 268 1351
4 249 1302 251 1303
4 1682 1401 1683 1496
4 770 771 769 1563
4 1375 39 41 1377
4 765 764 1592 766
4 1324 348 351 1325
4 1795 1022 1797 476
4 730 850 729 851
4 717 772 1670 773
4 306 780 779 1686
4 1071 1070 371 372
4 717 774 773 1669
4 217 219 1039 220
4 720 718 719 1468
4 1482 711 1481 549
4 706 1648 708 707
4 1176 85 489 417
4 1273 242 244 245
4 117 108 1114 361
4 343 800 345 799
4 1808 72 1807 1805
4 707 706 1648 703
4 77 482 1800 481
4 275 1389 1390 281
4 85 1176 1179 1180
4 325 745 1709 746
4 83 409 1207 412
4 288 290 287 1383
4 679 1617 1616 680
4 1750 1751 364 354
4 701 700 699 1552
4 313 312 1493 301
4 584 581 583 1580
4 911 913 657 912
4 945 27 946 944
4 440 438 437 1225
4 601 599 600 1545
4 576 1502 1501 574
4 272 1390 1389 281
4 11 8 1582 1586
4 190 189 186 1109
4 582 583 581 1580
4 1470 1469 513 720
4 410 413 1205 408
4 180 182 201 1057
4 608 609 603 939
4 284 144 1414 1413
4 1728 336 1729 1730
4 1847 781 433 1237
4 1312 1313 1311 259
4 1719 1838 31 1839
4 433 781 1847 434
4 703 706 1648 1649
4 258 1310 257 256
4 1525 604 605 602
4 137 138 1424 1422
4 442 443 952 441
4 1241 228 176 1242
4 55 26 1827 58
4 405 1220 947 1198
4 387 1014 1016 401
4 971 1016 1015 461
4 1400 315 1399 1401
4 938 645 646 644
4 57 55 1831 1829
4 1707 1709 325 1708
4 363 1750 1751 1749
4 865 863 631 629
4 1167 1166 378 1163
4 675 674 672 838
4 1726 339 1725 1727
4 518 516 519 1540
4 1056 202 182 1057
4 1461 1460 1459 565
4 1440 1490 1482 549
4 606 1525 605 602
4 1726 338 339 1727
4 1015 988 971 461
4 1159 399 1158 206
4 1658 1659 1657 498
4 1026 390 396 391
4 1431 143 1432 585
4 656 911 657 912
4 373 1071 1070 371
4 117 108 1115 1114
4 108 1116 1115 1114
4 527 1628 526 1627
4 1700 298 1702 300
4 1865 891 830 893
4 383 99 95 1012
4 1220 405 403 1198
4 371 1070 370 372
4 169 170 171 1084
4 34 748 1333 747
4 548 549 1481 550
4 238 239 1284 1283
4 508 511 1475 1476
4 374 1769 115 375
4 29 485 1823 483
4 452 449 453 980
4 558 556 557 1449
4 536 533 896 537
4 629 868 867 864
4 89 476 1795 478
4 215 1047 1049 1050
4 1293 145 148 1292
4 323 1702 298 300
4 122 1130 1146 123
4 611 609 610 833
4 799 344 802 803
4 430 437 1225 440
4 28 485 1823 29
4 1548 595 598 599
4 1154 208 1153 1155
4 1061 1063 1062 117
4 611 613 834 612
4 263 1840 261 262
4 722 721 723 1678
4 217 175 220 1040
4 239 1282 240 241
4 477 1795 1794 89
4 31 32 263 1839
4 722 723 724 1678
4 1705 1707 325 1708
4 126 296 1361 1364
4 403 405 1220 426
4 311 310 309 1690
4 175 1042 1043 1041
4 309 305 1688 1689
4 117 368 1063 1064
4 1038 219 220 1039
4 278 279 284 1411
4 1341 37 39 1340
4 1527 1524 594 1526
4 446 989 448 445
4 1476 508 509 510
4 63 70 1227 491
4 851 729 730 521
4 1751 1750 363 354
4 424 422 1216 423
4 1624 1623 528 525
4 1641 1640 53 1642
4 289 1385 141 288
4 272 1389 1390 282
4 1115 117 1114 362
4 788 98 1784 787
4 59 57 55 1831
4 961 959 962 447
4 10 9 8 1585
4 1842 1843 1 709
4 1501 575 574 572
4 1743 1741 1744 753
4 1238 1845 432 1239
4 745 744 1709 746
4 1745 355 753 353
4 27 945 424 944
4 93 92 91 1789
4 154 228 229 1243
4 1282 1279 240 241
4 631 863 621 629
4 423 425 1216 424
4 759 355 753 1745
4 8 11 1585 1586
4 509 1441 1476 1444
4 1307 1305 250 1308
4 594 605 606 1526
4 863 865 864 629
4 1307 250 256 1308
4 1625 1624 1623 528
4 446 989 445 447
4 519 1540 1541 518
4 473 997 996 995
4 1346 265 1348 1347
4 290 141 1386 1385
4 390 997 998 996
4 1177 986 1176 489
4 287 292 1379 1378
4 1057 202 201 1055
4 441 421 951 442
4 1336 1335 34 1334
4 310 1694 1695 1692
4 203 215 214 1047
4 845 54 44 847
4 1206 413 408 1205
4 84 1194 1193 1191
4 439 27 424 944
4 305 303 1689 308
4 1147 122 118 1146
4 1356 1358 1357 272
4 82 84 1191 85
4 1 0 2 806
4 442 470 1196 471
4 1185 1186 452 982
4 1243 154 227 1244
4 1640 53 52 1641
4 316 315 1402 1399
4 545 542 546 1485
4 518 516 1540 515
4 85 1176 1180 417
4 1639 45 51 1638
4 452 449 980 958
4 365 1752 1754 1753
4 985 81 986 987
4 295 1364 1366 1365
4 609 611 832 833
4 286 287 290 1383
4 403 1197 406 407
4 99 1173 1172 1174
4 32 31 1838 1839
4 397 400 1003 398
4 413 1205 1206 1188
4 1805 72 76 75
4 1275 1276 243 1274
4 753 1744 1743 1745
4 1777 103 104 1776
4 1431 1432 143 1430
4 1607 18 1605 1602
4 840 673 617 839
4 729 849 850 730
4 1553 1554 507 1465
4 263 32 1838 1839
4 1152 213 214 1048
4 483 485 1823 1821
4 1401 315 1399 1402
4 1083 169 171 1084
4 870 627 628 868
4 678 1616 680 679
4 632 876 635 634
4 575 1502 1501 576
4 513 1469 1470 554
4 1154 210 1046 1153
4 679 1616 1618 678
4 46 1635 1634 1636
4 1385 1386 1387 289
4 675 853 854 838
4 802 800 343 799
4 1662 498 497 502
4 1355 272 1356 1357
4 1339 38 1338 1340
4 1501 575 576 574
4 847 845 54 844
4 1327 1326 349 1724
4 721 716 1675 715
4 513 1469 554 720
4 500 1656 1658 499
4 907 54 906 844
4 1548 598 1535 1547
4 746 1709 325 1707
4 1390 1374 1389 275
4 1792 89 1790 1791
4 39 1378 1376 1375
4 1825 29 28 1824
4 147 1259 1260 1261
4 400 1004 1003 398
4 1471 1472 1463 513
4 1310 255 256 1307
4 631 1864 863 865
4 1827 1828 1829 1830
4 93 92 1789 1788
4 37 38 1340 1338
4 175 217 1041 1040
4 1770 1772 105 1771
4 177 1121 1122 1120
4 1616 1617 679 1618
4 716 1674 1675 715
4 141 1386 1385 289
4 605 594 1524 1526
4 526 1628 1626 1627
4 10 8 11 1585
4 1043 1077 1075 175
4 1561 1563 771 1562
4 1841 1840 262 1298
4 1362 126 1361 1363
4 1685 780 307 1686
4 1333 748 34 1334
4 663 1848 662 661
4 1333 34 1335 1334
4 70 1213 1227 1229
4 1062 1064 117 1063
4 1427 136 132 1428
4 1669 717 774 1668
4 184 1090 1089 1088
4 1364 1361 126 1363
4 1755 107 1756 1757
4 1168 1073 371 1773
4 768 769 771 1564
4 1186 452 444 1185
4 1141 358 1142 1143
4 1064 1065 367 368
4 1136 225 1135 1133
4 997 472 474 995
4 1207 1193 83 1208
4 742 1717 1716 1718
4 1066 1065 367 1064
4 656 912 657 658
4 1090 184 183 1088
4 1004 1005 1003 397
4 1449 1450 556 1451
4 1110 1109 191 1108
4 1208 87 83 1207
4 1379 1381 287 1380
4 1638 1639 45 1637
4 1458 1459 1460 565
4 365 1755 793 792
4 1199 403 1197 406
4 1445 1447 1446 551
4 753 1743 759 1745
4 724 1678 1679 1680
4 1109 190 191 1108
4 595 1546 600 599
4 1810 78 1809 1811
4 1587 8 1585 1586
4 1047 203 215 1049
4 314 302 1402 1401
4 556 558 1450 1449
4 397 1003 1004 398
4 886 641 883 884
4 1423 1424 138 1422
4 1757 107 1756 1758
4 529 1622 1623 1621
4 1122 178 177 1120
4 1171 382 381 1172
4 1146 1147 123 1130
4 1027 391 1026 1028
4 101 788 786 787
4 1107 1106 190 1108
4 391 396 1026 1028
4 1753 793 1754 365
4 980 965 453 981
4 1133 226 225 1135
4 1766 115 1768 1767
4 1739 1738 751 752
4 920 1851 919 1849
4 1378 1379 287 1380
4 375 1770 1769 1768
4 808 805 5 809
4 1345 266 1346 1344
4 1179 1191 85 1190
4 265 1344 1346 266
4 641 886 883 637
4 1084 169 170 1085
4 533 895 896 537
4 1547 1546 1548 599
4 1658 1657 1656 500
4 1133 1134 226 1135
4 1237 1847 781 1846
4 1738 1740 1739 751
4 1251 156 155 1248
4 492 1492 313 1493
4 1012 99 95 1010
4 904 905 903 697
4 189 1112 1111 1104
4 223 1035 1780 1781
4 465 1016 1014 401
4 1282 1279 241 1281
4 324 1702 1701 1703
4 12 11 1582 1581
4 1355 1356 274 1354
4 1079 171 173 1081
4 1576 1579 584 583
4 357 358 1143 1144
4 1199 403 1198 1197
4 1673 1675 1674 715
4 461 970 968 460
4 1047 213 1048 214
4 1492 492 1494 1493
4 1415 1414 144 1413
4 617 855 840 839
4 1789 1787 93 1788
4 1101 192 193 1099
4 1310 1309 257 255
4 1248 1251 156 1249
4 1503 1502 1501 575
4 1469 1454 1470 554
4 628 869 870 868
4 1040 220 217 1039
4 1034 1035 223 1033
4 1144 1143 357 1145
4 348 1324 1326 1325
4 1166 1169 1167 378
4 1789 88 91 1790
4 1823 28 29 1824
4 1639 50 51 1640
4 1702 323 1703 324
4 1057 1056 202 1055
4 981 454 453 980
4 960 959 961 447
4 412 87 1209 1207
4 1827 58 26 1828
4 502 1662 503 1663
4 318 1367 1368 1369
4 1759 1762 110 1761
4 1231 1230 63 1227
4 1481 1480 550 711
4 197 195 1126 1124
4 564 1458 562 1456
4 568 1515 1517 592
4 1101 1102 192 1100
4 1058 1056 182 1057
4 1243 229 154 1244
4 1147 123 122 1146
4 460 970 968 969
4 1784 1786 92 1785
4 1492 1491 1490 313
4 1769 1768 115 375
4 1032 394 392 1031
4 588 589 1511 1510
4 917 919 1848 1850
4 1227 491 70 1229
4 1176 1178 1177 488
4 1487 1488 1489 544
4 1124 1126 197 1125
4 1776 103 104 1778
4 227 228 1243 1242
4 1101 192 1099 1100
4 1414 144 1416 1415
4 732 1321 1320 327
4 1029 391 1027 1028
4 557 1445 558 1449
4 992 445 448 989
4 227 1242 1243 1244
4 1055 202 201 1054
4 839 672 673 838
4 503 1662 1661 1663
4 995 473 472 994
4 1196 1195 956 470
4 309 308 1689 1690
4 727 848 849 728
4 562 1458 1459 1456
4 1822 1823 485 1821
4 355 1745 1746 353
4 711 1480 550 1479
4 442 952 951 441
4 1516 1517 1515 592
4 369 1060 1068 1067
4 485 1822 1821 1819
4 500 1655 1656 499
4 1849 919 918 1850
4 1063 368 1065 1064
4 47 48 1633 1632
4 971 970 968 461
4 1551 699 700 1552
4 1259 1257 162 1258
4 422 1215 1216 423
4 1579 1577 583 1576
4 748 1330 1333 747
4 1590 766 765 1592
4 711 713 1480 1479
4 1321 1322 1320 327
4 849 850 730 851
4 1710 1711 1709 744
4 680 1613 1615 1614
4 605 1525 606 1526
4 1561 768 771 1564
4 1559 1558 769 1563
4 877 876 875 634
4 1195 1196 469 470
4 290 288 1385 1383
4 773 1670 717 1669
4 1799 482 476 1800
4 1809 72 1810 1807
4 1355 271 1354 274
4 1731 1732 757 1733
4 231 1264 1263 1262
4 1251 155 1252 1248
4 635 876 878 636
4 1055 1056 202 1054
4 951 953 952 442
4 476 1798 1799 1800
4 76 963 1806 1805
4 1648 1647 707 703
4 1333 1330 1331 747
4 1340 1341 37 1338
4 1287 1285 1286 329
4 595 1548 1546 599
4 583 1579 584 1580
4 1370 322 1369 1371
4 1677 1676 721 1678
4 697 904 905 696
4 1799 1797 1798 476
4 1032 1033 394 1031
4 887 638 888 886
4 919 917 918 1850
4 284 285 1413 1411
4 1480 1482 711 1481
4 1838 1840 263 1839
4 1689 1688 309 1690
4 1402 1403 316 1399
4 1216 1215 948 423
4 1307 256 1310 1308
4 1704 1702 323 1703
4 1118 1121 177 1120
4 582 1579 583 1580
4 1727 1726 338 1728
4 1478 1477 712 1479
4 284 1413 1414 1411
4 1745 355 1746 1747
4 1752 1751 364 1750
4 568 1517 1518 592
4 1696 1697 736 1695
4 1737 1738 1739 752
4 290 1385 1386 1383
4 1564 769 771 1563
4 1691 1689 308 1690
4 1143 358 1142 1144
4 602 606 1525 1528
4 991 989 448 990
4 183 1091 1090 1088
4 1616 1615 680 1617
4 845 846 848 728
4 1109 1107 190 1108
4 1084 1083 169 1085
4 115 1766 1768 1769
4 1283 239 1284 1282
4 721 1675 1676 1677
4 1069 370 373 1070
4 996 473 995 994
4 938 644 936 937
4 599 1546 600 1545
4 1582 1585 11 1586
4 1355 271 1353 1354
4 1292 148 1293 1294
4 293 1434 1433 1435
4 1593 1594 764 1592
4 518 1540 1541 910
4 1383 288 1385 1384
4 87 1208 1209 1207
4 265 1346 1344 1347
4 1499 572 1501 1498
4 1069 1068 370 1070
4 1575 1574 581 1580
4 1310 1309 255 1307
4 1330 748 1333 1334
4 1071 1069 373 1070
4 1825 1823 29 1824
4 1450 558 1445 1449
4 989 991 448 992
4 1632 48 1633 1634
4 1411 285 1413 1412
4 228 1243 1242 1241
4 832 611 834 833
4 1473 508 512 1474
4 1320 1321 732 1317
4 1687 1684 306 1686
4 1655 1656 1657 500
4 1564 1559 769 1563
4 599 1547 1546 1545
4 1639 50 1640 1638
4 214 1152 1048 1047
4 281 1392 1391 1390
4 518 1540 910 909
4 1492 1491 313 1493
4 1843 1 806 1842
4 1615 1616 680 1614
4 1516 1518 1517 592
4 1669 1670 717 1668
4 1582 11 1585 1581
4 1271 1272 1273 245
4 1590 765 1591 1592
4 1236 1237 1847 1235
4 839 840 672 838
4 1776 1777 103 1778
4 1846 1237 1847 1236
4 1511 1512 588 1510
4 846 849 848 728
4 542 1487 1488 1485
4 1470 1469 720 1468
4 1480 1481 550 1479
4 1579 1576 584 1580
4 1525 605 1524 1526
4 876 878 898 635
4 1561 1563 1564 771
4 1526 1525 606 1528
4 512 1474 1471 1473
4 1849 1851 919 1850
4 1859 1860 1858 1848
4 1850 1857 1858 1859
4 1857 1851 1850 1858
4 1851 919 1850 1848
4 1860 1851 1858 1848
4 1857 1851 1849 1850
4 1858 1850 1859 1848
4 1850 1858 1851 1848
4 1767 1040 1042 218
4 1697 1408 1410 127
4 10 1581 1585 11
4 1544 595 1546 600
4 1839 800 30 802
4 1196 1810 1814 79
4 1185 1180 1176 416
4 74 1178 488 1177
4 1207 1205 1204 410
4 1638 53 50 1640
4 710 1842 702 807
4 142 1423 139 1419
4 463 996 994 473
4 175 219 217 220
4 1579 1487 1574 560
4 180 1081 1079 173
4 30 800 343 802
4 1703 1377 1375 41
4 792 1085 791 167
4 286 1386 1383 290
4 1317 733 1321 732
4 1113 1090 188 1111
4 1144 1133 1131 199
4 1251 1135 1137 158
4 181 1091 183 1088
4 463 1016 465 461
4 1810 1196 1814 1812
4 1068 372 370 1070
4 1867 987 1805 1808
4 1574 1489 1566 560
4 532 878 541 881
4 655 539 830 540
4 548 1479 550 1481
4 846 730 849 728
4 893 653 830 1865
4 1648 1543 1644 1646
4 1546 596 1548 595
4 548 1440 549 493
4 553 1471 512 1474
4 1479 1485 1481 548
4 298 1364 1363 1702
4 1473 510 508 1476
4 494 1658 495 1656
4 719 1470 720 1468
4 1477 514 1480 1675
4 1758 1114 1116 108
4 1549 701 699 1552
4 1361 268 1364 296
4 1365 1354 1351 268
4 236 1283 238 1269
4 268 1364 296 295
4 987 1867 1805 985
4 463 988 994 1015
4 1802 481 77 1800
4 443 1816 952 1818
4 1010 402 1012 479
4 1012 1787 95 93
4 1016 1018 1008 387
4 1167 1165 1163 207
4 1168 207 1167 379
4 1047 1069 1067 216
4 94 1170 1172 382
4 1063 204 1065 368
4 1788 90 88 1790
4 1837 784 66 783
4 1174 94 1785 1172
4 1146 120 1150 1148
4 1107 186 1109 190
4 1142 359 1144 358
4 1285 332 329 1287
4 1264 1286 1268 237
4 1111 1092 188 1094
4 198 1147 1130 123
4 241 1284 239 1282
4 298 1702 1363 1700
4 1281 334 241 341
4 1727 1282 241 1281
4 1752 1118 366 1754
4 1370 1710 320 1373
4 1072 1774 1775 1772
4 1716 1330 33 1718
4 336 1726 1728 338
4 33 1716 1718 742
4 116 1762 1764 114
4 1764 1076 116 1075
4 1745 1243 1743 759
4 1750 366 364 1752
4 755 1731 757 1733
4 1151 1148 1150 120
4 356 1140 331 750
4 1789 1012 93 1787
4 1794 386 1795 477
4 1754 1118 366 794
4 1244 179 227 1242
4 1780 102 1779 790
4 100 1777 1778 103
4 102 1777 1778 100
4 1831 1227 57 1228
4 1828 1214 1830 56
4 1825 483 29 1823
4 1833 784 785 1835
4 49 1634 48 1632
4 1623 878 532 1621
4 1614 678 1616 680
4 43 1635 1633 42
4 1637 845 44 847
4 845 1639 44 848
4 1842 702 807 1540
4 1670 1476 1442 510
4 510 1442 514 509
4 127 1697 299 1410
4 1443 514 1477 1673
4 311 1688 1690 309
4 2 1843 1 806
4 303 1402 1401 1689
4 514 1675 1673 715
4 714 1668 717 1670
4 501 1657 500 1655
4 579 575 576 1504
4 839 1592 616 1594
4 1652 1511 1513 591
4 1686 1429 1431 777
4 1695 299 1697 736
4 776 1676 1678 723
4 723 1676 1678 721
4 1696 289 1694 734
4 1580 1676 1678 776
4 41 1378 292 39
4 286 283 287 1374
4 1379 41 1378 292
4 776 1580 584 1576
4 768 1559 769 1564
4 762 936 938 646
4 762 938 930 646
4 1385 1694 289 1387
4 1503 1501 506 575
4 1678 1580 776 1576
4 1499 575 1501 572
4 567 1517 568 1515
4 570 1515 1517 567
4 910 837 834 522
4 676 838 853 675
4 607 1582 1565 15
4 1606 1608 18 1605
4 887 893 891 1865
4 1848 665 664 663
4 1600 21 17 1598
4 1557 12 14 1581
4 934 648 650 937
4 325 1377 41 746
4 33 804 1718 1332
4 403 1197 407 1198
4 989 1802 1803 1804
4 990 446 989 448
4 61 1224 440 1223
4 1835 61 60 69
4 443 1816 954 952
4 1334 749 1330 748
4 212 1041 1039 220
4 447 1802 468 446
4 989 1799 1802 446
4 1075 1764 1078 116
4 992 970 991 462
4 1033 395 394 1031
4 391 1005 395 396
4 1088 1084 1074 172
4 1081 180 1079 1057
4 1293 150 1294 148
4 1121 200 1118 177
4 160 1259 1257 162
4 366 1118 200 794
4 1083 168 169 1085
4 33 1332 1718 1330
4 36 1341 1338 37
4 261 1838 1840 263
4 1569 1447 1445 561
4 1090 188 1092 184
4 1262 1257 1247 159
4 1263 233 1264 231
4 254 1309 1307 255
4 264 1347 265 1344
4 249 1315 1302 1304
4 237 1286 1268 328
4 1097 193 185 1099
4 1147 198 1130 1126
4 244 1271 1273 245
4 1056 204 202 1054
4 215 1152 214 1047
4 1120 193 1122 178
4 451 450 958 466
4 788 94 92 96
4 1003 1028 397 1005
4 1001 402 1013 1002
4 395 1158 399 398
4 1014 463 1016 465
4 463 993 994 988
4 402 1001 1000 1002
4 1195 1186 964 451
4 1199 943 941 404
4 959 958 980 450
4 1845 1237 1236 1238
4 941 1199 404 942
4 1229 1217 1230 428
4 981 984 979 458
4 1237 1845 1236 1846
4 1310 1309 1307 1308
4 1454 552 1469 1456
4 1525 1558 1531 1529
4 855 1594 616 1583
4 1487 560 544 1489
4 275 1392 281 1390
4 1411 1403 277 1396
4 1440 548 1483 547
4 552 1454 1469 554
4 551 1450 558 1445
4 561 1445 551 1447
4 553 1471 1451 1453
4 278 1414 1411 284
4 1434 725 1435 293
4 1488 546 542 1485
4 860 631 863 621
4 596 1528 1526 606
4 676 849 730 851
4 612 836 614 835
4 1864 860 631 863
4 863 904 900 1864
4 887 891 889 640
4 866 631 633 632
4 1582 833 607 939
4 912 915 914 913
4 869 623 628 870
4 1863 886 637 883
4 855 839 616 1594
4 840 675 672 838
4 916 1850 915 914
4 607 833 608 939
4 893 887 891 889
4 74 81 73 1867
4 1867 72 73 74
4 1574 1487 1489 560
4 1216 1822 1824 28
4 108 1756 1758 1114
4 124 1106 1751 1108
4 1768 1040 1767 218
4 44 1639 1637 45
4 1756 108 1758 107
4 1302 1325 1315 352
4 1090 1111 1092 188
4 1842 702 1540 1537
4 1315 249 1302 352
4 1081 180 1057 1059
4 1755 1085 792 167
4 895 653 893 1865
4 1101 193 1120 1099
4 1728 1292 146 798
4 356 1141 1738 1143
4 912 915 1850 914
4 107 1755 793 112
4 851 838 853 676
4 152 1252 155 1248
4 1159 395 1158 399
4 1627 1608 1606 1605
4 1590 1640 1589 7
4 958 980 450 449
4 1615 936 938 762
4 1065 1054 1052 204
4 1669 1572 1667 775
4 120 1746 1151 1148
4 878 1621 881 532
4 810 1588 812 811
4 1079 1055 1057 180
4 768 1561 705 1564
4 642 886 637 1863
4 1180 1176 416 417
4 1196 79 1814 471
4 1048 1039 1044 212
4 849 838 851 676
4 632 898 635 876
4 1258 1732 164 1260
4 142 1421 1690 1419
4 1864 900 863 865
4 566 1460 1458 569
4 418 1180 416 86
4 1364 298 1363 131
4 832 613 834 611
4 397 1028 1026 396
4 1028 397 1026 1003
4 1477 514 1675 1673
4 779 1687 306 1686
4 638 886 637 888
4 1346 1369 1367 270
4 1832 1224 61 1223
4 299 298 1410 300
4 102 1780 1779 1778
4 1471 553 1451 1449
4 904 863 900 902
4 187 1109 1095 1098
4 1828 1212 1214 56
4 159 1262 230 1247
4 909 515 518 1540
4 216 1047 1050 1067
4 1047 216 1050 215
4 1309 1321 254 1307
4 343 804 344 33
4 1027 90 1026 389
4 172 1086 1084 170
4 1357 273 1378 1355
4 1399 277 1403 316
4 193 1122 178 1103
4 193 1101 1122 1103
4 1866 1624 1627 527
4 1171 380 1160 1158
4 212 1048 213 1044
4 61 1835 60 1833
4 388 975 385 386
4 1763 1064 109 1761
4 1307 254 1323 1321
4 1867 985 983 1805
4 839 855 616 617
4 1766 374 1769 115
4 1790 1025 90 1792
4 380 1171 1160 1162
4 1608 527 1606 25
4 40 1709 1707 1340
4 1709 40 1707 746
4 541 535 881 534
4 653 895 893 539
4 1344 1338 1328 35
4 120 1146 1150 118
4 372 1771 1070 1769
4 1473 1670 510 1476
4 320 1710 743 1373
4 301 1684 1496 1493
4 1156 1031 1023 395
4 768 591 1514 590
4 1415 133 1422 1413
4 1319 1715 326 1320
4 1784 393 787 98
4 1551 1520 1534 1550
4 1225 1220 947 405
4 1112 108 361 1114
4 1308 258 256 1310
4 1796 1019 1021 386
4 1501 1503 506 1663
4 1606 25 19 18
4 1811 74 1177 1178
4 1194 84 1817 1191
4 289 1696 1694 1385
4 372 1771 1072 1070
4 1390 1383 1374 275
4 553 1471 1474 1449
4 312 1496 301 302
4 1248 1739 1250 153
4 414 1215 955 1206
4 1703 1705 1706 1704
4 410 407 408 1204
4 1192 1189 86 1190
4 193 1101 1120 1122
4 1827 944 946 27
4 1526 1546 596 1548
4 1528 1546 596 1526
4 1737 754 752 1739
4 1402 303 1401 302
4 1565 607 939 1582
4 301 1491 1493 313
4 1328 260 1314 259
4 228 1243 1241 229
4 1639 845 44 1637
4 1236 1845 1238 1239
4 1283 1272 1269 236
4 983 1805 73 1867
4 6 810 811 1588
4 811 810 6 5
4 629 631 866 630
4 1574 560 1567 577
4 1574 1567 560 1566
4 561 1567 560 577
4 561 560 1567 1566
4 23 1584 24 616
4 23 24 1584 1595
4 569 1460 1461 566
4 569 1461 1460 1462
4 900 901 695 902
4 695 904 900 902
4 1624 1626 528 1625
4 190 1108 119 191
4 190 119 1108 1106
4 124 119 1108 191
4 124 1108 119 1106
4 1006 1157 395 398
4 358 1143 330 357
4 358 330 1143 1141
4 356 330 1143 357
4 356 1143 330 1141
4 807 710 806 0
4 807 806 710 1842
4 1 806 710 0
4 1 710 806 1842
4 43 905 54 697
4 696 54 905 697
4 1620 529 1621 1622
4 1620 1621 529 531
4 224 223 1782 222
4 1839 31 802 30
4 802 31 1839 1719
4 31 804 802 30
4 802 804 31 1719
4 31 32 804 30
4 804 32 31 1719
4 73 1805 72 1867
4 73 72 1805 75
4 349 1326 334 1724
4 349 334 1326 348
4 341 334 1326 1724
4 341 1326 334 348
4 1801 1802 1799 1800
4 512 1475 508 511
4 512 508 1475 1474
4 1811 78 1177 74
4 1177 78 1811 1809
4 77 1800 446 1802
4 77 446 1800 482
4 1799 446 1800 1802
4 1799 1800 446 482
4 835 610 834 612
4 835 834 610 833
4 611 834 610 612
4 611 610 834 833
4 1340 1341 38 39
4 38 1341 1343 39
4 852 729 851 521
4 852 851 729 850
4 970 971 462 461
4 988 462 971 461
4 1148 1147 1150 1146
4 1148 1150 1147 1149
4 118 1150 1147 1146
4 118 1147 1150 1149
4 523 517 1644 524
4 523 1644 517 1537
4 709 702 1644 524
4 702 523 1644 524
4 702 1644 523 1537
4 960 468 447 961
4 960 447 468 467
4 1644 1648 707 709
4 164 147 1261 146
4 1261 147 164 1260
4 919 921 1851 920
4 922 1851 921 920
4 218 1768 115 1767
4 218 115 1768 375
4 104 1772 106 105
4 1774 106 1772 105
4 1060 1065 369 1066
4 369 1065 1060 1052
4 766 1593 1592 1590
4 766 1592 1593 764
4 1472 508 1471 1473
4 1472 1471 508 513
4 512 1471 508 1473
4 512 508 1471 513
4 393 1032 223 392
4 394 223 1032 392
4 1482 313 1490 1491
4 1482 1490 313 549
4 1212 1213 71 1211
4 872 626 873 624
4 872 873 626 871
4 874 873 626 624
4 874 626 873 871
4 372 1774 1772 105
4 372 1772 1774 1072
4 899 875 634 877
4 1867 987 986 81
4 986 987 1867 1808
4 1707 1340 38 40
4 854 836 675 614
4 854 675 836 853
4 676 675 836 614
4 676 836 675 853
4 864 628 868 869
4 864 868 628 629
4 859 618 855 856
4 1247 158 1137 1138
4 1540 523 1542 1539
4 517 1542 523 1539
4 1221 429 1239 1238
4 1712 738 743 1373
4 743 1710 1712 1373
4 1712 1710 743 1711
4 1158 380 206 731
4 1359 1374 273 1358
4 1359 273 1374 283
4 1511 591 590 1513
4 1511 590 591 589
4 566 1461 567 565
4 175 218 1041 217
4 175 1041 218 1042
4 1040 1041 218 217
4 1040 218 1041 1042
4 469 953 1196 1195
4 469 1196 953 442
4 1325 352 1324 1315
4 116 1767 1766 1078
4 116 1766 1767 115
4 1765 116 1766 1078
4 1765 1766 116 115
4 380 1163 1162 1161
4 92 93 1175 1786
4 1173 93 1175 1174
4 792 167 793 365
4 792 793 167 791
4 794 793 167 365
4 794 167 793 791
4 982 454 980 452
4 982 980 454 981
4 1425 132 1427 136
4 864 622 863 629
4 864 863 622 862
4 324 325 1377 41
4 1377 325 324 1706
4 1377 1703 324 41
4 324 1703 1377 1706
4 1750 363 1748 1749
4 1750 1748 363 354
4 363 1748 124 354
4 1212 1213 490 71
4 56 490 1213 71
4 1106 124 1105 119
4 1611 669 651 1603
4 651 669 1611 652
4 1611 643 651 652
4 1058 181 180 182
4 862 860 621 861
4 621 860 862 863
4 862 622 621 863
4 538 539 894 537
4 538 894 539 893
4 895 894 539 537
4 895 539 894 893
4 1582 15 1581 1565
4 1193 82 84 1191
4 1193 84 82 83
4 1606 19 1629 1601
4 1606 1629 19 760
4 1599 1629 19 1601
4 1599 19 1629 760
4 1842 702 709 710
4 1014 1008 999 387
4 1014 999 1008 1007
4 1016 1008 1014 387
4 1016 1014 1008 1007
4 1574 581 560 577
4 712 514 1477 509
4 1506 1507 587 571
4 1506 587 1507 1508
4 404 439 940 438
4 1333 260 34 747
4 1333 34 260 1335
4 1008 999 1001 1007
4 193 1102 195 192
4 1125 195 1102 192
4 1158 395 1157 398
4 1158 1157 395 1156
4 1683 304 303 305
4 304 301 1683 303
4 302 301 1683 1496
4 302 1683 301 303
4 1278 1283 238 1284
4 238 1283 1278 1269
4 1278 235 238 1269
4 48 1633 46 47
4 42 46 1633 47
4 42 1633 46 1635
4 1407 1406 130 128
4 129 130 1406 128
4 1760 117 1116 1061
4 1194 483 1821 1819
4 821 822 690 823
4 824 822 690 689
4 824 690 822 823
4 1441 511 1476 1475
4 1441 1476 511 509
4 984 458 983 979
4 984 983 458 480
4 456 458 983 480
4 1652 591 1560 704
4 1652 1560 591 1513
4 1514 591 1560 1513
4 1161 380 1159 1160
4 1161 1159 380 206
4 1158 1159 380 1160
4 1158 380 1159 206
4 1608 18 1607 670
4 1608 1607 18 1605
4 1377 39 38 1343
4 38 39 1377 40
4 1377 1707 38 40
4 1587 1585 1588 812
4 6 1585 1588 767
4 313 1492 549 1490
4 948 951 950 949
4 279 1392 276 280
4 1391 276 1392 280
4 1316 352 1324 351
4 1316 1324 352 1315
4 813 684 685 816
4 685 684 813 683
4 685 686 813 816
4 813 686 685 683
4 607 1565 1557 15
4 1556 16 607 15
4 1556 607 1557 15
4 1318 1373 320 738
4 525 1622 1623 529
4 525 1623 1622 1624
4 262 1297 1298 151
4 262 1298 1297 1841
4 55 56 1827 1830
4 55 1827 56 58
4 1828 1827 56 1830
4 1828 56 1827 58
4 556 1452 1451 1450
4 1669 774 1667 1668
4 1665 1667 774 1668
4 1665 774 1667 505
4 1841 31 1840 1839
4 1841 1840 31 262
4 263 1840 31 1839
4 263 31 1840 262
4 204 1065 369 1052
4 204 369 1065 368
4 1005 1023 395 1006
4 1280 349 1724 1327
4 1280 1724 349 334
4 212 1037 1044 210
4 1084 171 172 170
4 65 1836 66 783
4 1837 66 1836 783
4 476 1795 1021 386
4 476 1021 1795 1022
4 493 313 1492 549
4 493 1492 313 492
4 596 1526 594 606
4 1677 715 721 1675
4 1677 721 715 722
4 681 1617 680 1615
4 681 680 1617 679
4 896 1619 880 882
4 777 143 1431 585
4 579 1570 578 580
4 579 578 1570 1572
4 1833 68 1835 60
4 1833 1835 68 784
4 69 1835 68 60
4 69 68 1835 784
4 468 1802 76 77
4 1805 1802 76 963
4 1486 544 1485 1487
4 1486 1485 544 545
4 542 1485 544 1487
4 542 544 1485 545
4 348 350 1326 349
4 348 1326 350 1325
4 1327 1326 350 349
4 1327 350 1326 1325
4 1093 183 1092 185
4 184 1092 183 185
4 184 183 1092 1090
4 1787 1175 93 1786
4 93 1175 1787 1173
4 939 608 1565 1533
4 939 1565 608 607
4 1565 608 1557 1533
4 1565 1557 608 607
4 1557 608 1556 1533
4 1557 1556 608 607
4 1556 608 603 1533
4 1556 603 608 607
4 16 603 1556 607
4 862 619 621 622
4 862 621 619 861
4 59 1829 1831 55
4 59 1831 1829 1832
4 1069 216 369 1067
4 1069 369 216 373
4 592 1461 568 1515
4 592 568 1461 565
4 567 568 1461 1515
4 567 1461 568 565
4 1079 1080 171 1081
4 1051 201 1054 1055
4 1051 1054 201 203
4 318 1360 270 295
4 318 270 1360 1367
4 1350 270 1360 295
4 1350 1360 270 1367
4 106 1776 1772 104
4 1136 1135 158 1137
4 1221 431 1223 1222
4 1221 1223 431 430
4 1800 475 476 1798
4 1800 476 475 481
4 688 819 822 821
4 822 819 688 687
4 705 703 1651 704
4 706 1651 703 704
4 269 1346 267 1348
4 269 267 1346 266
4 265 267 1346 1348
4 265 1346 267 266
4 983 480 985 81
4 983 985 480 984
4 986 985 480 81
4 986 480 985 984
4 666 924 664 923
4 666 664 924 665
4 922 664 924 923
4 922 924 664 665
4 555 552 1456 562
4 1663 505 506 503
4 1038 217 1039 1040
4 1038 1039 217 219
4 721 1674 1675 716
4 721 1675 1674 1676
4 439 945 944 424
4 439 944 945 943
4 426 1198 1220 403
4 426 1220 1198 1217
4 1848 661 660 662
4 546 1485 547 545
4 145 1261 1292 1293
4 1694 289 142 734
4 1694 142 289 1421
4 222 221 1037 219
4 211 1037 221 219
4 463 994 472 473
4 1304 250 1306 1305
4 600 1545 517 601
4 1087 166 200 794
4 200 166 1087 1119
4 200 1118 1087 794
4 1087 1118 200 1119
4 1680 722 1678 1677
4 1680 1678 722 724
4 769 1563 14 770
4 204 1054 203 202
4 283 1378 287 1380
4 283 287 1378 291
4 688 822 690 821
4 688 690 822 689
4 213 1049 1047 1048
4 213 1047 1049 203
4 559 1446 558 1445
4 559 558 1446 543
4 551 558 1446 1445
4 551 1446 558 543
4 1135 165 158 226
4 1135 158 165 1136
4 204 1050 203 1051
4 204 203 1050 215
4 1049 203 1050 1051
4 1049 1050 203 215
4 1514 705 1561 1560
4 1514 1561 705 768
4 1843 702 1842 1537
4 1842 702 1843 709
4 1645 1644 702 1537
4 702 1644 1645 709
4 1843 1645 702 1537
4 702 1645 1843 709
4 527 1627 1606 1628
4 943 404 940 941
4 943 940 404 439
4 850 727 849 729
4 850 849 727 848
4 865 631 866 629
4 865 866 631 1864
4 1127 195 1126 196
4 1127 1126 195 1124
4 868 630 629 867
4 868 629 630 627
4 1704 324 1706 1703
4 1078 1042 175 1767
4 1078 175 1042 1043
4 56 1212 1213 490
4 56 1213 1212 1214
4 703 1649 1651 706
4 451 1186 982 444
4 982 1186 451 964
4 982 452 451 444
4 1698 735 1697 737
4 1698 1697 735 1696
4 736 1697 735 737
4 736 735 1697 1696
4 274 1353 271 1354
4 274 271 1353 267
4 444 1185 1184 1186
4 1404 314 1403 317
4 1404 1403 314 1402
4 316 1403 314 317
4 316 314 1403 1402
4 772 1672 717 1670
4 772 717 1672 716
4 714 717 1672 1670
4 714 1672 717 716
4 94 1172 99 382
4 94 99 1172 1174
4 167 1755 365 792
4 167 365 1755 111
4 353 1744 1745 1746
4 353 1745 1744 753
4 139 137 1419 1422
4 139 1419 137 140
4 1420 1419 137 1422
4 1420 137 1419 140
4 1449 553 556 557
4 1449 556 553 1451
4 1641 51 1640 1639
4 1641 1640 51 52
4 1171 380 378 1162
4 1171 378 380 381
4 1837 65 66 62
4 1837 66 65 1836
4 655 828 830 829
4 830 828 655 540
4 253 1301 243 252
4 1199 404 403 406
4 1199 403 404 942
4 1144 122 1139 1145
4 116 1765 1764 1078
4 259 1313 1344 1345
4 1695 735 736 1696
4 1695 736 735 310
4 533 894 895 538
4 533 895 894 896
4 578 561 1570 1569
4 578 1570 561 577
4 90 1790 89 88
4 90 89 1790 1792
4 1360 1365 295 1366
4 1360 295 1365 1351
4 1041 220 1040 1039
4 1041 1040 220 175
4 636 877 876 878
4 636 876 877 634
4 1671 773 1670 772
4 1671 1670 773 1669
4 921 922 1848 1851
4 921 919 1848 661
4 1848 919 921 1851
4 1200 1205 408 1203
4 1200 408 1205 1206
4 1086 170 1085 1084
4 1086 1085 170 166
4 1018 383 387 384
4 1126 198 196 197
4 382 1170 1171 378
4 382 1171 1170 1172
4 182 1088 1058 181
4 1058 1088 182 1089
4 1448 557 1445 559
4 1448 1445 557 1449
4 1788 88 1789 1790
4 1788 1789 88 92
4 1423 139 1422 138
4 1423 1422 139 1419
4 194 1100 1099 192
4 838 674 854 675
4 838 854 674 841
4 647 935 648 649
4 650 648 935 649
4 650 935 648 934
4 784 69 67 785
4 784 67 69 68
4 277 1403 129 1396
4 129 1403 277 316
4 178 177 1119 166
4 200 177 1119 1118
4 200 1119 177 166
4 1102 1124 195 1125
4 189 1109 1104 186
4 189 1104 1109 1110
4 1246 1248 154 1249
4 154 1248 1246 1250
4 142 1419 141 1421
4 141 1419 142 139
4 1664 502 1663 1662
4 1664 1663 502 504
4 1125 195 197 1124
4 1125 197 195 192
4 1457 564 1456 1458
4 1457 1456 564 563
4 841 673 838 839
4 841 838 673 674
4 369 1069 1068 370
4 1068 1069 369 1067
4 734 310 1695 735
4 1695 310 734 1694
4 1695 1696 734 735
4 734 1696 1695 1694
4 1364 131 126 297
4 1364 126 131 1363
4 366 1752 365 364
4 365 1752 366 1754
4 1571 579 578 576
4 578 579 1571 1572
4 1403 1398 129 1396
4 1419 1388 141 1421
4 1343 1375 39 1376
4 1343 39 1375 1377
4 1212 71 411 1211
4 1212 411 71 490
4 1224 1221 440 1223
4 1224 440 1221 1225
4 544 1488 542 1487
4 544 542 1488 543
4 1392 280 281 1391
4 1392 281 280 279
4 1828 1825 26 1827
4 1822 28 1823 1824
4 1822 1823 28 485
4 1048 1046 213 1044
4 1048 213 1046 1152
4 210 213 1046 1044
4 951 948 441 952
4 1649 703 1647 1648
4 1207 412 1210 1209
4 1355 273 272 1357
4 1355 272 273 271
4 1406 1408 128 1407
4 1604 1611 669 1610
4 669 1611 1604 1603
4 1369 270 318 1367
4 1369 318 270 322
4 700 1552 1553 1551
4 644 936 646 938
4 586 1510 587 588
4 251 1301 1303 1302
4 251 1303 1301 248
4 345 801 799 800
4 345 799 801 342
4 1413 133 144 1415
4 144 133 1413 285
4 806 3 0 2
4 1458 566 565 1460
4 1458 565 566 564
4 1362 1408 126 1409
4 1654 1655 499 1656
4 871 870 626 872
4 1545 1544 600 1543
4 1545 600 1544 1546
4 905 906 696 904
4 1473 1475 508 1474
4 1473 508 1475 1476
4 435 436 1219 427
4 695 899 900 633
4 695 900 899 901
4 528 526 1624 525
4 527 526 1624 1627
4 527 1624 526 525
4 928 644 938 937
4 928 938 644 645
4 17 19 1598 20
4 1597 1598 19 20
4 1597 19 1598 1599
4 1538 1644 1545 1543
4 1648 1545 1644 1543
4 1648 1644 1545 524
4 56 57 1830 55
4 56 1830 57 1228
4 1829 1830 57 55
4 1829 57 1830 1228
4 1814 1812 1811 1810
4 1811 1812 1814 1813
4 1814 1811 79 1810
4 79 1811 1814 1813
4 1833 57 1832 1831
4 59 1832 57 1831
4 70 56 1213 71
4 1798 977 1800 475
4 1798 1800 977 976
4 1168 379 1169 377
4 1168 1169 379 1167
4 378 1169 379 377
4 378 379 1169 1167
4 1795 1021 1796 1022
4 1772 1774 1776 106
4 1772 1776 1774 1775
4 1773 1774 1776 1775
4 1753 363 1752 1751
4 1753 1752 363 365
4 364 1752 363 1751
4 364 363 1752 365
4 1219 405 1217 1220
4 426 1217 405 1220
4 1776 1169 1774 1773
4 1776 1774 1169 106
4 486 1819 1817 1818
4 486 1817 1819 484
4 1229 428 1227 491
4 1229 1227 428 1230
4 63 1227 428 491
4 63 428 1227 1230
4 6 5 806 4
4 3 806 5 4
4 75 1802 76 1805
4 75 76 1802 77
4 1729 339 1728 1727
4 338 1728 339 1727
4 1115 360 1114 1113
4 1115 1114 360 362
4 361 360 1114 362
4 1030 1023 391 1029
4 1005 1023 391 395
4 1005 391 1023 1029
4 164 1258 147 163
4 164 147 1258 1260
4 162 147 1258 163
4 140 1388 1419 1420
4 140 1419 1388 141
4 1295 1294 145 1292
4 148 145 1294 1292
4 286 1374 1383 275
4 151 150 1291 247
4 151 1291 150 1277
4 243 1291 150 247
4 243 150 1291 1277
4 986 1177 1867 81
4 74 1867 1177 81
4 1154 206 207 205
4 1635 1633 905 43
4 1635 905 1633 907
4 54 905 908 907
4 908 905 1635 907
4 1557 1558 769 1559
4 1540 523 1537 702
4 1537 523 1540 1539
4 728 848 54 727
4 728 54 848 845
4 44 54 848 727
4 44 848 54 845
4 600 1536 1543 1544
4 878 635 881 898
4 878 881 635 534
4 879 881 635 898
4 879 635 881 534
4 537 897 896 536
4 537 896 897 895
4 669 932 1603 1604
4 669 1603 932 651
4 830 831 654 829
4 876 630 866 632
4 904 697 902 695
4 904 902 697 903
4 901 902 697 695
4 901 697 902 903
4 538 830 893 540
4 538 893 830 894
4 728 844 845 846
4 728 845 844 54
4 1523 594 1526 1527
4 1526 594 1523 596
4 1526 1548 1523 1527
4 1523 1548 1526 596
4 1551 597 598 1534
4 1551 598 597 698
4 317 1398 1403 1404
4 317 1403 1398 129
4 1468 496 718 719
4 1408 1410 126 1409
4 1408 126 1410 127
4 1466 1662 1468 1467
4 1466 1468 1662 496
4 1662 497 1466 496
4 1659 1555 1466 496
4 1466 1555 1659 1660
4 497 1659 1466 496
4 1518 1522 1534 1520
4 1518 1551 1534 597
4 1534 1551 1518 1520
4 912 915 1848 1850
4 127 1406 126 125
4 127 126 1406 1408
4 128 126 1406 125
4 128 1406 126 1408
4 128 1362 1408 126
4 128 1408 1362 1407
4 720 554 1468 1469
4 720 1468 554 718
4 1464 1468 554 1469
4 1464 554 1468 718
4 495 1552 507 701
4 700 507 1552 701
4 1656 1552 1658 495
4 1656 1658 1552 1554
4 1658 1555 1552 1554
4 1555 507 1552 1554
4 1400 1493 312 1495
4 1400 312 1493 1494
4 110 1759 107 1758
4 110 107 1759 109
4 108 107 1759 1758
4 108 1759 107 109
4 1227 57 1213 70
4 1227 1213 57 1228
4 56 1213 57 70
4 56 57 1213 1228
4 1200 1197 406 1199
4 1180 1185 418 416
4 1180 418 1185 1182
4 1180 86 1179 85
4 1180 1179 86 1181
4 1190 1179 86 85
4 1190 86 1179 1181
4 1231 62 1232 1837
4 1231 1232 62 63
4 64 62 1232 63
4 384 386 1018 383
4 1017 1018 386 383
4 1017 386 1018 1019
4 1064 109 117 367
4 1316 249 1306 1315
4 1304 1306 249 1315
4 1304 249 1306 250
4 207 1167 378 1163
4 207 378 1167 379
4 1012 1013 402 1010
4 1012 402 1013 1001
4 381 1173 1172 99
4 381 1172 1173 1171
4 998 1026 1024 390
4 998 1024 1026 1025
4 358 1140 1141 1142
4 358 1141 1140 330
4 190 1105 1106 1107
4 190 1106 1105 119
4 1149 118 121 119
4 339 340 1281 241
4 1281 340 339 1725
4 1281 1727 339 241
4 339 1727 1281 1725
4 1100 187 1099 1098
4 1100 1099 187 194
4 185 187 1099 194
4 1288 328 1287 1286
4 1288 1287 328 333
4 329 1287 328 1286
4 329 328 1287 333
4 239 1278 238 1284
4 239 238 1278 235
4 328 329 1268 235
4 328 1268 329 1285
4 1278 1268 329 235
4 1278 329 1268 1285
4 1111 188 1104 1094
4 1111 1104 188 189
4 268 1349 269 267
4 1348 269 1349 267
4 1722 1724 801 1721
4 1326 1724 801 341
4 1326 801 1724 1721
4 1316 1321 351 1322
4 1316 351 1321 1323
4 239 238 1282 1283
4 239 1282 238 240
4 1279 1282 238 1283
4 1279 238 1282 240
4 1280 240 1281 334
4 1280 1281 240 1279
4 241 1281 240 334
4 241 240 1281 1279
4 1715 1319 739 1713
4 1715 739 1319 326
4 738 739 1319 1713
4 738 1319 739 326
4 339 338 1725 340
4 339 1725 338 1726
4 1723 1725 338 340
4 1723 338 1725 1726
4 1720 345 801 347
4 1720 801 345 800
4 744 1712 743 1711
4 744 743 1712 738
4 1717 739 1716 1715
4 1717 1716 739 741
4 740 739 1716 741
4 1683 303 1688 305
4 1689 1688 303 305
4 1243 229 1743 759
4 1743 1250 1246 1245
4 1728 798 336 1730
4 1728 336 798 146
4 335 336 798 1730
4 335 798 336 146
4 756 1735 1733 1734
4 756 1733 1735 750
4 1748 1105 1106 124
4 1106 1105 1748 1749
4 1105 1151 1748 1749
4 1751 363 1106 124
4 1106 363 1751 1749
4 363 1748 1106 124
4 1106 1748 363 1749
4 107 111 1758 1757
4 107 1758 111 110
4 1759 1758 111 1757
4 1759 111 1758 110
4 92 1174 93 94
4 92 93 1174 1175
4 1741 1739 753 1742
4 1741 753 1739 1740
4 355 1748 1746 1747
4 335 757 1732 758
4 1732 164 335 758
4 1738 752 1736 750
4 1738 1736 752 1737
4 1735 1736 752 750
4 1735 752 1736 1737
4 124 1748 353 354
4 1734 758 1733 756
4 1734 1733 758 1732
4 757 1733 758 756
4 757 758 1733 1732
4 117 1760 1064 1062
4 117 1064 1760 109
4 1761 1064 1760 1062
4 1761 1760 1064 109
4 109 110 1763 1761
4 109 1763 110 113
4 975 1022 1798 976
4 92 1174 1785 1175
4 104 786 1778 101
4 104 1778 786 1776
4 91 1791 1790 89
4 91 1790 1791 1789
4 102 1778 101 100
4 1023 1031 391 395
4 1023 391 1031 1030
4 975 386 384 385
4 1808 1177 1867 986
4 1867 1177 1808 1807
4 1804 962 1802 963
4 961 960 1806 963
4 961 1806 960 468
4 76 961 1806 963
4 76 1806 961 468
4 1802 961 76 963
4 1802 76 961 468
4 962 961 1802 963
4 962 1802 961 468
4 58 1825 26 1828
4 58 26 1825 29
4 625 931 1611 643
4 651 931 1611 1603
4 651 1611 931 643
4 741 803 1718 344
4 741 1718 803 1717
4 146 1292 1261 798
4 146 1261 1292 145
4 1705 323 1706 1704
4 1705 1706 323 325
4 324 1706 323 1704
4 324 323 1706 325
4 1708 743 1709 745
4 1708 1709 743 1710
4 744 1709 743 745
4 744 743 1709 1710
4 805 0 806 3
4 805 806 0 807
4 1645 707 1644 1643
4 1645 1644 707 709
4 1621 532 880 881
4 908 1637 44 847
4 908 44 1637 1636
4 50 1637 1636 1638
4 494 497 1659 498
4 1662 1661 497 498
4 1659 497 1661 498
4 1684 301 1683 304
4 1684 1683 301 1496
4 1493 1496 312 1495
4 1493 312 1496 301
4 1502 573 1501 574
4 1502 1501 573 1498
4 572 1501 573 574
4 572 573 1501 1498
4 491 1213 70 1229
4 491 70 1213 71
4 737 1699 1697 1698
4 1685 304 1686 307
4 1685 1686 304 1684
4 306 1686 304 307
4 306 304 1686 1684
4 499 1655 704 501
4 591 704 1655 501
4 1649 1647 1651 1650
4 1649 1651 1647 703
4 705 1647 1651 703
4 1642 1589 5 811
4 6 5 1588 811
4 6 1588 5 7
4 5 1589 1588 811
4 5 1588 1589 7
4 1632 760 761 49
4 1628 527 1629 1606
4 1628 1629 527 526
4 760 1629 527 1606
4 760 527 1629 526
4 680 1615 682 681
4 680 682 1615 1613
4 762 682 1615 681
4 682 1615 930 762
4 682 930 1615 1613
4 938 930 1615 762
4 938 1615 930 1613
4 680 1612 1613 1614
4 680 1613 1612 682
4 1640 1589 53 1642
4 1640 53 1589 7
4 5 53 1589 1642
4 5 1589 53 7
4 1561 1647 1564 1650
4 1564 1647 1561 705
4 1560 1651 1647 1650
4 1647 1651 1560 705
4 1561 1560 1647 1650
4 1647 1560 1561 705
4 504 1663 1665 1664
4 1670 510 1672 714
4 1670 1672 510 1442
4 1672 510 1673 714
4 1672 1673 510 1442
4 1673 510 514 714
4 1673 514 510 1442
4 1678 724 776 723
4 1679 1681 724 1680
4 724 1681 1679 1578
4 1667 775 1503 505
4 1663 1503 505 1666
4 1663 505 1503 506
4 1765 113 1764 1763
4 1765 1764 113 115
4 114 113 1764 115
4 1602 17 1601 1600
4 1602 1601 17 18
4 764 1584 1594 1593
4 764 1594 1584 23
4 931 624 872 873
4 872 1603 931 873
4 808 810 1585 812
4 1588 810 1585 6
4 1588 1585 810 812
4 724 780 1686 779
4 1686 777 724 779
4 1504 1503 1667 775
4 1667 1503 1504 1573
4 771 1514 1561 1562
4 771 1561 1514 590
4 1429 777 1430 1431
4 1429 1430 777 778
4 143 1430 777 1431
4 143 777 1430 778
4 293 1416 1433 1434
4 1463 512 1471 513
4 570 1462 569 571
4 570 1507 1506 571
4 570 1506 1462 571
4 830 653 891 1865
4 887 891 653 1865
4 1378 273 1380 283
4 1378 1380 273 1357
4 1359 1380 273 283
4 1359 273 1380 1357
4 1417 133 1424 1415
4 1422 133 1424 135
4 1422 1424 133 1415
4 1424 135 1425 136
4 132 1425 135 136
4 1579 560 1580 582
4 1579 1580 560 1574
4 581 1580 560 582
4 581 560 1580 1574
4 1383 1381 288 1384
4 581 1567 1574 1575
4 581 1574 1567 577
4 1498 1458 1460 569
4 1498 1460 1458 1500
4 1462 1498 1460 569
4 571 1498 1462 569
4 1557 15 1581 14
4 1557 1581 15 1565
4 1584 24 859 1595
4 652 1607 1608 1609
4 652 1608 1607 670
4 1609 652 669 1608
4 669 652 1609 1611
4 669 1610 1609 1608
4 1609 1610 669 1611
4 1772 103 104 1777
4 1772 104 103 105
4 1329 1330 32 1331
4 1329 32 1330 1332
4 443 79 1813 80
4 443 1813 79 1814
4 422 945 1216 1215
4 422 1216 945 424
4 787 1032 1784 1034
4 1784 1032 787 393
4 789 223 1032 1034
4 1032 223 789 393
4 787 789 1032 1034
4 1032 789 787 393
4 940 440 1225 438
4 940 1225 440 1224
4 421 948 422 423
4 1165 206 207 1154
4 445 962 989 992
4 445 989 962 447
4 478 995 997 474
4 378 1162 1163 1166
4 378 1163 1162 380
4 1791 478 1792 89
4 90 1792 478 89
4 1025 1792 1026 90
4 1025 1026 1792 1024
4 1026 1792 390 90
4 1026 390 1792 1024
4 390 1792 474 90
4 390 474 1792 1024
4 474 1792 478 90
4 223 789 102 790
4 223 102 789 393
4 101 789 102 393
4 1029 392 1031 1032
4 1029 1031 392 391
4 174 1080 1079 1076
4 174 1079 1080 171
4 223 1782 1781 1780
4 223 1781 1782 221
4 1161 206 1155 208
4 1161 1155 206 1165
4 1154 1155 206 208
4 1154 206 1155 1165
4 162 1257 163 1258
4 1256 163 1257 1258
4 148 1261 145 1293
4 148 145 1261 147
4 260 1310 259 258
4 257 259 1310 258
4 1338 1336 34 1339
4 1338 34 1336 1337
4 245 246 1273 242
4 245 1273 246 1272
4 1274 1273 246 242
4 1274 246 1273 1272
4 1265 230 1264 232
4 1265 1264 230 1262
4 231 1264 230 232
4 231 230 1264 1262
4 243 1273 1277 1275
4 242 243 1273 244
4 1298 1291 1301 247
4 1301 1291 1298 1300
4 1301 1840 1298 247
4 1298 1840 1301 1300
4 262 1840 151 1298
4 262 151 1840 261
4 247 151 1840 1298
4 247 1840 151 261
4 251 1299 1301 1302
4 251 1301 1299 253
4 1321 254 351 733
4 1321 351 254 1323
4 1346 270 1348 269
4 1346 1348 270 1367
4 1350 270 1348 1367
4 1416 133 1415 144
4 1416 1415 133 1417
4 208 205 1154 209
4 208 1154 205 206
4 1165 1163 206 1164
4 1165 206 1163 207
4 1264 1268 233 237
4 1080 172 1083 171
4 1084 1083 172 171
4 1133 1129 196 1134
4 1133 196 1129 1132
4 1130 1126 196 1128
4 1130 196 1126 198
4 231 1138 1262 1263
4 1081 173 172 171
4 1081 1080 172 1059
4 172 1080 1081 171
4 419 1188 1187 1189
4 1156 1006 395 1023
4 1156 395 1006 1157
4 214 1046 213 1152
4 214 213 1046 210
4 1051 204 1054 203
4 981 979 455 458
4 981 455 979 973
4 967 965 968 966
4 1205 1204 408 1203
4 1205 408 1204 410
4 991 970 971 462
4 991 971 970 972
4 988 990 971 462
4 988 971 990 972
4 990 991 971 462
4 990 971 991 972
4 1215 414 948 422
4 1215 948 414 955
4 421 948 414 422
4 437 404 940 438
4 86 418 1189 419
4 451 958 982 964
4 451 982 958 452
4 404 405 942 403
4 404 942 405 947
4 1198 942 405 403
4 1198 405 942 947
4 1091 1092 183 1090
4 1091 183 1092 1093
4 726 1435 547 725
4 493 547 1435 725
4 1349 265 1348 267
4 1349 1348 265 1347
4 1427 1428 1425 1426
4 1427 1425 1428 132
4 1418 1425 1428 1426
4 1389 280 1390 282
4 1389 1390 280 1391
4 281 1390 280 282
4 281 280 1390 1391
4 561 1570 1567 577
4 1436 134 1435 294
4 1436 1435 134 1433
4 293 1435 134 294
4 293 134 1435 1433
4 1451 1452 553 1453
4 552 1452 553 555
4 552 553 1452 1453
4 1452 563 1456 1457
4 278 1394 276 279
4 1439 545 1485 1486
4 1440 1484 547 1483
4 547 1484 1440 1439
4 1437 294 1435 726
4 1437 1435 294 1436
4 548 1485 547 546
4 1534 1535 597 598
4 1535 1548 595 598
4 1535 595 597 598
4 620 856 857 858
4 931 1611 1862 625
4 868 867 876 630
4 868 876 867 875
4 866 876 867 630
4 866 867 876 875
4 695 904 633 900
4 695 633 904 694
4 631 904 633 694
4 637 931 885 624
4 637 885 931 1863
4 883 885 637 1863
4 615 617 859 618
4 855 859 617 618
4 1532 609 939 603
4 1532 939 609 832
4 672 856 855 618
4 672 855 856 840
4 861 615 618 619
4 620 861 618 619
4 625 637 931 1863
4 870 623 1862 625
4 870 1862 623 872
4 641 874 883 884
4 80 486 1818 487
4 80 443 1818 1816
4 1818 443 80 487
4 1648 524 709 1644
4 1648 709 524 708
4 514 1480 1479 1477
4 1479 1480 514 713
4 1479 712 514 1477
4 514 712 1479 713
4 102 223 1782 224
4 638 639 886 887
4 638 886 639 641
4 884 886 639 887
4 884 639 886 641
4 1465 1466 718 1464
4 1465 718 1466 507
4 890 638 889 640
4 890 889 638 888
4 887 889 638 640
4 887 638 889 888
4 532 1623 531 530
4 532 531 1623 1621
4 529 531 1623 530
4 529 1623 531 1621
4 1085 167 1086 791
4 166 1086 167 791
4 26 28 1825 29
4 1441 712 1477 509
4 1441 1477 712 1478
4 587 571 1510 586
4 570 1510 571 586
4 1510 1515 1517 570
4 1510 1517 1515 1509
4 571 1507 1510 570
4 1507 1515 1510 570
4 1507 1510 1515 1509
4 1088 172 1058 181
4 1088 1058 172 1074
4 180 1058 172 181
4 1440 547 1435 493
4 1435 547 1440 1438
4 1440 1490 1435 1438
4 483 1819 484 485
4 1335 1333 1310 260
4 1335 1310 1333 1311
4 259 1314 1310 260
4 259 1310 1314 1311
4 1314 1335 1310 260
4 1314 1310 1335 1311
4 188 189 1113 1111
4 188 1113 189 360
4 1287 330 331 332
4 1678 724 1578 776
4 1578 724 1678 1679
4 1578 1576 1678 776
4 1678 1576 1578 1679
4 1576 776 1577 585
4 1576 1577 776 1578
4 53 52 1642 5
4 53 1642 52 1641
4 809 1642 52 5
4 809 52 1642 1641
4 910 843 518 909
4 852 843 518 521
4 852 518 843 909
4 739 740 1713 738
4 739 1713 740 1714
4 1712 1713 740 738
4 1712 740 1713 1714
4 1481 548 1482 549
4 1481 1482 548 1483
4 1440 1482 548 549
4 1440 548 1482 1483
4 1627 1608 527 1606
4 1627 527 1608 1866
4 1556 1563 1525 16
4 604 1556 1525 16
4 765 1590 9 766
4 7 9 1590 766
4 7 1590 9 1589
4 958 959 466 450
4 958 466 959 957
4 1481 1485 1483 548
4 1481 1483 1485 1484
4 547 1483 1485 548
4 547 1485 1483 1484
4 5 806 810 6
4 5 810 806 808
4 1585 810 806 6
4 1585 806 810 808
4 1196 1814 442 471
4 1196 442 1814 1815
4 153 1248 154 1250
4 153 154 1248 152
4 1629 1599 1632 1630
4 1629 1632 1599 760
4 1435 1492 1440 493
4 1435 1440 1492 1490
4 549 1440 1492 493
4 549 1492 1440 1490
4 1442 1476 509 510
4 1442 509 1476 1444
4 520 1541 518 519
4 520 518 1541 910
4 1318 732 1319 319
4 1318 1319 732 1317
4 1320 732 1319 1317
4 1351 1354 1349 268
4 1351 1349 1354 1352
4 1353 1354 1349 1352
4 614 836 677 835
4 834 677 836 835
4 1733 331 750 755
4 42 45 1636 46
4 1054 1052 1051 1053
4 1054 1051 1052 204
4 1489 560 1447 1566
4 418 1189 1181 86
4 418 1181 1189 1183
4 1190 1181 1189 86
4 1190 1189 1181 1183
4 1506 1505 572 1499
4 1506 572 1505 571
4 33 1330 32 1332
4 32 1330 33 749
4 1323 1307 250 254
4 1323 250 1307 1306
4 249 1323 250 254
4 249 250 1323 1306
4 1316 249 1323 1306
4 1514 588 1513 1512
4 1514 1513 588 590
4 1511 1513 588 1512
4 1511 588 1513 590
4 28 27 1825 946
4 28 1825 27 26
4 1827 1825 27 946
4 1827 27 1825 26
4 519 1542 1540 516
4 519 1540 1542 1541
4 704 1655 1652 591
4 1511 1655 1652 1653
4 1511 1652 1655 591
4 992 462 448 445
4 992 448 462 991
4 934 932 650 935
4 649 650 932 935
4 1567 561 1569 1570
4 1296 1277 1273 1275
4 1273 1277 1296 150
4 1273 1294 1296 1275
4 1296 1294 1273 150
4 85 86 1191 82
4 85 1191 86 1190
4 1192 1191 86 82
4 1192 86 1191 1190
4 124 1748 120 353
4 1746 1748 120 1151
4 1746 120 1748 353
4 1200 406 407 408
4 990 472 994 995
4 506 1503 775 505
4 1791 1024 997 1793
4 1795 1794 1791 1793
4 995 1795 997 1793
4 997 1795 995 478
4 1795 1791 997 1793
4 997 1791 1795 478
4 1173 1010 95 99
4 764 1592 23 763
4 764 23 1592 1594
4 616 23 1592 763
4 616 1592 23 1594
4 460 965 457 455
4 460 457 965 969
4 322 321 1369 318
4 322 1369 321 1370
4 1368 1369 321 318
4 1368 321 1369 1370
4 1674 715 1672 1673
4 1674 1672 715 716
4 714 1672 715 1673
4 714 715 1672 716
4 1447 1569 1567 561
4 1447 1567 1569 1568
4 1267 1266 232 1265
4 1140 333 1287 1288
4 44 1636 42 45
4 1802 989 1801 1799
4 1802 1801 989 1803
4 496 1659 494 497
4 1636 45 50 46
4 1636 50 45 1637
4 1104 186 188 189
4 236 1269 1268 1267
4 1268 1269 236 235
4 236 237 1268 235
4 904 1864 633 900
4 904 633 1864 631
4 866 633 1864 900
4 866 1864 633 631
4 119 120 1748 1151
4 1748 120 119 124
4 1748 1105 119 1151
4 119 1105 1748 124
4 1461 567 569 566
4 1059 1058 172 180
4 1059 172 1058 1074
4 1394 276 277 278
4 705 591 1560 1514
4 705 1560 591 704
4 1250 229 1743 1246
4 1250 1743 229 759
4 778 136 1430 143
4 132 136 1430 1428
4 132 1430 136 143
4 1447 561 560 551
4 1447 560 561 1566
4 78 79 1811 1810
4 1571 1504 1572 579
4 1571 1572 1504 1573
4 1667 1504 1572 1573
4 180 1081 172 1059
4 180 172 1081 173
4 1848 664 921 661
4 1848 921 664 922
4 572 569 1498 571
4 1498 569 572 573
4 351 1323 352 254
4 351 352 1323 1316
4 249 352 1323 254
4 249 1323 352 1316
4 965 973 457 455
4 1009 387 1017 383
4 1009 1017 387 1008
4 1018 1017 387 383
4 1018 387 1017 1008
4 1548 596 1535 595
4 1548 1535 596 1523
4 597 1535 596 595
4 1819 1194 1817 1820
4 575 1503 775 506
4 775 1503 575 1504
4 1471 553 1463 1453
4 1471 1463 553 512
4 775 774 1669 773
4 627 871 870 626
4 627 870 871 868
4 589 1508 1510 587
4 589 1510 1508 1511
4 1631 47 1632 761
4 1631 1632 47 1633
4 568 1519 1518 1517
4 568 1518 1519 594
4 978 974 456 977
4 123 1149 122 121
4 123 122 1149 1147
4 118 122 1149 121
4 118 1149 122 1147
4 1780 102 223 1782
4 1780 223 102 790
4 1260 1732 795 796
4 1260 795 1732 164
4 335 795 1732 796
4 335 1732 795 164
4 1431 1681 1686 777
4 1431 1686 1681 1844
4 724 1686 1681 777
4 724 1681 1686 1844
4 880 532 535 881
4 495 496 1659 494
4 1659 1658 495 494
4 1683 1401 1688 303
4 1683 1688 1401 1682
4 1689 1688 1401 303
4 1689 1401 1688 1682
4 1012 1787 1010 95
4 1012 1010 1787 1011
4 1173 1010 1787 95
4 1173 1787 1010 1011
4 459 975 456 974
4 459 456 975 385
4 388 975 456 385
4 44 1636 43 42
4 1635 43 1636 42
4 776 777 1577 585
4 1431 1577 777 585
4 1431 777 1577 1681
4 1084 1074 1083 1082
4 1084 1083 1074 172
4 1080 1083 1074 1082
4 1080 1074 1083 172
4 188 1104 187 186
4 1109 1104 187 1095
4 1109 187 1104 186
4 1225 405 940 437
4 1225 940 405 947
4 404 940 405 437
4 404 405 940 947
4 855 616 859 1583
4 855 859 616 617
4 615 616 859 617
4 1611 872 931 1862
4 1611 931 872 1603
4 618 861 859 615
4 24 859 861 615
4 777 724 1577 1681
4 777 1577 724 776
4 1578 1577 724 1681
4 1578 724 1577 776
4 968 974 978 967
4 968 978 974 457
4 973 965 978 967
4 973 978 965 457
4 965 968 978 967
4 965 978 968 457
4 507 496 1659 495
4 507 1659 496 1555
4 1658 1552 1659 495
4 1658 1659 1552 1555
4 1552 507 1659 495
4 1552 1659 507 1555
4 458 457 979 455
4 973 979 457 455
4 973 457 979 978
4 108 109 1760 1759
4 1760 109 108 117
4 1760 1116 108 1759
4 108 1116 1760 117
4 54 905 906 696
4 54 906 905 907
4 164 795 798 1261
4 798 795 164 335
4 798 146 164 1261
4 164 146 798 335
4 9 767 1585 10
4 1177 1867 72 1807
4 72 1867 1177 74
4 1177 78 72 74
4 72 1809 1177 1807
4 1177 1809 72 78
4 1535 1534 699 598
4 1551 699 1534 598
4 659 661 1848 917
4 1848 661 659 660
4 659 658 1848 660
4 915 659 1848 917
4 1707 1343 1377 38
4 1707 1377 1343 1342
4 1340 1341 1707 38
4 1340 1707 1341 1342
4 1341 1343 1707 38
4 1341 1707 1343 1342
4 1643 1644 1647 707
4 1643 1647 1644 1646
4 1648 1647 1644 707
4 1648 1644 1647 1646
4 1530 1528 1531 1529
4 1525 1531 1528 1529
4 1131 196 1133 1132
4 223 1032 1033 394
4 223 1033 1032 1034
4 1540 523 517 1542
4 517 523 1540 515
4 517 516 1540 1542
4 1540 516 517 515
4 1221 429 431 1239
4 431 429 1221 430
4 609 833 608 610
4 939 609 833 608
4 939 833 609 832
4 474 997 1024 998
4 1325 352 351 1324
4 351 352 1325 350
4 115 1764 116 1765
4 115 116 1764 114
4 1582 15 14 1581
4 14 15 1582 13
4 14 12 1582 1581
4 1582 12 14 13
4 505 1663 1665 504
4 505 1665 1663 1666
4 555 1456 1452 563
4 411 490 1210 412
4 1001 387 1008 1009
4 1008 387 1001 999
4 1507 1510 587 571
4 1633 46 1634 48
4 1633 1634 46 1635
4 1328 1344 259 1313
4 1585 1588 9 1587
4 1585 9 1588 767
4 774 1667 775 1669
4 774 775 1667 505
4 371 377 1169 376
4 371 106 1169 1774
4 1169 106 371 376
4 1773 371 1169 1774
4 1394 1411 1396 1397
4 277 1394 1411 1396
4 277 1411 1394 278
4 1692 1690 1421 1693
4 1796 386 1795 1794
4 1795 386 1796 1021
4 1373 738 1713 1712
4 1373 1319 738 1318
4 738 1319 1373 1713
4 896 880 879 882
4 879 897 896 882
4 896 535 879 880
4 1690 142 1692 1421
4 1690 1692 142 311
4 1694 1692 142 1421
4 1694 142 1692 311
4 418 1185 1184 444
4 418 1184 1185 1182
4 834 612 614 835
4 614 612 834 613
4 614 677 834 835
4 834 677 614 613
4 221 1037 1782 222
4 600 1545 1538 517
4 1538 1545 600 1543
4 1538 1536 600 517
4 600 1536 1538 1543
4 16 1563 14 1556
4 14 1563 16 770
4 769 1563 1556 14
4 1556 1563 769 1558
4 1556 1557 769 14
4 769 1557 1556 1558
4 1595 1598 1861 1596
4 1598 20 22 21
4 24 1595 1598 1861
4 547 1485 1439 545
4 547 1439 1485 1484
4 1140 750 1738 1736
4 1738 1141 1140 1736
4 1738 356 1140 1141
4 750 356 1738 751
4 1738 356 750 1140
4 1131 1144 122 1139
4 247 1301 243 1291
4 247 243 1301 252
4 346 340 1281 1722
4 1281 340 346 341
4 801 346 1724 1722
4 1724 346 801 341
4 346 1280 1724 1722
4 1724 1280 346 341
4 346 1281 1280 1722
4 1280 1281 346 341
4 1518 1522 1519 594
4 1518 1519 1522 1520
4 1521 1519 1522 594
4 1521 1522 1519 1520
4 177 1119 1120 178
4 177 1120 1119 1118
4 948 441 421 951
4 948 421 441 423
4 959 466 956 957
4 526 1624 1626 528
4 526 1626 1624 1627
4 1601 19 1600 17
4 1601 1600 19 1599
4 1598 1600 19 17
4 1598 19 1600 1599
4 78 1813 79 80
4 79 1813 78 1811
4 1833 57 59 1832
4 59 57 1833 60
4 59 61 1833 1832
4 1833 61 59 60
4 974 975 977 976
4 1798 977 975 976
4 475 975 977 388
4 475 977 975 1798
4 483 84 1819 1194
4 483 1819 84 484
4 1817 1819 84 1194
4 1817 84 1819 484
4 806 5 805 3
4 806 805 5 808
4 34 1338 1328 1337
4 35 1338 34 36
4 35 34 1338 1328
4 287 1383 1381 288
4 287 1381 1383 1382
4 1729 339 338 1728
4 338 339 1729 337
4 338 336 1729 1728
4 1729 336 338 337
4 1076 1079 175 1077
4 175 1079 1076 174
4 1076 116 175 174
4 1075 175 1076 116
4 1075 1076 175 1077
4 1247 159 157 158
4 1137 157 1247 1254
4 1247 157 1137 158
4 1137 1253 157 1254
4 147 1258 1259 162
4 147 1259 1258 1260
4 145 1295 148 1294
4 148 1295 145 149
4 1295 150 148 1294
4 148 150 1295 149
4 1295 1296 150 1294
4 150 1296 1295 149
4 1374 1383 287 286
4 1374 287 1383 1382
4 905 1635 1636 908
4 905 1636 1635 43
4 44 54 1636 908
4 44 1636 54 43
4 54 905 1636 908
4 54 1636 905 43
4 876 634 866 875
4 899 634 866 633
4 899 866 634 875
4 330 1287 1140 333
4 1466 1662 1661 497
4 1661 1662 1466 1660
4 1661 1659 1466 497
4 1466 1659 1661 1660
4 1549 1534 699 1535
4 1534 1549 1551 1550
4 507 1552 1553 700
4 507 1553 1552 1554
4 62 1232 65 64
4 62 65 1232 1837
4 1099 1097 187 185
4 1099 187 1097 1098
4 1104 1094 185 1095
4 185 1094 1104 188
4 185 187 1104 1095
4 1104 187 185 188
4 739 1716 1714 740
4 739 1714 1716 1715
4 1743 1243 1244 229
4 1244 1243 1743 1245
4 1244 1246 1743 229
4 1743 1246 1244 1245
4 94 1785 92 1174
4 94 92 1785 788
4 355 1748 353 1746
4 353 1748 355 354
4 1732 335 1731 757
4 1731 335 1732 796
4 110 1762 1763 1761
4 476 1022 475 975
4 476 475 1022 1797
4 1798 475 1022 975
4 1798 1022 475 1797
4 372 105 1769 374
4 375 105 1769 1770
4 375 1769 105 374
4 105 1771 1769 1770
4 1769 1771 105 372
4 1019 386 975 1021
4 962 447 1802 468
4 310 1692 1690 311
4 532 1620 1621 880
4 1621 1620 532 531
4 1620 678 532 531
4 737 1699 736 1697
4 736 1699 737 300
4 1699 299 736 1697
4 736 299 1699 300
4 1699 1410 299 1697
4 299 1410 1699 300
4 1460 1505 1498 1462
4 1460 1498 1505 1500
4 571 1498 1505 1462
4 1655 704 1654 499
4 113 1764 110 114
4 113 110 1764 1763
4 1762 110 1764 114
4 1762 1764 110 1763
4 724 1680 1685 780
4 1685 1680 724 1844
4 1685 1686 724 780
4 724 1686 1685 1844
4 775 1572 1504 579
4 775 1504 1572 1667
4 572 1498 1505 571
4 554 1470 1463 1454
4 1463 1470 554 513
4 554 512 1463 513
4 653 887 640 891
4 640 887 653 639
4 132 1425 133 135
4 1424 1425 133 1417
4 1424 133 1425 135
4 1558 1556 1525 1531
4 1558 1525 1556 1563
4 753 1739 1250 1742
4 153 1739 753 754
4 153 753 1739 1250
4 1223 61 431 430
4 457 974 456 978
4 456 974 457 459
4 439 27 940 438
4 944 439 940 943
4 944 940 439 27
4 1791 997 474 478
4 474 997 1791 1024
4 474 1792 1791 478
4 1791 1792 474 1024
4 789 102 786 101
4 789 786 102 790
4 1779 102 786 790
4 219 220 1037 1038
4 219 1037 220 212
4 220 1044 212 1037
4 220 212 1044 1039
4 1038 1036 220 1037
4 1038 220 1036 1039
4 1036 1044 220 1037
4 1036 220 1044 1039
4 1254 160 1256 157
4 1256 163 162 1257
4 162 163 1256 161
4 162 160 1256 1257
4 1256 160 162 161
4 1312 259 1309 257
4 1312 1309 259 1311
4 1310 1309 259 257
4 1310 259 1309 1311
4 1273 150 243 1277
4 243 150 1273 244
4 243 1273 1274 242
4 243 1274 1273 1275
4 268 270 1349 1350
4 268 1349 270 269
4 1348 1349 270 1350
4 1348 270 1349 269
4 134 133 1416 144
4 234 233 1268 237
4 234 236 1268 1267
4 1268 236 234 237
4 231 1138 1247 1262
4 1247 1138 231 165
4 1247 230 231 1262
4 231 230 1247 165
4 1188 415 420 1187
4 420 415 1188 413
4 420 419 1188 1187
4 1188 419 420 413
4 400 397 999 401
4 1000 402 400 401
4 1000 400 999 401
4 418 1184 1187 420
4 1187 1184 418 1183
4 418 1189 1187 1183
4 1187 419 418 420
4 418 419 1187 1189
4 1435 547 1437 726
4 1435 1437 547 1438
4 1395 1407 1406 130
4 1406 1407 1395 1405
4 1398 1406 1395 1405
4 277 130 1394 1395
4 277 1394 130 276
4 279 1394 1411 278
4 1452 553 556 1451
4 1452 556 553 555
4 1394 1392 276 279
4 594 1535 596 597
4 594 596 1535 1523
4 1534 1535 594 597
4 1534 594 1535 1523
4 624 931 625 637
4 912 657 915 913
4 620 861 859 618
4 859 861 620 857
4 859 856 620 618
4 620 856 859 857
4 620 621 861 619
4 1515 1506 1507 1497
4 1462 1506 1461 1497
4 1461 1506 1515 1497
4 1506 570 1515 1507
4 623 625 931 1862
4 931 625 623 624
4 931 872 623 1862
4 623 872 931 624
4 874 885 637 883
4 637 885 874 624
4 637 641 874 883
4 874 641 637 624
4 80 1813 1817 486
4 1817 1813 80 1816
4 1817 1818 80 486
4 80 1818 1817 1816
4 1085 167 166 1086
4 166 167 1085 168
4 189 1112 1113 1111
4 602 1532 604 603
4 604 603 1556 16
4 1590 9 1588 765
4 1590 1588 9 1589
4 447 959 467 960
4 447 467 959 450
4 466 959 467 450
4 1629 1628 761 526
4 760 761 1629 1632
4 760 1629 761 526
4 1226 1219 1231 1218
4 732 1319 327 1320
4 732 327 1319 319
4 326 327 1319 1320
4 326 1319 327 319
4 1354 1349 274 1353
4 1354 274 1349 268
4 267 274 1349 1353
4 267 1349 274 268
4 836 677 676 614
4 1655 1652 1654 704
4 1655 1654 1652 1653
4 1651 1654 1652 704
4 1651 1652 1654 1653
4 1267 1271 1272 1270
4 1272 1269 1267 1270
4 236 1267 1272 1269
4 650 932 651 649
4 407 1200 1197 406
4 472 463 993 994
4 993 463 472 448
4 993 990 472 994
4 472 990 993 448
4 1791 1795 89 1794
4 89 1795 1791 478
4 945 1216 425 424
4 425 27 945 424
4 1188 415 414 413
4 890 891 654 640
4 653 891 654 830
4 653 654 891 640
4 1140 331 1287 330
4 650 932 642 651
4 532 535 1620 880
4 532 1620 535 678
4 467 956 959 466
4 467 959 956 960
4 1821 1209 1823 483
4 1821 1823 1209 1208
4 84 87 1194 483
4 1194 87 1821 483
4 1194 1821 87 1208
4 87 1209 1821 483
4 87 1821 1209 1208
4 648 644 935 647
4 646 644 935 936
4 646 935 644 647
4 1193 83 1194 84
4 1193 1194 83 1208
4 87 1194 83 84
4 87 83 1194 1208
4 1287 1290 1140 1289
4 1287 1733 1140 1290
4 1287 1140 1733 331
4 750 1733 1140 331
4 1692 308 1690 1691
4 1692 1690 308 310
4 934 932 642 650
4 1802 989 962 1804
4 1802 962 989 447
4 1782 1781 1037 221
4 1782 1037 1781 1783
4 211 1037 1781 221
4 1037 1781 1045 211
4 1037 1045 1781 1783
4 1187 421 1188 415
4 1416 1433 132 134
4 1452 552 1456 555
4 285 1394 1411 279
4 285 1411 1394 1412
4 1454 1456 1452 552
4 1454 1452 1456 1455
4 676 836 522 677
4 834 836 522 837
4 834 522 836 677
4 643 642 931 651
4 932 931 642 651
4 932 642 931 1863
4 859 1595 861 857
4 1596 1595 861 1861
4 1596 861 1595 857
4 934 932 1863 642
4 885 932 934 933
4 934 932 885 1863
4 934 883 885 933
4 885 883 934 1863
4 861 621 857 860
4 861 857 621 620
4 858 857 621 860
4 858 621 857 620
4 1144 199 122 359
4 1144 122 199 1131
4 306 1683 1684 1687
4 951 1187 1188 950
4 951 1188 1187 421
4 955 948 1188 950
4 948 951 1188 950
4 948 1188 951 421
4 1344 35 259 264
4 1344 259 35 1328
4 1428 1433 1425 1418
4 1428 1425 1433 132
4 1417 1425 1416 1418
4 1425 1433 1416 1418
4 1425 1416 1433 132
4 411 1210 409 412
4 1207 409 1210 412
4 435 1847 436 434
4 1133 199 196 1131
4 196 199 1133 225
4 1123 1241 1242 1240
4 1242 1117 1123 1240
4 1219 405 426 1217
4 426 405 1219 427
4 426 428 1219 1217
4 1219 428 426 427
4 360 1114 189 361
4 360 189 1114 1113
4 1112 189 1114 361
4 1112 1114 189 1113
4 157 1137 1251 1253
4 157 155 1251 156
4 158 1251 157 1137
4 158 157 1251 156
4 843 837 521 842
4 975 386 1020 384
4 975 1020 386 1019
4 1018 1020 386 384
4 1018 386 1020 1019
4 1216 28 945 425
4 293 1416 134 1433
4 134 1416 293 144
4 1257 1256 1254 160
4 1254 1256 1257 1255
4 1257 1247 1254 1255
4 1200 1202 1197 1201
4 1003 999 400 397
4 130 1394 1391 276
4 1392 1394 1391 1393
4 1392 1391 1394 276
4 912 1848 659 658
4 659 1848 912 915
4 659 657 912 658
4 912 657 659 915
4 570 1515 1461 1506
4 1461 1515 570 567
4 1461 1462 570 1506
4 428 1230 1219 1217
4 428 1219 1230 1231
4 1218 1219 1230 1217
4 1218 1230 1219 1231
4 193 179 1103 178
4 1427 136 1429 778
4 1427 1429 136 1428
4 1430 1429 136 778
4 1430 136 1429 1428
4 1463 554 553 512
4 1488 544 1446 1489
4 1488 1446 544 543
4 551 544 1446 543
4 654 831 891 890
4 654 891 831 830
4 975 456 977 388
4 975 977 456 974
4 457 979 456 458
4 457 456 979 978
4 983 456 979 458
4 983 979 456 978
4 1210 411 1212 490
4 1507 1510 1508 587
4 1508 1510 1507 1509
4 1123 176 1242 1241
4 371 1169 1168 1773
4 371 1168 1169 377
4 896 879 534 897
4 534 536 896 897
4 896 536 534 533
4 896 535 534 879
4 896 534 535 533
4 1545 517 1644 1538
4 1545 524 517 601
4 517 524 1545 1644
4 22 1598 1597 20
4 22 23 1598 21
4 24 23 1598 1595
4 24 1598 23 21
4 1301 1299 1291 1300
4 1299 243 1301 1291
4 1301 243 1299 253
4 801 1720 1722 1721
4 340 346 801 1722
4 801 346 340 347
4 801 1720 340 1722
4 340 1720 801 347
4 1534 1522 594 1523
4 522 521 836 676
4 522 836 521 837
4 842 521 836 837
4 634 866 632 876
4 634 632 866 633
4 718 1466 496 1468
4 496 1466 718 507
4 1468 1466 1464 718
4 1468 1464 1466 1467
4 1549 1551 699 1534
4 1549 699 1551 1552
4 1097 1093 187 185
4 1618 678 1620 531
4 1498 1505 1499 572
4 1498 1499 1505 1500
4 24 616 859 615
4 1595 24 861 1861
4 861 24 1595 859
4 102 786 1778 1779
4 102 1778 786 101
4 1103 1123 1102 1117
4 1242 1123 1124 179
4 1242 1124 1123 1117
4 1123 1124 1102 1117
4 234 1268 1266 1267
4 1266 232 234 1267
4 1000 402 1004 400
4 1000 1004 402 1002
4 1003 1000 1004 400
4 1003 1004 1000 1002
4 999 1000 1003 400
4 999 1003 1000 1002
4 1406 1395 129 1398
4 1406 129 1395 130
4 1407 1395 1391 130
4 1394 1395 1391 1393
4 1394 1391 1395 130
4 1391 1405 1395 1407
4 1395 1405 1391 1393
4 1532 604 1530 602
4 1530 604 1528 602
4 1528 604 1525 602
4 1632 1629 1631 761
4 1632 1631 1629 1630
4 1628 1631 1629 761
4 1628 1629 1631 1630
4 1272 236 1271 1267
4 234 1271 236 1267
4 1045 208 210 211
4 1045 210 208 1153
4 1781 1155 1045 211
4 1155 208 1045 211
4 1155 1045 208 1153
4 625 642 931 643
4 625 931 642 1863
4 1207 410 1210 409
4 1207 1210 410 1204
4 411 1210 410 409
4 411 410 1210 1204
4 1835 61 1222 1833
4 1835 1222 61 431
4 1223 1222 61 1833
4 1223 61 1222 431
4 1210 411 1211 1212
4 1618 1616 1620 678
4 1618 1620 1616 1619
4 535 1620 1616 678
4 1832 1223 1833 1834
4 1832 1833 1223 61
4 1234 433 1847 435
4 1847 1237 1234 1235
4 1847 1234 1237 433
4 1238 1234 1237 1235
4 1238 1237 1234 433
4 851 853 521 676
4 851 521 853 842
4 836 521 853 676
4 836 853 521 842
4 1098 1095 1097 1096
4 1098 1097 1095 187
4 1093 1097 1095 1096
4 1093 1095 1097 187
4 896 1616 880 1619
4 896 880 1616 535
4 1620 880 1616 1619
4 1620 1616 880 535
4 1847 1233 1234 1226
4 1847 1234 1233 1235
4 910 518 521 520
4 521 518 910 843
4 910 837 521 843
4 1824 1216 945 1826
4 1824 945 1216 28
4 946 1825 945 1826
4 946 945 1825 28
4 1825 1824 945 1826
4 1825 945 1824 28
4 159 157 1254 1247
4 1254 157 159 160
4 1254 1257 159 1247
4 159 1257 1254 160
4 179 178 1123 1103
4 179 1123 178 176
4 1122 1123 178 1103
4 1122 178 1123 176
4 1264 1268 234 233
4 234 1268 1264 1266
4 234 232 1264 233
4 1264 232 234 1266
4 195 1124 1123 179
4 195 1123 1124 1102
4 1103 195 1123 179
4 1103 1123 195 1102
4 193 195 1103 179
4 193 1103 195 1102
4 1204 1200 411 407
4 1197 411 1200 407
4 1533 1532 1556 1531
4 1556 1525 1528 604
4 1556 1528 1525 1531
4 1530 1556 1528 604
4 1530 1528 1556 1531
4 1532 1556 1530 604
4 1532 1530 1556 1531
4 1463 1453 552 1454
4 552 1453 1463 553
4 552 554 1463 1454
4 1463 554 552 553
4 1210 1204 1200 411
4 1210 1200 1204 1202
4 1197 1210 1200 411
4 1197 1200 1210 1202
4 1211 1210 1197 411
4 1211 1197 1210 1202
4 1598 1597 1584 22
4 1584 1597 1598 1596
4 1598 1595 1584 1596
4 594 1534 1518 1522
4 597 1518 594 1534
4 597 594 1518 593
4 521 522 910 520
4 910 522 521 837
4 1584 616 859 24
4 1584 859 616 1583
4 603 1532 1556 1533
4 603 1556 1532 604
4 937 644 934 648
4 937 934 644 936
4 935 934 644 648
4 935 644 934 936
4 1733 1140 1735 750
4 1733 1735 1140 1290
4 1736 1735 1140 750
4 1736 1140 1735 1290
4 1783 1155 1045 1781
4 1783 1045 1155 1153
4 421 414 1188 415
4 133 1416 132 134
4 306 1683 304 1684
4 304 1683 306 305
4 948 1188 414 955
4 948 414 1188 421
4 1219 436 428 427
4 1219 1231 436 1226
4 436 1231 1219 428
4 1425 1416 133 1417
4 1425 133 1416 132
4 1847 435 1219 1234
4 1219 435 1847 436
4 1219 1226 1847 1234
4 1847 1226 1219 436
4 1251 157 1252 155
4 1252 157 1251 1253
4 1370 1371 320 321
4 319 1371 320 1318
4 319 320 1371 321
4 1373 1372 1371 1370
4 1371 1372 1373 1318
4 1371 320 1373 1370
4 1373 320 1371 1318
4 28 945 27 946
4 28 27 945 425
4 570 1461 569 1462
4 569 1461 570 567
4 1489 1446 560 544
4 1489 560 1446 1447
4 551 560 1446 544
4 551 1446 560 1447
4 1242 179 176 1123
4 176 179 1242 227
4 23 1598 1584 22
4 23 1584 1598 1595
4 1272 236 234 1271
4 234 236 1272 246
4 234 245 1272 1271
4 1272 245 234 246
CELL_TYPES 4079
10
10
10
10
10
10
10
10
10
10
10
10
10
10
10
10
10
10
10
10
10
10
10
10
10
10
10
10
10
10
10
10
10
10
10
10
10
10
10
10
10
10
10
10
10
10
10
10
10
10
10
10
10
10
10
10
10
10
10
10
10
10
10
10
10
10
10
10
10
10
10
10
10
10
10
10
10
10
10
10
10
10
10
10
10
10
10
10
10
10
10
10
10
10
10
10
10
10
10
10
10
10
10
10
10
10
10
10
10
10
10
10
10
10
10
10
10
10
10
10
10
10
10
10
10
10
10
10
10
10
10
10
10
10
10
10
10
10
10
10
10
10
10
10
10
10
10
10
10
10
10
10
10
10
10
10
10
10
10
10
10
10
10
10
10
10
10
10
10
10
10
10
10
10
10
10
10
10
10
10
10
10
10
10
10
10
10
10
10
10
10
10
10
10
10
10
10
10
10
10
10
10
10
10
10
10
10
10
10
10
10
10
10
10
10
10
10
10
10
10
10
10
10
10
10
10
10
10
10
10
10
10
10
10
10
10
10
10
10
10
10
10
10
10
10
10
10
10
10
10
10
10
10
10
10
10
10
10
10
10
10
10
10
10
10
10
10
10
10
10
10
10
10
10
10
10
10
10
10
10
10
10
10
10
10
10
10
10
10
10
10
10
10
10
10
10
10
10
10
10
10
10
10
10
10
10
10
10
10
10
10
10
10
10
10
10
10
10
10
10
10
10
10
10
10
10
10
10
10
10
10
10
10
10
10
10
10
10
10
10
10
10
10
10
10
10
10
10
10
10
10
10
10
10
10
10
10
10
10
10
10
10
10
10
10
10
10
10
10
10
10
10
10
10
10
10
10
10
10
10
10
10
10
10
10
10
10
10
10
10
10
10
10
10
10
10
10
10
10
10
10
10
10
10
10
10
10
10
10
10
10
10
10
10
10
10
10
10
10
10
10
10
10
10
10
10
10
10
10
10
10
10
10
10
10
10
10
10
10
10
10
10
10
10
10
10
10
10
10
10
10
10
10
10
10
10
10
10
10
10
10
10
10
10
10
10
10
10
10
10
10
10
10
10
10
10
10
10
10
10
10
10
10
10
10
10
10
10
10
10
10
10
10
10
10
10
10
10
10
10
10
10
10
10
10
10
10
10
10
10
10
10
10
10
10
10
10
10
10
10
10
10
10
10
10
10
10
10
10
10
10
10
10
10
10
10
10
10
10
10
10
10
10
10
10
10
10
10
10
10
10
10
10
10
10
10
10
10
10
10
10
10
10
10
10
10
10
10
10
10
10
10
10
10
10
10
10
10
10
10
10
10
10
10
10
10
10
10
10
10
10
10
10
10
10
10
10
10
10
10
10
10
10
10
10
10
10
10
10
10
10
10
10
10
10
10
10
10
10
10
10
10
10
10
10
10
10
10
10
10
10
10
10
10
10
10
10
10
10
10
10
10
10
10
10
10
10
10
10
10
10
10
10
10
10
10
10
10
10
10
10
10
10
10
10
10
10
10
10
10
10
10
10
10
10
10
10
10
10
10
10
10
10
10
10
10
10
10
10
10
10
10
10
10
10
10
10
10
10
10
10
10
10
10
10
10
10
10
10
10
10
10
10
10
10
10
10
10
10
10
10
10
10
10
10
10
10
10
10
10
10
10
10
10
10
10
10
10
10
10
10
10
10
10
10
10
10
10
10
10
10
10
10
10
10
10
10
10
10
10
10
10
10
10
10
10
10
10
10
10
10
10
10
10
10
10
10
10
10
10
10
10
10
10
10
10
10
10
10
10
10
10
10
10
10
10
10
10
10
10
10
10
10
10
10
10
10
10
10
10
10
10
10
10
10
10
10
10
10
10
10
10
10
10
10
10
10
10
10
10
10
10
10
10
10
10
10
10
10
10
10
10
10
10
10
10
10
10
10
10
10
10
10
10
10
10
10
10
10
10
10
10
10
10
10
10
10
10
10
10
10
10
10
10
10
10
10
10
10
10
10
10
10
10
10
10
10
10
10
10
10
10
10
10
10
10
10
10
10
10
10
10
10
10
10
10
10
10
10
10
10
10
10
10
10
10
10
10
10
10
10
10
10
10
10
10
10
10
10
10
10
10
10
10
10
10
10
10
10
10
10
10
10
10
10
10
10
10
10
10
10
10
10
10
10
10
10
10
10
10
10
10
10
10
10
10
10
10
10
10
10
10
10
10
10
10
10
10
10
10
10
10
10
10
10
10
10
10
10
10
10
10
10
10
10
10
10
10
10
10
10
10
10
10
10
10
10
10
10
10
10
10
10
10
10
10
10
10
10
10
10
10
10
10
10
10
10
10
10
10
10
10
10
10
10
10
10
10
10
10
10
10
10
10
10
10
10
10
10
10
10
10
10
10
10
10
10
10
10
10
10
10
10
10
10
10
10
10
10
10
10
10
10
10
10
10
10
10
10
10
10
10
10
10
10
10
10
10
10
10
10
10
10
10
10
10
10
10
10
10
10
10
10
10
10
10
10
10
10
10
10
10
10
10
10
10
10
10
10
10
10
10
10
10
10
10
10
10
10
10
10
10
10
10
10
10
10
10
10
10
10
10
10
10
10
10
10
10
10
10
10
10
10
10
10
10
10
10
10
10
10
10
10
10
10
10
10
10
10
10
10
10
10
10
10
10
10
10
10
10
10
10
10
10
10
10
10
10
10
10
10
10
10
10
10
10
10
10
10
10
10
10
10
10
10
10
10
10
10
10
10
10
10
10
10
10
10
10
10
10
10
10
10
10
10
10
10
10
10
10
10
10
10
10
10
10
10
10
10
10
10
10
10
10
10
10
10
10
10
10
10
10
10
10
10
10
10
10
10
10
10
10
10
10
10
10
10
10
10
10
10
10
10
10
10
10
10
10
10
10
10
10
10
10
10
10
10
10
10
10
10
10
10
10
10
10
10
10
10
10
10
10
10
10
10
10
10
10
10
10
10
10
10
10
10
10
10
10
10
10
10
10
10
10
10
10
10
10
10
10
10
10
10
10
10
10
10
10
10
10
10
10
10
10
10
10
10
10
10
10
10
10
10
10
10
10
10
10
10
10
10
10
10
10
10
10
10
10
10
10
10
10
10
10
10
10
10
10
10
10
10
10
10
10
10
10
10
10
10
10
10
10
10
10
10
10
10
10
10
10
10
10
10
10
10
10
10
10
10
10
10
10
10
10
10
10
10
10
10
10
10
10
10
10
10
10
10
10
10
10
10
10
10
10
10
10
10
10
10
10
10
10
10
10
10
10
10
10
10
10
10
10
10
10
10
10
10
10
10
10
10
10
10
10
10
10
10
10
10
10
10
10
10
10
10
10
10
10
10
10
10
10
10
10
10
10
10
10
10
10
10
10
10
10
10
10
10
10
10
10
10
10
10
10
10
10
10
10
10
10
10
10
10
10
10
10
10
10
10
10
10
10
10
10
10
10
10
10
10
10
10
10
10
10
10
10
10
10
10
10
10
10
10
10
10
10
10
10
10
10
10
10
10
10
10
10
10
10
10
10
10
10
10
10
10
10
10
10
10
10
10
10
10
10
10
10
10
10
10
10
10
10
10
10
10
10
10
10
10
10
10
10
10
10
10
10
10
10
10
10
10
10
10
10
10
10
10
10
10
10
10
10
10
10
10
10
10
10
10
10
10
10
10
10
10
10
10
10
10
10
10
10
10
10
10
10
10
10
10
10
10
10
10
10
10
10
10
10
10
10
10
10
10
10
10
10
10
10
10
10
10
10
10
10
10
10
10
10
10
10
10
10
10
10
10
10
10
10
10
10
10
10
10
10
10
10
10
10
10
10
10
10
10
10
10
10
10
10
10
10
10
10
10
10
10
10
10
10
10
10
10
10
10
10
10
10
10
10
10
10
10
10
10
10
10
10
10
10
10
10
10
10
10
10
10
10
10
10
10
10
10
10
10
10
10
10
10
10
10
10
10
10
10
10
10
10
10
10
10
10
10
10
10
10
10
10
10
10
10
10
10
10
10
10
10
10
10
10
10
10
10
10
10
10
10
10
10
10
10
10
10
10
10
10
10
10
10
10
10
10
10
10
10
10
10
10
10
10
10
10
10
10
10
10
10
10
10
10
10
10
10
10
10
10
10
10
10
10
10
10
10
10
10
10
10
10
10
10
10
10
10
10
10
10
10
10
10
10
10
10
10
10
10
10
10
10
10
10
10
10
10
10
10
10
10
10
10
10
10
10
10
10
10
10
10
10
10
10
10
10
10
10
10
10
10
10
10
10
10
10
10
10
10
10
10
10
10
10
10
10
10
10
10
10
10
10
10
10
10
10
10
10
10
10
10
10
10
10
10
10
10
10
10
10
10
10
10
10
10
10
10
10
10
10
10
10
10
10
10
10
10
10
10
10
10
10
10
10
10
10
10
10
10
10
10
10
10
10
10
10
10
10
10
10
10
10
10
10
10
10
10
10
10
10
10
10
10
10
10
10
10
10
10
10
10
10
10
10
10
10
10
10
10
10
10
10
10
10
10
10
10
10
10
10
10
10
10
10
10
10
10
10
10
10
10
10
10
10
10
10
10
10
10
10
10
10
10
10
10
10
10
10
10
10
10
10
10
10
10
10
10
10
10
10
10
10
10
10
10
10
10
10
10
10
10
10
10
10
10
10
10
10
10
10
10
10
10
10
10
10
10
10
10
10
10
10
10
10
10
10
10
10
10
10
10
10
10
10
10
10
10
10
10
10
10
10
10
10
10
10
10
10
10
10
10
10
10
10
10
10
10
10
10
10
10
10
10
10
10
10
10
10
10
10
10
10
10
10
10
10
10
10
10
10
10
10
10
10
10
10
10
10
10
10
10
10
10
10
10
10
10
10
10
10
10
10
10
10
10
10
10
10
10
10
10
10
10
10
10
10
10
10
10
10
10
10
10
10
10
10
10
10
10
10
10
10
10
10
10
10
10
10
10
10
10
10
10
10
10
10
10
10
10
10
10
10
10
10
10
10
10
10
10
10
10
10
10
10
10
10
10
10
10
10
10
10
10
10
10
10
10
10
10
10
10
10
10
10
10
10
10
10
10
10
10
10
10
10
10
10
10
10
10
10
10
10
10
10
10
10
10
10
10
10
10
10
10
10
10
10
10
10
10
10
10
10
10
10
10
10
10
10
10
10
10
10
10
10
10
10
10
10
10
10
10
10
10
10
10
10
10
10
10
10
10
10
10
10
10
10
10
10
10
10
10
10
10
10
10
10
10
10
10
10
10
10
10
10
10
10
10
10
10
10
10
10
10
10
10
10
10
10
10
10
10
10
10
10
10
10
10
10
10
10
10
10
10
10
10
10
10
10
10
10
10
10
10
10
10
10
10
10
10
10
10
10
10
10
10
10
10
10
10
10
10
10
10
10
10
10
10
10
10
10
10
10
10
10
10
10
10
10
10
10
10
10
10
10
10
10
10
10
10
10
10
10
10
10
10
10
10
10
10
10
10
10
10
10
10
10
10
10
10
10
10
10
10
10
10
10
10
10
10
10
10
10
10
10
10
10
10
10
10
10
10
10
10
10
10
10
10
10
10
10
10
10
10
10
10
10
10
10
10
10
10
10
10
10
10
10
10
10
10
10
10
10
10
10
10
10
10
10
10
10
10
10
10
10
10
10
10
10
10
10
10
10
10
10
10
10
10
10
10
10
10
10
10
10
10
10
10
10
10
10
10
10
10
10
10
10
10
10
10
10
10
10
10
10
10
10
10
10
10
10
10
10
10
10
10
10
10
10
10
10
10
10
10
10
10
10
10
10
10
10
10
10
10
10
10
10
10
10
10
10
10
10
10
10
10
10
10
10
10
10
10
10
10
10
10
10
10
10
10
10
10
10
10
10
10
10
10
10
10
10
10
10
10
10
10
10
10
10
10
10
10
10
10
10
10
10
10
10
10
10
10
10
10
10
10
10
10
10
10
10
10
10
10
10
10
10
10
10
10
10
10
10
10
10
10
10
10
10
10
10
10
10
10
10
10
10
10
10
10
10
10
10
10
10
10
10
10
10
10
10
10
10
10
10
10
10
10
10
10
10
10
10
10
10
10
10
10
10
10
10
10
10
10
10
10
10
10
10
10
10
10
10
10
10
10
10
10
10
10
10
10
10
10
10
10
10
10
10
10
10
10
10
10
10
10
10
10
10
10
10
10
10
10
10
10
10
10
10
10
10
10
10
10
10
10
10
10
10
10
10
10
10
10
10
10
10
10
10
10
10
10
10
10
10
10
10
10
10
10
10
10
10
10
10
10
10
10
10
10
10
10
10
10
10
10
10
10
10
10
10
10
10
10
10
10
10
10
10
10
10
10
10
10
10
10
10
10
10
10
10
10
10
10
10
10
10
10
10
10
10
10
10
10
10
10
10
10
10
10
10
10
10
10
10
10
10
10
10
10
10
10
10
10
10
10
10
10
10
10
10
10
10
10
10
10
10
10
10
10
10
10
10
10
10
10
10
10
10
10
10
10
10
10
10
10
10
10
10
10
10
10
10
10
10
10
10
10
10
10
10
10
10
10
10
10
10
10
10
10
10
10
10
10
10
10
10
10
10
10
10
10
10
10
10
10
10
10
10
10
10
10
10
10
10
10
10
10
10
10
10
10
10
10
10
10
10
10
10
10
10
10
10
10
10
10
10
10
10
10
10
10
10
10
10
10
10
10
10
10
10
10
10
10
10
10
10
10
10
10
10
10
10
10
10
10
10
10
10
10
10
10
10
10
10
10
10
10
10
10
10
10
10
10
10
10
10
10
10
10
10
10
10
10
10
10
10
10
10
10
10
10
10
10
10
10
10
10
10
10
10
10
10
10
10
10
10
10
10
10
10
10
10
10
10
10
10
10
10
10
10
10
10
10
10
10
10
10
10
10
10
10
10
10
10
10
10
10
10
10
10
10
10
10
10
10
10
10
10
10
10
10
10
10
10
10
10
10
10
10
10
10
10
10
10
10
10
10
10
10
10
10
10
10
10
10
10
10
10
10
10
10
10
10
10
10
10
10
10
10
10
10
10
10
10
10
10
10
10
10
10
10
10
10
10
10
10
10
10
10
10
10
10
10
10
10
10
10
10
10
10
10
10
10
10
10
10
10
10
10
10
10
10
10
10
10
10
10
10
10
10
10
10
10
10
10
10
10
10
10
10
10
10
10
10
10
10
10
10
10
10
10
10
10
10
10
10
10
10
10
10
10
10
10
10
10
10
10
10
10
10
10
10
10
10
10
10
10
10
10
10
10
10
10
10
10
10
10
10
10
10
10
10
10
10
10
10
10
10
10
10
10
10
10
10
10
10
10
10
10
10
10
10
10
10
10
10
10
10
10
10
10
10
10
10
10
10
10
10
10
10
10
10
10
10
10
10
10
10
10
10
10
10
10
10
10
10
10
10
10
10
10
10
10
10
10
10
10
10
10
10
10
10
10
10
10
10
10
10
10
10
10
10
10
10
10
10
10
10
10
10
10
10
10
10
10
10
10
10
10
10
10
10
10
10
10
10
10
10
10
10
10
10
10
10
10
10
10
10
10
10
10
10
10
10
10
10
10
10
10
10
10
10
10
10
10
10
10
10
10
10
10
10
10
10
10
10
10
10
10
10
10
10
10
10
10
10
10
10
10
10
10
10
10
10
10
10
10
10
10
10
10
10
10
10
10
10
10
10
10
10
10
10
10
10
10
10
10
10
10
10
10
10
10
10
10
10
10
10
10
10
10
10
10
10
10
10
10
10
10
10
10
10
10
10
10
10
10
10
10
10
10
10
10
10
10
10
10
10
10
10
10
10
10
10
10
10
10
10
10
10
10
10
10
10
10
10
10
10
10
10
10
10
10
10
10
10
10
10
10
10
10
10
10
10
10
10
10
10
10
10
10
10
10
10
10
10
10
10
10
10
10
10
10
10
10
10
10
10
10
10
10
10
10
10
10
10
10
10
10
10
10
10
10
10
10
10
10
10
10
10
10
10
10
10
10
10
10
10
10
10
10
10
10
10
10
10
10
10
10
10
10
10
10
10
10
10
10
10
10
10
10
10
10
10
10
10
10
10
10
10
10
10
10
10
10
10
10
10
10
10
10
10
10
10
10
10
10
10
10
10
10
10
10
10
10
10
10
10
10
10
10
10
10
10
10
10
10
10
10
10
10
10
10
10
10
10
10
10
10
10
10
10
10
10
10
10
10
10
10
10
10
10
10
10
10
10
10
10
10
10
10
10
10
10
10
10
10
10
10
10
10
10
10
10
10
10
10
10
10
10
10
10
10
10
10
10
10
10
10
10
10
10
10
10
10
10
10
10
10
10
10
10
10
10
10
10
10
10
10
10
10
10
10
10
10
10
10
10
10
10
10
10
10
10
10
10
10
10
10
10
10
10
10
10
10
10
10
10
10
10
10
10
10
10
10
10
10
10
10
10
10
10
10
10
10
10
10
10
10
10
10
10
10
10
10
10
10
10
10
10
10
10
10
10
10
10
10
10
10
10
10
10
10
10
10
10
10
10
10
10
10
10
10
10
10
10
10
10
10
10
10
10
10
10
10
10
10
10
10
10
10
10
10
10
10
10
10
10
10
10
10
10
10
10
10
10
10
10
10
10
10
10
10
10
10
10
10
10
10
10
10
10
10
10
10
10
10
10
10
10
10
10
10
10
10
10
10
10
10
10
10
10
10
10
10
10
10
10
10
10
10
10
10
10
10
10
10
10
10
10
10
10
10
10
10
10
10
10
10
10
10
10
10
10
10
10
10
10
10
10
10
10
10
10
10
10
10
10
10
10
10
10
10
10
10
10
10
10
10
10
10
10
10
10
10
10
10
10
10
10
10
10
10
10
10
10
10
10
10
10
10
10
10
10
10
10
10
10
10
10
10
10
10
10
10
10
10
10
10
10
10
10
10
10
10
10
10
10
10
10
10
10
10
10
10
10
10
10
10
10
10
10
10
10
10
10
10
10
10
10
10
10
10
10
10
10
10
10
10
10
10
10
10
10
10
10
10
10
10
10
10
10
10
10
10
10
10
10
10
10
10
10
10
10
10
10
10
10
10
10
10
10
10
10
10
10
10
10
10
10
10
10
10
10
10
10
10
10
10
10
10
10
10
10
10
10
10
10
10
10
10
10
10
10
10
10
10
10
10
10
10
10
10
10
10
10
10
10
10
10
10
10
10
10
10
10
10
10
10
10
10
10
10
10
10
