theta,RMS_diff,cable1_idx,cable2_idx,cable3_idx,F1,F2,F3
0.0,26.487291,0,1,2,490.812,554.822,513.642
60.0,21.794203,3,4,5,506.005,550.921,503.476
120.0,26.523702,6,7,8,513.615,490.785,554.877
180.0,21.833858,9,10,11,503.446,505.980,550.978
240.0,26.494511,12,13,14,554.850,513.587,490.839
300.0,21.816534,15,16,17,550.950,503.418,506.032
360.0,26.487290,18,19,20,490.812,554.822,513.642
